,Player,Playing Time - MP,Playing Time - Min,Playing Time - Mn/MP,Playing Time - Min%,Playing Time - 90s,Starts - Starts,Starts - Mn/Start,Starts - Compl,Subs - Subs,Subs - Mn/Sub,Subs - unSub,Team Success - PPM,Team Success - onG,Team Success - onGA,Team Success - +/-,Team Success - +/-90,Team Success - On-Off,Team Success (xG) - onxG,Team Success (xG) - onxGA,Team Success (xG) - xG+/-,Team Success (xG) - xG+/-90,Team Success (xG) - On-Off
5,Aymen Abdennour,8,499,62,14.6,5.5,6,82,4,2,3,18,2.38,10,4,+6,+1.08,+0.25,12.0,4.2,+7.8,+1.41,+0.53
8,Mehdi Abeid,19,1176,62,34.4,13.1,14,77,9,5,20,1,1.58,17,25,-8,-0.61,-0.21,13.3,20.4,-7.1,-0.54,+0.06
18,Aday,31,1835,59,53.7,20.4,20,82,13,11,18,4,1.16,29,31,-2,-0.10,+0.30,29.4,27.6,+1.8,+0.09,+0.18
19,Khaled Adenon,34,2921,86,85.4,32.5,32,90,32,2,21,2,1.26,32,37,-5,-0.15,-0.15,26.4,49.2,-22.8,-0.70,-0.83
27,Aritz Aduriz,33,2152,65,62.9,23.9,21,86,15,12,30,2,1.12,26,24,+2,+0.08,+0.79,29.8,27.4,+2.4,+0.10,+0.31
30,Martin Agirregabiria,21,1828,87,53.5,20.3,20,89,19,1,45,4,1.81,28,19,+9,+0.44,+1.52,24.2,24.0,+0.2,+0.01,+1.00
31,Imanol Agirretxe,11,232,21,6.8,2.6,2,68,1,9,11,5,1.45,5,2,+3,+1.16,+1.05,4.7,2.0,+2.7,+1.04,+1.03
34,Ruben Aguilar,31,2459,79,71.9,27.3,27,88,25,4,22,3,1.45,30,20,+10,+0.37,+1.02,32.2,25.4,+6.8,+0.25,+0.55
35,Matias Aguirregaray,15,1153,77,33.7,12.8,14,81,10,1,17,2,0.53,7,17,-10,-0.78,+0.81,10.9,23.1,-12.2,-0.95,-0.16
39,Youssef Ait Bennasser,27,2047,76,59.9,22.7,25,80,16,2,30,0,1.22,17,28,-11,-0.48,+0.43,23.7,26.9,-3.2,-0.14,-0.01
50,Jordi Alba,33,2744,83,80.2,30.5,30,89,27,3,24,3,2.48,81,21,+60,+1.97,+0.64,70.9,31.7,+39.2,+1.29,+0.97
52,Raul Albentosa,20,1748,87,51.1,19.4,19,90,18,1,45,8,0.70,19,34,-15,-0.77,+0.47,27.7,27.6,+0.1,+0.01,+0.40
57,Paco Alcacer,17,695,41,20.3,7.7,8,67,1,9,18,11,2.12,19,3,+16,+2.07,+0.29,20.0,8.1,+11.9,+1.54,+0.56
60,David Alcibiade,3,208,69,6.1,2.3,2,90,2,1,28,6,2.33,3,2,+1,+0.43,+0.60,3.2,1.8,+1.5,+0.63,+0.57
63,Alex Alegria,9,628,70,18.4,7.0,8,74,3,1,38,1,1.22,9,12,-3,-0.43,-0.08,7.7,10.5,-2.8,-0.40,+0.12
64,Ivan Alejo,22,1102,50,32.2,12.2,14,69,1,8,16,6,1.50,16,11,+5,+0.41,+0.84,13.1,13.6,-0.5,-0.04,+0.07
70,Alexis,28,2184,78,63.9,24.3,25,85,23,3,18,7,1.32,26,33,-7,-0.29,-0.07,26.4,37.2,-10.8,-0.45,+0.04
76,Junior Alonso,34,2781,82,81.3,30.9,30,88,28,4,39,3,0.91,31,53,-22,-0.71,-0.15,26.1,48.4,-22.3,-0.72,-0.84
81,Sergio Alvarez,17,1476,87,43.2,16.4,16,90,16,1,36,21,1.06,22,29,-7,-0.43,-0.70,24.0,24.2,-0.3,-0.02,-0.01
82,Yeray Alvarez,8,675,84,19.7,7.5,7,90,7,1,45,6,0.88,7,10,-3,-0.40,-0.24,6.7,8.5,-1.9,-0.25,-0.29
83,Dani Alves,25,2063,83,60.3,22.9,23,87,21,2,27,7,2.60,65,17,+48,+2.09,+0.04,52.2,20.2,+32.1,+1.40,+0.09
86,Morgan Amalfitano,14,746,53,21.8,8.3,10,68,2,4,18,3,0.71,8,16,-8,-0.97,-1.44,8.3,17.2,-8.8,-1.07,-1.38
87,Romain Amalfitano,33,2703,82,79.0,30.0,31,87,26,2,9,0,1.33,47,55,-8,-0.27,+0.99,32.2,49.1,-16.9,-0.56,+0.10
89,Jordi Amat,25,2045,82,59.8,22.7,24,84,16,1,28,9,1.60,33,31,+2,+0.09,+0.28,25.4,27.2,-1.8,-0.08,0.00
90,Amath,37,2859,77,83.6,31.8,36,79,10,1,22,0,1.49,34,24,+10,+0.31,+0.48,37.6,32.1,+5.5,+0.17,-0.30
91,Jordan Amavi,27,2193,81,64.1,24.4,24,87,22,3,35,2,1.89,49,31,+18,+0.74,-0.36,46.9,25.5,+21.4,+0.88,-0.22
93,Kelvin Amian,36,3154,88,92.2,35.0,35,89,33,1,24,0,1.03,34,47,-13,-0.37,+0.64,40.5,46.8,-6.3,-0.18,-0.07
98,Nordin Amrabat,30,1623,54,47.5,18.0,17,77,6,13,24,0,1.03,18,26,-8,-0.44,+0.01,20.4,23.1,-2.7,-0.15,+0.10
104,Florin Andone,29,1636,56,47.8,18.2,16,86,10,13,20,5,0.66,17,30,-13,-0.72,+0.55,24.0,23.0,+1.0,+0.06,+0.47
109,Miguel Angel Guerrero,22,1442,66,42.2,16.0,15,87,12,7,20,2,1.05,17,24,-7,-0.44,+0.02,16.4,23.1,-6.7,-0.42,-0.38
110,Jose Angel,30,2426,81,70.9,27.0,28,85,21,2,30,5,1.37,31,35,-4,-0.15,+0.03,29.6,32.5,-2.9,-0.11,-0.05
123,Vitorino Antunes,34,2799,82,81.8,31.1,31,90,31,3,3,2,1.41,34,31,+3,+0.10,-0.77,41.8,34.4,+7.4,+0.24,+0.07
125,Houssem Aouar,32,2433,76,71.1,27.0,27,86,18,5,22,4,2.00,62,30,+32,+1.18,+0.09,48.4,31.2,+17.2,+0.63,+0.08
126,Alberto Aquilani,21,1297,62,37.9,14.4,15,80,8,6,17,11,0.57,11,26,-15,-1.04,+0.44,15.4,29.2,-13.8,-0.96,-0.19
127,Mauro Arambarri,27,2124,79,62.1,23.6,26,82,14,1,2,0,1.30,26,25,+1,+0.04,-0.51,27.7,23.1,+4.6,+0.19,-0.08
130,Guilherme Arana,3,193,64,5.6,2.1,2,90,2,1,13,5,1.00,2,4,-2,-0.93,-0.74,2.9,2.3,+0.6,+0.29,+0.17
132,Luiz Araujo,34,2018,59,59.0,22.4,24,72,10,10,29,3,0.82,25,41,-16,-0.71,-0.07,23.4,33.3,-10.0,-0.44,+0.30
134,Anaitz Arbilla,29,2414,83,70.6,26.8,26,90,26,3,25,1,1.41,35,37,-2,-0.07,+0.28,30.8,30.3,+0.4,+0.02,+0.37
140,Yoel Armougom,4,139,35,4.1,1.5,1,90,1,3,16,11,1.00,0,3,-3,-1.94,-1.34,1.6,3.2,-1.6,-1.03,-0.93
148,Aythami Artiles,3,184,61,5.4,2.0,2,90,2,1,4,4,1.00,3,3,0,0.00,+1.39,2.5,3.4,-0.8,-0.41,+0.45
153,Marco Asensio,32,1844,58,53.9,20.5,19,83,12,13,21,3,1.94,51,24,+27,+1.32,0.00,47.9,22.0,+25.9,+1.26,+0.33
154,Iago Aspas,34,2936,86,85.8,32.6,33,89,30,1,10,0,1.38,56,46,+10,+0.31,+2.35,50.2,46.1,+4.1,+0.13,+0.95
168,Danilo Avelar,21,1727,82,50.5,19.2,20,86,18,1,11,4,1.24,23,21,+2,+0.10,+0.48,18.0,26.0,-7.9,-0.41,+0.34
170,Durel Avounou,9,651,72,19.0,7.2,8,75,3,1,55,17,1.44,6,5,+1,+0.14,+0.98,9.4,7.4,+2.0,+0.28,+0.51
171,Chidozie Awaziem,22,1512,69,44.2,16.8,16,86,14,6,24,7,1.50,14,18,-4,-0.24,-0.19,17.4,18.2,-0.9,-0.05,-0.27
175,Karim Azamoum,30,2251,75,65.8,25.0,26,81,17,4,33,5,0.83,19,33,-14,-0.56,+0.44,23.1,31.3,-8.1,-0.33,+0.12
178,Ludovic Baal,17,1159,68,33.9,12.9,14,79,9,3,16,5,1.29,12,12,0,0.00,-0.24,14.4,16.5,-2.1,-0.16,-0.27
182,Carlos Bacca,35,2497,71,73.0,27.7,30,78,11,5,29,0,1.63,43,35,+8,+0.29,+0.39,38.7,36.8,+1.9,+0.07,+0.27
188,Fares Bahlouli,11,307,28,9.0,3.4,2,51,0,9,23,10,0.82,3,2,+1,+0.29,+1.07,3.9,4.7,-0.8,-0.24,+0.36
189,Stephane Bahoken,26,1662,64,48.6,18.5,19,81,8,7,18,5,1.00,21,28,-7,-0.38,+0.44,22.4,27.6,-5.2,-0.28,+0.11
199,Zakaria Bakkali,23,909,40,26.6,10.1,10,69,1,13,17,6,0.61,11,20,-9,-0.89,+0.15,10.2,17.4,-7.1,-0.70,-0.70
201,Keita Balde,23,1473,64,43.1,16.4,19,73,3,4,22,2,2.09,36,20,+16,+0.98,-0.13,22.1,22.5,-0.5,-0.03,-0.69
203,Gareth Bale,26,1799,69,52.6,20.0,20,82,10,6,26,1,1.92,50,22,+28,+1.40,+0.18,46.4,23.5,+23.0,+1.15,+0.08
206,Ivan Balliu,25,1951,78,57.0,21.7,22,86,19,3,18,5,0.68,19,47,-28,-1.29,-0.43,22.5,42.4,-20.0,-0.92,-0.25
208,Fode Ballo-Toure,27,2055,76,60.1,22.8,25,80,18,2,29,7,1.07,19,37,-18,-0.79,-0.26,17.7,34.4,-16.6,-0.73,-0.40
209,Florent Balmont,21,860,41,25.1,9.6,9,70,1,12,19,8,1.24,15,22,-7,-0.73,-0.35,11.4,15.5,-4.2,-0.44,+0.20
211,Mario Balotelli,28,2269,81,66.3,25.2,26,85,14,2,24,0,1.68,39,37,+2,+0.08,+0.16,35.1,34.7,+0.4,+0.01,+0.06
212,Abdoulaye Bamba,18,1533,85,44.8,17.0,17,90,16,1,9,9,0.78,15,25,-10,-0.59,-0.59,21.3,22.0,-0.7,-0.04,-0.16
213,Jonathan Bamba,34,2572,76,75.2,28.6,27,87,22,7,33,2,1.53,39,34,+5,+0.17,+1.02,42.9,35.8,+7.1,+0.25,+1.34
214,Yacine Bammou,16,725,45,21.2,8.1,10,62,1,6,18,7,1.13,5,8,-3,-0.37,-0.31,9.6,7.7,+1.9,+0.24,+0.18
216,Ever Banega,31,2399,77,70.1,26.7,25,89,22,6,28,1,1.29,31,48,-17,-0.64,-1.34,37.2,38.5,-1.4,-0.05,-0.63
219,Leo Baptistao,36,2677,74,78.3,29.7,31,80,17,5,37,1,1.25,31,34,-3,-0.10,+0.26,33.8,38.4,-4.6,-0.15,+0.64
227,Mariano Barbosa,13,1125,87,32.9,12.5,12,90,12,1,45,18,1.62,22,14,+8,+0.64,+0.68,19.0,15.0,+4.0,+0.32,+0.48
228,Enis Bardhi,26,1580,61,46.2,17.6,16,82,8,10,26,8,1.35,28,27,+1,+0.06,+0.79,23.1,24.7,-1.6,-0.09,+0.75
238,Antonio Barragan,29,2373,82,69.4,26.4,28,84,23,1,14,4,1.59,38,43,-5,-0.19,-0.53,31.5,35.5,-4.1,-0.15,-0.24
241,Barri,2,113,57,3.3,1.3,1,90,1,1,23,2,3.00,1,0,+1,+0.80,+0.58,1.5,1.8,-0.3,-0.26,-0.50
250,Nicolas Basin,5,313,63,9.2,3.5,3,89,2,2,24,6,0.60,1,11,-10,-2.88,-1.95,3.4,6.1,-2.7,-0.78,+0.04
255,Borja Baston,20,985,49,28.8,10.9,8,85,5,12,25,5,0.50,7,18,-11,-1.01,-0.04,13.2,19.9,-6.7,-0.61,-0.08
266,Jon Bautista,11,181,16,5.3,2.0,1,45,0,10,14,12,0.73,6,5,+1,+0.50,+0.33,3.3,3.9,-0.6,-0.30,-0.41
267,Paul Baysse,15,1239,83,36.2,13.8,13,89,12,2,38,3,0.73,11,21,-10,-0.73,+0.39,14.0,22.8,-8.8,-0.64,-0.13
268,Paul Baysse,8,566,71,16.5,6.3,6,89,5,2,16,5,1.38,3,5,-2,-0.32,-0.54,7.9,7.2,+0.7,+0.12,-0.10
270,Herve Bazile,19,876,46,25.6,9.7,10,67,1,9,23,3,1.00,7,12,-5,-0.51,+0.19,11.1,13.8,-2.7,-0.28,-0.19
273,Claudio Beauvue,28,1672,60,48.9,18.6,17,85,9,11,21,4,0.93,13,25,-12,-0.65,-0.39,18.1,22.1,-4.0,-0.22,-0.03
275,Bebe,9,365,41,10.7,4.1,3,74,1,6,24,10,1.00,6,6,0,0.00,+0.18,5.2,3.7,+1.6,+0.39,+0.54
293,Francois Bellugou,30,2177,73,63.7,24.2,27,77,16,3,32,5,0.90,19,41,-22,-0.91,-0.55,22.7,36.0,-13.3,-0.55,-0.50
295,Chaouki Ben Saada,16,342,21,10.0,3.8,2,68,0,14,15,9,0.94,6,8,-2,-0.53,+0.20,5.5,7.9,-2.4,-0.63,-0.29
296,Wissam Ben Yedder,25,1700,68,49.7,18.9,18,85,13,7,24,12,1.36,24,27,-3,-0.16,+0.16,30.2,22.9,+7.3,+0.38,+0.49
297,Diego Benaglio,3,225,75,6.6,2.5,2,90,2,1,45,20,3.00,9,0,+9,+3.60,+2.73,5.9,2.5,+3.4,+1.38,+1.09
306,Nicolas Benezet,29,1648,57,48.2,18.3,18,75,4,11,27,6,1.34,28,26,+2,+0.11,+0.77,22.9,24.4,-1.5,-0.08,+0.02
310,Ramy Bensebaini,29,2342,81,68.5,26.0,26,86,22,3,35,2,1.41,33,33,0,0.00,-0.50,35.0,35.8,-0.8,-0.03,-0.13
315,Karim Benzema,32,2150,67,62.9,23.9,25,80,12,7,22,0,2.06,62,29,+33,+1.38,+0.18,54.0,29.3,+24.7,+1.03,-0.21
316,Yassine Benzia,31,2288,74,66.9,25.4,30,75,7,1,35,3,1.06,27,44,-17,-0.67,+0.05,26.5,35.7,-9.2,-0.36,+0.61
319,Yuri Berchiche,22,1716,78,50.2,19.1,19,88,18,3,17,13,2.55,60,15,+45,+2.36,+0.56,47.0,16.8,+30.1,+1.58,+0.44
325,Robert Beric,15,1042,69,30.5,11.6,12,77,6,3,39,8,2.00,18,9,+9,+0.78,+1.23,16.5,14.0,+2.5,+0.21,+0.43
326,Kevin Berigaud,5,271,54,7.9,3.0,4,68,0,1,1,4,1.00,2,3,-1,-0.33,-0.45,3.0,3.0,0.0,+0.01,-0.09
341,Vincent Bessat,24,1570,65,45.9,17.4,18,79,13,6,24,1,1.04,15,27,-12,-0.69,-0.06,17.4,20.0,-2.6,-0.15,-0.03
348,Pedro Bigas,12,894,75,26.1,9.9,11,81,8,1,2,2,0.50,9,26,-17,-1.71,-0.54,12.3,16.4,-4.1,-0.41,+0.58
359,Yves Bissouma,24,1561,65,45.6,17.3,15,84,12,9,33,6,0.96,15,36,-21,-1.21,-0.97,18.8,29.6,-10.8,-0.62,-0.10
364,Ludovic Blas,31,1793,58,52.4,19.9,17,86,13,14,24,3,1.26,26,32,-6,-0.30,-0.02,23.4,28.3,-4.9,-0.25,-0.32
366,Jeremy Blayac,25,917,37,26.8,10.2,7,78,1,18,21,12,0.84,12,14,-2,-0.20,+0.56,15.4,12.7,+2.6,+0.26,+0.82
367,Alexis Blin,26,1886,73,55.1,21.0,20,86,16,6,29,9,0.85,20,34,-14,-0.67,-0.55,23.2,31.7,-8.4,-0.40,-0.51
370,Emmanuel Boateng,25,1276,51,37.3,14.2,10,80,5,15,31,3,1.28,24,21,+3,+0.21,+0.93,22.9,21.5,+1.3,+0.09,+0.94
376,Yann Bodiger,7,227,32,6.6,2.5,2,73,1,5,16,8,0.57,3,4,-1,-0.40,+0.03,4.5,2.9,+1.5,+0.60,+0.83
377,Mathieu Bodmer,13,396,30,11.6,4.4,3,81,2,10,15,0,0.69,3,8,-5,-1.14,-1.14,3.5,10.0,-6.5,-1.48,-1.02
379,Quentin Boisgard,6,179,30,5.2,2.0,1,76,0,5,21,9,0.67,2,2,0,0.00,+0.44,2.9,1.0,+1.9,+0.97,+1.20
386,Daniele Bonera,15,1190,79,34.8,13.2,14,83,12,1,35,12,1.73,21,14,+7,+0.53,+0.53,17.7,15.2,+2.6,+0.19,+0.30
391,Landry Bonnefoi,4,272,68,8.0,3.0,3,90,3,1,2,5,1.50,5,6,-1,-0.33,+0.30,6.1,4.6,+1.5,+0.48,+0.89
395,Celso Borges,32,2300,72,67.3,25.6,26,80,16,6,38,2,0.88,26,43,-17,-0.67,+1.02,34.6,38.2,-3.6,-0.14,+0.14
402,Gabriel Boschilia,5,82,16,2.4,0.9,1,56,0,4,7,12,1.60,0,1,-1,-1.10,-2.20,0.6,1.2,-0.6,-0.69,-1.08
404,Ryad Boudebouz,27,1360,50,39.8,15.1,15,72,3,12,23,3,1.63,27,22,+5,+0.33,+0.59,19.3,18.8,+0.4,+0.03,+0.18
407,Arnold Bouka Moutou,6,336,56,9.8,3.7,3,89,2,3,23,9,1.17,4,11,-7,-1.87,-1.55,4.1,7.4,-3.4,-0.90,-0.35
410,Emmanuel Bourgaud,17,542,32,15.8,6.0,4,70,0,13,20,15,1.00,4,10,-6,-1.00,-1.03,6.7,9.9,-3.2,-0.53,+0.06
411,Benjamin Bourigeaud,37,3102,84,90.7,34.5,35,87,30,2,29,0,1.57,46,41,+5,+0.15,-0.14,45.9,45.8,+0.1,0.00,-0.10
412,Eneko Boveda,8,667,83,19.5,7.4,7,86,5,1,67,0,0.38,2,15,-13,-1.75,-0.94,6.9,9.7,-2.7,-0.37,-0.22
416,Lucas Boye,13,276,21,8.1,3.1,2,54,0,11,15,2,1.08,0,8,-8,-2.61,-2.81,3.5,4.6,-1.2,-0.39,-0.41
418,Martin Braithwaite,14,914,65,26.7,10.2,11,77,7,3,22,0,1.64,20,11,+9,+0.89,+1.03,16.5,13.1,+3.4,+0.33,+0.19
420,Brandon,11,357,32,10.4,4.0,3,68,1,8,19,8,1.82,7,5,+2,+0.50,+0.39,5.4,4.9,+0.5,+0.12,+0.12
422,Darko Brasanac,23,1203,52,35.2,13.4,13,72,5,10,27,3,1.00,15,18,-3,-0.22,+0.34,12.9,18.2,-5.4,-0.40,-0.31
426,Jimmy Briand,37,3209,87,93.8,35.7,36,88,32,1,45,0,1.24,45,51,-6,-0.17,+1.96,42.8,44.6,-1.8,-0.05,+0.67
448,Alberto Bueno,11,226,21,6.6,2.5,1,59,0,10,17,9,0.27,1,4,-3,-1.19,-0.24,3.7,4.1,-0.5,-0.19,+0.39
455,Burgui,23,1034,45,30.2,11.5,12,65,1,11,24,4,0.83,15,12,+3,+0.26,+0.75,15.0,16.5,-1.4,-0.13,+0.48
459,Patrick Burner,13,897,69,26.2,10.0,10,88,9,3,5,18,1.69,11,11,0,0.00,-0.04,10.4,12.9,-2.5,-0.25,-0.33
462,Sergio Busquets,31,2593,84,75.8,28.8,30,86,22,1,24,2,2.45,72,23,+49,+1.70,-0.58,60.2,31.2,+29.1,+1.01,-0.35
464,Unai Bustinza,20,1637,82,47.9,18.2,18,90,17,2,11,10,1.15,18,30,-12,-0.66,-0.41,20.0,21.6,-1.6,-0.09,+0.22
472,Erick Cabaco,14,1040,74,30.4,11.6,12,86,10,2,7,6,1.43,11,17,-6,-0.52,-0.22,11.8,19.0,-7.2,-0.62,-0.18
476,Remy Cabella,26,2259,87,66.1,25.1,25,89,22,1,22,0,1.54,31,28,+3,+0.12,+0.58,34.3,38.4,-4.1,-0.16,-0.23
477,Gustavo Cabral,26,1891,73,55.3,21.0,20,87,15,6,27,11,1.27,32,30,+2,+0.10,+0.27,28.8,36.0,-7.1,-0.34,-0.74
481,Leandro Cabrera,9,720,80,21.1,8.0,8,90,7,1,3,5,1.78,9,6,+3,+0.37,+0.17,8.4,5.9,+2.5,+0.31,+0.11
486,Cafu,10,680,68,19.9,7.6,8,79,5,2,26,3,0.40,2,12,-10,-1.32,-0.27,7.6,14.5,-6.9,-0.91,-0.12
487,Jonathan Cafu,19,633,33,18.5,7.0,5,69,1,14,21,1,1.16,14,10,+4,+0.57,+0.54,11.4,8.6,+2.8,+0.40,+0.24
489,Yannick Cahuzac,20,1518,76,44.4,16.9,18,80,13,2,40,12,1.20,14,21,-7,-0.42,+0.01,19.2,22.6,-3.4,-0.20,-0.05
506,Jonathan Calleri,37,3109,84,90.9,34.5,34,89,29,3,33,0,0.59,21,67,-46,-1.33,-0.17,35.4,63.3,-27.9,-0.81,+0.39
512,Abdoul Camara,14,888,63,26.0,9.9,12,73,3,2,8,2,1.07,6,19,-13,-1.32,-1.39,8.7,11.5,-2.8,-0.28,-0.25
514,Souleymane Camara,24,934,39,27.3,10.4,8,77,2,16,20,11,1.08,11,9,+2,+0.19,+0.16,10.7,10.9,-0.3,-0.03,-0.17
515,Victor Camarasa,24,1252,52,36.6,13.9,14,70,2,10,27,9,1.38,17,27,-10,-0.72,-1.09,16.3,19.8,-3.5,-0.25,-0.27
517,Jose Campana,35,2734,78,79.9,30.4,33,82,22,2,13,1,1.29,36,46,-10,-0.33,+0.20,33.4,50.7,-17.2,-0.56,-0.35
518,Joel Campbell,8,214,27,6.3,2.4,2,76,1,6,11,6,1.63,8,5,+3,+1.26,+1.37,4.3,2.5,+1.9,+0.79,+0.93
523,Sergio Canales,36,1928,54,56.4,21.4,20,78,10,16,22,1,1.33,36,32,+4,+0.19,+0.01,29.5,29.2,+0.3,+0.01,-0.15
530,Ander Capa,33,2249,68,65.8,25.0,25,85,20,8,15,3,1.36,28,36,-8,-0.32,-0.47,27.1,29.6,-2.5,-0.10,-0.02
531,Pierrick Capelle,28,1884,67,55.1,20.9,23,77,7,5,24,0,1.18,24,27,-3,-0.14,+0.27,27.7,22.6,+5.0,+0.24,+0.43
540,Diego Carlos,28,2291,82,67.0,25.5,27,85,23,1,7,0,1.21,23,31,-8,-0.31,-0.55,27.9,26.5,+1.5,+0.06,-0.12
543,Yannick Carrasco,17,901,53,26.3,10.0,8,75,3,9,33,4,2.29,21,5,+16,+1.60,+0.88,14.9,9.4,+5.5,+0.55,+0.23
546,Daniel Carrico,6,460,77,13.5,5.1,5,90,5,1,10,4,1.67,5,8,-3,-0.59,-0.40,8.7,8.3,+0.4,+0.08,-0.06
549,Guido Carrillo,15,424,28,12.4,4.7,2,75,1,13,21,3,2.27,14,6,+8,+1.70,+0.74,9.7,5.1,+4.5,+0.96,+0.68
553,Federico Cartabia,20,1324,66,38.7,14.7,16,79,3,4,17,1,0.65,17,24,-7,-0.48,+0.86,19.9,19.8,+0.1,+0.01,+0.32
564,Dani Castellano,24,2025,84,59.2,22.5,23,88,20,1,5,5,0.79,19,40,-21,-0.93,+0.94,27.0,38.0,-11.0,-0.49,+0.87
565,Javi Castellano,23,1566,68,45.8,17.4,17,85,12,6,21,9,0.65,10,34,-24,-1.38,-0.12,18.7,33.4,-14.6,-0.84,+0.01
566,Samu Castillejo,30,2074,69,60.6,23.0,25,78,10,5,22,1,1.87,43,27,+16,+0.69,+1.30,36.4,31.8,+4.7,+0.20,+0.52
574,Ruben Castro,10,359,36,10.5,4.0,3,72,1,7,21,7,1.30,8,8,0,0.00,+0.03,7.2,5.0,+2.1,+0.53,+0.68
579,Edinson Cavani,32,2581,81,75.5,28.7,30,85,20,2,20,0,2.50,93,21,+72,+2.51,+1.76,66.4,24.0,+42.5,+1.48,+0.49
581,Dani Ceballos,12,401,33,11.7,4.5,4,75,1,8,13,11,2.50,7,6,+1,+0.22,-1.24,8.3,6.2,+2.2,+0.48,-0.71
593,Fouad Chafik,23,1613,70,47.2,17.9,19,82,8,4,15,9,1.30,29,38,-9,-0.50,-0.05,21.3,29.3,-8.1,-0.45,+0.25
600,Kwon Chang-hoon,34,2137,63,62.5,23.7,26,76,12,8,19,1,1.29,36,49,-13,-0.55,-0.20,24.3,42.7,-18.4,-0.77,-0.51
601,Charles,30,1582,53,46.3,17.6,18,76,7,12,19,3,1.33,26,19,+7,+0.40,+1.03,23.1,17.7,+5.4,+0.31,+0.74
602,Charly Charrier,3,105,35,3.1,1.2,1,61,0,2,22,2,0.00,0,3,-3,-2.57,-2.52,1.2,2.0,-0.7,-0.61,-0.03
604,Chema,25,2017,81,59.0,22.4,23,87,21,2,9,6,1.08,25,34,-9,-0.40,-0.08,22.3,38.1,-15.8,-0.70,-0.51
605,Denis Cheryshev,24,926,39,27.1,10.3,9,66,0,15,22,3,1.88,18,11,+7,+0.68,+0.68,19.0,13.2,+5.9,+0.57,+0.79
614,Chuca,4,88,22,2.6,1.0,1,63,0,3,8,5,1.75,0,2,-2,-2.05,-2.29,0.4,1.2,-0.7,-0.75,-0.77
620,Cifu,2,108,54,3.2,1.2,1,90,1,1,18,8,0.00,0,6,-6,-5.00,-4.16,1.3,4.1,-2.7,-2.29,-1.79
626,Saliou Ciss,3,144,48,4.2,1.6,2,68,1,1,9,9,0.00,0,6,-6,-3.75,-3.64,0.6,2.7,-2.1,-1.31,-1.42
628,Issa Cissokho,19,1630,86,47.7,18.1,18,90,18,1,10,14,1.32,17,19,-2,-0.11,+0.04,14.1,27.3,-13.2,-0.73,-0.28
635,Marcus Coco,29,1587,55,46.4,17.6,17,78,5,12,22,3,1.07,17,32,-15,-0.85,-1.05,16.3,25.8,-9.5,-0.54,-0.83
639,Coke,17,1383,81,40.4,15.4,16,84,12,1,33,3,1.65,23,23,0,0.00,+0.62,22.2,25.7,-3.5,-0.22,+0.45
641,Emre Colak,26,1449,56,42.4,16.1,17,69,2,9,31,8,0.92,19,36,-17,-1.06,-0.10,25.7,26.6,-0.9,-0.06,+0.23
650,Alois Confais,15,611,41,17.9,6.8,4,82,2,11,26,15,1.07,7,16,-9,-1.33,-0.75,8.0,11.3,-3.3,-0.49,-0.15
652,Daniel Congre,32,2635,82,77.0,29.3,29,89,28,3,13,5,1.41,26,26,0,0.00,-0.34,32.0,31.4,+0.6,+0.02,-0.33
654,Diego Contento,3,108,36,3.2,1.2,1,90,1,2,9,7,2.00,3,1,+2,+1.67,+1.59,1.5,2.1,-0.5,-0.45,-0.67
662,Francis Coquelin,9,657,73,19.2,7.3,7,89,6,2,18,1,2.11,12,9,+3,+0.41,-0.37,9.8,12.2,-2.4,-0.32,-0.65
663,Sebastien Corchia,12,821,68,24.0,9.1,9,82,4,3,29,6,1.33,16,16,0,0.00,+0.31,14.2,14.0,+0.2,+0.02,-0.15
665,Inigo Cordoba,30,1459,49,42.7,16.2,18,72,5,12,13,5,1.07,23,26,-3,-0.19,+0.04,23.0,22.3,+0.7,+0.04,+0.11
668,Jeremy Cordoval,11,919,84,26.9,10.2,10,90,10,1,19,14,1.00,10,21,-11,-1.08,-0.50,9.2,16.0,-6.8,-0.66,-0.40
669,Benjamin Corgnet,18,1376,76,40.2,15.3,15,85,8,3,35,0,0.67,14,24,-10,-0.65,-0.08,19.4,17.4,+2.1,+0.13,+0.79
672,Maxwel Cornet,30,1272,42,37.2,14.1,13,75,6,17,17,3,2.00,24,19,+5,+0.35,-1.28,19.8,15.9,+3.9,+0.28,-0.53
673,Quentin Cornette,12,448,37,13.1,5.0,6,59,0,6,16,1,1.58,8,7,+1,+0.20,+0.38,5.1,8.6,-3.5,-0.70,-0.13
674,Angel Correa,37,2253,61,65.9,25.0,27,72,6,10,32,0,2.14,40,9,+31,+1.24,+0.85,35.4,20.8,+14.5,+0.58,+0.59
676,Joaquin Correa,21,1193,57,34.9,13.3,15,71,3,6,22,9,1.90,17,12,+5,+0.38,+0.94,24.0,15.0,+9.0,+0.68,+0.83
680,Diego Costa,15,1041,69,30.4,11.6,13,76,4,2,30,0,2.20,22,5,+17,+1.47,+0.75,14.3,8.2,+6.2,+0.53,+0.22
683,Jaume Costa,30,2536,85,74.2,28.2,29,86,24,1,45,3,1.67,43,34,+9,+0.32,+0.52,38.0,39.0,-0.9,-0.03,-0.11
685,Nuno da Costa,26,1727,66,50.5,19.2,22,76,4,4,13,2,1.15,23,31,-8,-0.42,+0.38,21.2,28.4,-7.2,-0.38,-0.08
688,Kalifa Coulibaly,8,341,43,10.0,3.8,3,67,0,5,28,3,2.00,4,2,+2,+0.53,+0.73,3.3,2.9,+0.4,+0.11,+0.01
689,Lassana Coulibaly,20,838,42,24.5,9.3,8,74,2,12,21,11,1.25,12,16,-4,-0.43,-0.22,11.3,11.9,-0.6,-0.06,-0.15
692,Philippe Coutinho,18,1296,72,37.9,14.4,16,77,6,2,31,0,2.17,33,16,+17,+1.18,-1.07,25.2,18.8,+6.4,+0.45,-1.04
694,Nicolas Cozza,9,578,64,16.9,6.4,7,77,5,2,20,15,1.33,5,11,-6,-0.93,-1.22,6.3,9.6,-3.3,-0.51,-0.73
704,Enzo Crivelli,15,1022,68,29.9,11.4,12,78,4,3,29,2,1.00,13,15,-2,-0.18,+0.12,13.4,12.3,+1.1,+0.10,+0.07
705,Enzo Crivelli,11,725,66,21.2,8.1,9,75,3,2,24,0,0.91,7,12,-5,-0.62,+0.05,9.3,10.1,-0.8,-0.10,+0.05
716,Wylan Cyprien,16,951,59,27.8,10.6,10,90,10,6,9,0,1.63,21,16,+5,+0.47,+0.62,13.5,15.1,-1.5,-0.14,-0.19
720,Kouadio-Yves Dabila,12,944,79,27.6,10.5,10,86,9,2,42,11,1.25,12,20,-8,-0.76,-0.11,10.3,15.2,-4.9,-0.47,+0.14
722,Bryan Dabo,16,1284,80,37.5,14.3,15,83,10,1,45,1,1.38,16,18,-2,-0.14,-0.10,18.1,21.6,-3.4,-0.24,-0.25
735,Romain Danze,12,681,57,19.9,7.6,9,71,4,3,13,24,1.69,12,11,+1,+0.13,-0.03,13.0,10.6,+2.3,+0.31,+0.37
737,Stephane Darbion,23,1706,74,49.9,19.0,20,82,15,3,25,0,0.70,17,34,-17,-0.90,-0.37,18.8,27.4,-8.6,-0.46,-0.17
739,Sergi Darder,35,2782,79,81.3,30.9,32,85,21,3,25,0,1.29,25,34,-9,-0.29,-0.71,31.1,42.5,-11.5,-0.37,-0.41
757,Lucas Deaux,26,1943,75,56.8,21.6,24,80,13,2,18,3,1.12,25,37,-12,-0.56,-0.62,24.9,25.6,-0.7,-0.03,+0.14
771,Jonathan Delaplace,12,583,49,17.0,6.5,5,82,3,7,25,11,1.25,3,8,-5,-0.77,-0.14,6.1,8.9,-2.8,-0.43,-0.36
774,Andy Delort,32,2333,73,68.2,25.9,25,85,16,7,31,0,0.91,29,36,-7,-0.27,+0.48,34.0,35.0,-1.0,-0.04,+0.42
777,Ousmane Dembele,17,925,54,27.0,10.3,12,68,2,5,21,3,2.35,30,14,+16,+1.56,-0.39,22.3,15.0,+7.4,+0.72,-0.52
778,Jessy Deminguet,12,534,45,15.6,5.9,5,75,2,7,23,11,0.58,5,10,-5,-0.84,-0.22,5.5,9.0,-3.6,-0.60,-0.55
781,Ermedin Demirovic,3,182,61,5.3,2.0,2,90,2,1,2,5,1.00,3,1,+2,+0.99,+1.32,2.7,4.0,-1.3,-0.65,-0.21
792,Gerard Deulofeu,10,503,50,14.7,5.6,5,71,0,5,30,3,2.60,19,2,+17,+3.04,+1.41,12.7,3.4,+9.3,+1.66,+0.66
796,Angel Di Maria,30,2111,70,61.7,23.5,26,78,10,4,20,3,2.43,59,17,+42,+1.79,-0.75,51.8,20.5,+31.3,+1.33,-0.07
801,Fallou Diagne,29,2238,77,65.4,24.9,26,83,19,3,29,1,0.83,26,49,-23,-0.92,+0.52,24.6,45.5,-20.9,-0.84,-0.08
802,Adama Diakhaby,22,850,39,24.9,9.4,10,68,1,12,14,10,2.00,17,13,+4,+0.42,-0.84,12.4,12.6,-0.2,-0.02,-0.51
803,Mouctar Diakhaby,12,728,61,21.3,8.1,8,85,7,4,12,21,1.67,20,17,+3,+0.37,-1.00,12.3,10.3,+2.0,+0.25,-0.46
809,Mustapha Diallo,26,1384,53,40.5,15.4,16,79,10,10,13,6,1.35,21,20,+1,+0.07,+0.60,18.9,15.3,+3.6,+0.23,+0.55
812,Lassana Diarra,10,606,61,17.7,6.7,8,69,3,2,27,2,2.30,17,3,+14,+2.08,0.00,13.7,5.8,+7.9,+1.17,-0.23
816,Bakaye Dibassy,32,2778,87,81.2,30.9,31,89,29,1,30,3,1.34,32,33,-1,-0.03,+0.53,29.0,43.3,-14.3,-0.46,+0.63
819,Etienne Didot,23,1621,70,47.4,18.0,21,76,5,2,18,6,1.13,25,28,-3,-0.17,+0.23,25.3,23.6,+1.7,+0.10,+0.36
823,Lucas Digne,12,704,59,20.6,7.8,8,83,6,4,10,19,2.33,17,7,+10,+1.28,-0.71,12.6,10.3,+2.3,+0.30,-1.01
826,Ismael Diomande,11,712,65,20.8,7.9,8,82,6,3,19,8,0.73,6,17,-11,-1.39,-0.93,8.3,13.2,-4.9,-0.62,-0.61
827,Lois Diony,16,931,58,27.2,10.3,11,73,3,5,26,2,1.19,10,18,-8,-0.77,-0.95,11.8,16.9,-5.1,-0.50,-0.57
829,Papakouli Diop,5,264,53,7.7,2.9,3,83,2,2,8,6,2.00,3,7,-4,-1.36,-1.31,2.6,9.1,-6.5,-2.23,-2.10
830,Papakouli Diop,15,940,63,27.5,10.4,12,76,6,3,10,4,1.27,11,9,+2,+0.19,+0.48,11.8,10.9,+0.8,+0.08,+0.24
833,Assane Diousse,25,1344,54,39.3,14.9,17,72,6,8,16,12,1.68,15,20,-5,-0.33,-0.42,15.1,18.4,-3.3,-0.22,-0.22
835,Koffi Djidji,29,2416,83,70.6,26.8,27,88,24,2,23,6,1.38,27,30,-3,-0.11,+0.07,29.5,24.4,+5.1,+0.19,+0.32
842,Keagan Dolly,17,881,52,25.8,9.8,9,74,2,8,27,12,1.12,12,12,0,0.00,-0.11,12.3,10.5,+1.8,+0.18,+0.12
854,Doria,3,77,26,2.3,0.9,1,45,0,2,16,3,1.33,0,5,-5,-5.84,-6.87,0.8,3.1,-2.3,-2.66,-3.70
858,Mauro dos Santos,14,983,70,28.7,10.9,10,83,9,4,38,13,1.43,10,9,+1,+0.09,+0.76,10.6,12.8,-2.2,-0.20,0.00
861,Cheick Doukoure,19,1022,54,29.9,11.4,12,78,6,7,13,2,0.89,9,23,-14,-1.23,-1.23,11.8,19.1,-7.3,-0.64,-0.21
867,Julian Draxler,30,1704,57,49.8,18.9,19,77,6,11,22,3,2.50,62,18,+44,+2.32,+0.49,49.1,19.7,+29.4,+1.55,+0.38
887,Jimmy Durmaz,20,1028,51,30.1,11.4,12,74,2,8,17,8,0.85,13,15,-2,-0.18,+0.35,15.8,14.4,+1.4,+0.12,+0.42
888,Riza Durmisi,24,2080,87,60.8,23.1,23,90,22,1,18,11,1.42,39,48,-9,-0.39,-0.93,30.7,34.6,-4.0,-0.17,-0.23
895,Felix Eboa Eboa,23,1524,66,44.6,16.9,16,90,16,7,12,13,1.17,21,33,-12,-0.71,-0.76,21.3,26.5,-5.1,-0.30,-0.38
911,Aritz Elustondo,19,1596,84,46.7,17.7,18,87,15,1,23,14,1.63,39,24,+15,+0.85,+1.24,26.7,26.6,+0.1,0.00,-0.15
913,Rodrigo Ely,31,2691,87,78.7,29.9,30,90,28,1,6,1,1.23,30,40,-10,-0.33,-0.33,28.8,45.8,-17.0,-0.57,-0.52
916,Youssef En-Nesyri,25,1596,64,46.7,17.7,16,86,12,9,25,3,0.60,12,27,-15,-0.85,+0.24,20.1,24.7,-4.6,-0.26,+0.55
917,Sergi Enrich,19,1330,70,38.9,14.8,14,86,8,5,24,1,1.42,19,23,-4,-0.27,-0.18,15.7,18.9,-3.2,-0.22,-0.20
919,Javier Eraso,34,2533,75,74.1,28.1,31,80,20,3,16,2,1.09,22,33,-11,-0.39,+0.22,28.8,31.8,-3.0,-0.11,+0.36
922,Gonzalo Escalante,28,1565,56,45.8,17.4,16,82,9,12,21,7,1.43,16,31,-15,-0.86,-1.30,15.6,23.8,-8.2,-0.47,-0.70
924,Sergio Escudero,27,2332,86,68.2,25.9,26,90,25,1,5,2,1.63,39,41,-2,-0.08,+0.50,40.1,36.6,+3.5,+0.14,0.00
925,Bernardo Espinosa,34,2868,84,83.9,31.9,32,88,30,2,30,2,1.29,41,49,-8,-0.25,-0.09,42.1,43.8,-1.7,-0.05,-0.36
930,Benat Etxebarria,24,1120,47,32.7,12.4,12,75,5,12,18,9,1.04,11,17,-6,-0.48,-0.40,11.6,15.7,-4.2,-0.33,-0.47
939,Erik Exposito,10,467,47,13.7,5.2,4,79,3,6,25,4,0.10,2,8,-6,-1.16,+0.18,4.5,12.4,-7.9,-1.53,-0.79
942,Imoh Ezekiel,10,469,47,13.7,5.2,5,72,1,5,22,2,0.20,3,6,-3,-0.58,+0.86,6.5,7.4,-0.9,-0.18,+0.77
949,Faycal Fajr,31,2385,77,69.7,26.5,26,87,22,5,24,4,1.55,23,24,-1,-0.04,-0.91,29.8,27.4,+2.4,+0.09,-0.43
950,Radamel Falcao,26,2129,82,62.3,23.7,25,85,13,1,11,2,2.08,51,31,+20,+0.85,-0.55,37.4,30.1,+7.3,+0.31,-0.15
958,Imad Faraj,7,162,23,4.7,1.8,1,66,0,6,16,12,0.57,1,4,-3,-1.67,-1.03,1.9,4.6,-2.7,-1.49,-0.97
965,Zouhair Feddal,15,1257,84,36.8,14.0,14,87,13,1,33,1,1.27,23,31,-8,-0.57,-0.86,18.1,22.5,-4.4,-0.31,-0.37
966,Nabil Fekir,30,2477,83,72.4,27.5,28,88,22,2,11,1,1.93,58,36,+22,+0.80,-1.30,44.8,31.7,+13.1,+0.48,-0.49
973,Julien Feret,37,3060,83,89.5,34.0,36,84,24,1,30,0,1.03,23,48,-25,-0.74,-0.74,36.7,44.2,-7.5,-0.22,-0.80
979,Augusto Fernandez,5,107,21,3.1,1.2,1,60,0,4,12,5,2.40,0,1,-1,-0.84,-1.85,1.3,1.7,-0.4,-0.31,-0.71
986,Jordan Ferri,24,638,27,18.7,7.1,4,86,2,20,15,11,2.46,19,10,+9,+1.27,+0.14,13.4,6.9,+6.5,+0.91,+0.37
993,Afonso Figueiredo,5,223,45,6.5,2.5,1,82,0,4,35,8,1.80,0,4,-4,-1.61,-1.90,1.4,3.9,-2.5,-1.01,-1.09
1000,Mathieu Flamini,8,480,60,14.0,5.3,6,71,2,2,27,0,1.38,5,4,+1,+0.19,-0.06,5.5,5.2,+0.3,+0.06,-0.18
1006,Guessouma Fofana,16,743,46,21.7,8.3,7,84,4,9,17,4,1.00,6,12,-6,-0.73,-0.76,6.9,17.3,-10.3,-1.25,-0.86
1009,Andreu Fontas,12,885,74,25.9,9.8,9,84,7,3,42,17,1.58,18,16,+2,+0.20,+0.31,15.2,15.6,-0.4,-0.04,-0.04
1011,Pablo Fornals,35,2620,75,76.6,29.1,30,84,22,5,19,0,1.63,43,38,+5,+0.17,-0.05,40.4,37.5,+3.0,+0.10,+0.45
1016,Steven Fortes,2,155,78,4.5,1.7,1,90,1,1,65,5,0.00,0,2,-2,-1.16,-0.78,1.2,2.6,-1.4,-0.82,-0.67
1021,Dimitri Foulquier,16,1239,77,36.2,13.8,13,89,12,3,27,2,0.75,12,24,-12,-0.87,-0.42,12.6,19.5,-6.9,-0.50,-0.25
1041,Javi Fuego,11,537,49,15.7,6.0,6,78,3,5,14,3,1.09,6,14,-8,-1.34,-1.81,5.7,10.2,-4.5,-0.75,-0.89
1044,Angelo Fulgini,29,1529,53,44.7,17.0,16,71,3,13,30,0,1.03,19,28,-9,-0.53,-0.48,21.7,21.5,+0.2,+0.01,-0.07
1050,Gabi,34,2349,69,68.7,26.1,25,86,19,9,23,3,2.09,41,17,+24,+0.92,-0.09,36.0,25.2,+10.8,+0.42,+0.11
1054,Gabriel,29,2377,82,69.5,26.4,28,84,16,1,29,1,1.21,23,32,-9,-0.34,+0.35,29.4,31.2,-1.8,-0.07,+0.44
1058,Nicolas Gaitan,6,219,37,6.4,2.4,1,59,0,5,32,5,2.00,4,1,+3,+1.23,+0.31,2.8,4.4,-1.6,-0.66,-1.11
1060,Serge Gakpe,29,1825,63,53.4,20.3,23,72,7,6,28,1,1.28,21,16,+5,+0.25,+0.81,16.2,24.1,-7.9,-0.39,+0.41
1064,Bruno Gama,6,115,19,3.4,1.3,1,48,0,5,13,0,0.83,1,5,-4,-3.13,-2.20,1.8,2.6,-0.8,-0.63,-0.45
1067,Kevin Gameiro,25,1125,45,32.9,12.5,11,75,3,14,22,11,2.12,19,10,+9,+0.72,-0.34,17.7,12.3,+5.4,+0.43,+0.08
1072,Ganso,8,519,65,15.2,5.8,7,74,2,1,1,6,2.13,5,2,+3,+0.52,+0.89,9.6,6.1,+3.4,+0.60,+0.54
1073,Ezequiel Garay,24,2028,85,59.3,22.5,23,87,20,1,25,3,1.92,38,25,+13,+0.58,-0.33,33.7,29.7,+4.0,+0.18,-0.06
1075,Aleix Garcia,20,852,43,24.9,9.5,7,87,5,13,19,14,1.60,13,21,-8,-0.85,-0.81,12.3,14.6,-2.2,-0.24,-0.32
1076,Borja Garcia,37,2798,76,81.8,31.1,34,80,15,3,29,1,1.38,40,43,-3,-0.10,+0.77,41.5,39.2,+2.3,+0.07,+0.38
1078,David Garcia,11,860,78,25.1,9.6,9,90,9,2,25,17,0.18,5,23,-18,-1.88,-0.76,7.2,19.3,-12.1,-1.27,-0.57
1080,Javi Garcia,32,2410,75,70.5,26.8,27,86,22,5,17,2,1.69,41,39,+2,+0.07,+0.34,28.8,34.1,-5.3,-0.20,-0.40
1081,Manu Garcia,30,2439,81,71.3,27.1,27,89,25,3,16,5,1.30,31,33,-2,-0.07,+0.66,28.6,36.2,-7.5,-0.28,+0.63
1082,Raul Garcia,34,2627,77,76.8,29.2,30,83,17,4,32,0,1.18,31,34,-3,-0.10,+0.46,40.4,38.8,+1.6,+0.06,+0.31
1083,Raul Garcia,19,1392,73,40.7,15.5,15,90,15,4,11,14,1.00,18,24,-6,-0.39,+0.10,14.2,22.4,-8.3,-0.53,-0.56
1084,Samu Garcia,7,177,25,5.2,2.0,2,53,0,5,14,5,0.14,1,4,-3,-1.53,-0.58,1.3,3.0,-1.7,-0.87,-0.33
1085,Samu Garcia,11,191,17,5.6,2.1,2,29,0,9,15,3,0.91,2,4,-2,-0.94,-0.61,2.1,4.5,-2.5,-1.17,-0.72
1086,Sergio Garcia,33,1641,50,48.0,18.2,14,80,10,19,27,1,1.30,20,15,+5,+0.27,+0.83,24.2,22.6,+1.7,+0.09,+0.74
1090,Mario Gaspar,32,2806,88,82.0,31.2,31,90,31,1,16,2,1.63,47,42,+5,+0.16,-0.13,45.2,42.6,+2.5,+0.08,+0.47
1103,Johannes Geis,14,676,48,19.8,7.5,7,86,6,7,11,9,1.79,11,9,+2,+0.27,+0.63,8.8,11.7,-2.9,-0.38,-0.65
1105,Jeremy Gelin,28,2315,83,67.7,25.7,25,89,24,3,29,1,1.75,34,27,+7,+0.27,+0.35,35.2,29.3,+5.8,+0.23,+0.67
1106,Romain Genevois,24,1808,75,52.9,20.1,22,80,15,2,22,10,0.88,14,25,-11,-0.55,+0.23,24.8,22.2,+2.5,+0.13,+0.56
1111,Valere Germain,35,2167,62,63.4,24.1,24,80,10,11,23,3,2.00,45,33,+12,+0.50,-1.01,46.0,30.2,+15.8,+0.66,-0.81
1115,Yassine El Ghanassy,20,644,32,18.8,7.2,5,63,0,15,22,10,1.35,7,7,0,0.00,+0.16,10.5,6.6,+3.8,+0.54,+0.54
1116,Anwar El Ghazi,27,1648,61,48.2,18.3,19,75,13,8,27,4,0.89,21,31,-10,-0.55,+0.27,17.2,28.2,-11.0,-0.60,-0.07
1118,Rachid Ghezzal,26,1006,39,29.4,11.2,7,78,2,19,24,4,2.00,29,12,+17,+1.52,+0.66,24.8,14.1,+10.7,+0.96,+0.85
1127,Carles Gil,10,476,48,13.9,5.3,6,73,0,4,10,4,0.70,4,12,-8,-1.51,-0.60,5.7,9.7,-4.0,-0.75,-0.65
1128,Nacho Gil,14,729,52,21.3,8.1,8,71,2,6,27,1,0.43,1,12,-11,-1.36,-0.05,5.7,13.3,-7.6,-0.93,-0.11
1129,Nacho Gil,6,229,38,6.7,2.5,2,64,0,4,25,9,1.17,3,5,-2,-0.79,-1.60,4.4,4.1,+0.3,+0.12,-0.08
1135,Jimmy Giraudon,25,2092,84,61.2,23.2,24,86,23,1,20,12,1.00,25,39,-14,-0.60,+0.28,26.2,29.9,-3.7,-0.16,+0.53
1137,Andrei Girotto,25,1520,61,44.4,16.9,18,78,10,7,15,5,1.60,17,14,+3,+0.18,+0.56,18.4,14.4,+4.0,+0.24,+0.25
1142,Joris Gnagnon,36,2919,81,85.4,32.4,32,89,30,4,17,2,1.61,45,36,+9,+0.28,+0.82,43.2,42.8,+0.4,+0.01,-0.01
1145,Diego Godin,30,2554,85,74.7,28.4,28,89,27,2,37,5,2.27,49,15,+34,+1.20,+0.99,40.5,28.3,+12.2,+0.43,+0.20
1150,Andre Gomes,16,635,40,18.6,7.1,6,77,2,10,17,10,2.75,16,5,+11,+1.56,-0.35,15.1,6.2,+8.9,+1.27,+0.21
1153,Ibai Gomez,34,2319,68,67.8,25.8,26,82,12,8,23,2,1.26,30,30,0,0.00,+0.82,29.6,35.0,-5.4,-0.21,+0.78
1157,Maxi Gomez,36,3068,85,89.7,34.1,35,86,25,1,45,0,1.19,50,54,-4,-0.12,-0.88,49.5,46.4,+3.1,+0.09,+0.96
1159,Sergi Gomez,33,2680,81,78.4,29.8,31,86,27,2,11,3,1.36,48,49,-1,-0.03,-0.03,41.7,40.7,+0.9,+0.03,+0.18
1161,Vicente Gomez,25,1525,61,44.6,16.9,17,81,9,8,18,8,0.56,8,37,-29,-1.71,-0.71,14.1,30.3,-16.2,-0.96,-0.20
1164,Anthony Goncalves,29,1757,61,51.4,19.5,18,84,12,11,23,3,1.00,27,33,-6,-0.31,+0.61,23.3,29.0,-5.7,-0.29,+0.10
1165,Vagner Goncalves,4,108,27,3.2,1.2,1,55,0,3,18,5,0.25,0,3,-3,-2.50,-2.50,0.5,3.0,-2.5,-2.07,-2.05
1168,Adrian Gonzalez,29,2340,81,68.4,26.0,27,85,24,2,18,3,0.66,21,41,-20,-0.77,+0.65,27.4,40.4,-13.0,-0.50,+0.18
1171,Alvaro Gonzalez,33,2898,88,84.7,32.2,32,89,30,1,55,0,1.52,44,45,-1,-0.03,-1.41,45.3,46.8,-1.5,-0.05,-0.28
1172,Bruno Gonzalez,20,1540,77,45.0,17.1,17,90,17,3,3,15,1.60,16,11,+5,+0.29,+0.10,20.5,15.6,+4.9,+0.28,+0.11
1173,Diego Gonzalez,18,1429,79,41.8,15.9,17,82,12,1,38,11,0.39,9,29,-20,-1.26,-0.49,17.2,26.0,-8.8,-0.55,0.00
1183,Andoni Gorosabel,2,76,38,2.2,0.8,1,66,0,1,10,6,1.50,0,1,-1,-1.18,-1.40,0.6,1.3,-0.6,-0.76,-0.86
1191,Lemouya Goudiaby,2,85,43,2.5,0.9,1,81,0,1,4,6,0.00,0,4,-4,-4.24,-3.21,0.4,2.0,-1.5,-1.64,-0.85
1193,Yoann Gourcuff,10,426,43,12.5,4.7,5,68,0,5,17,9,2.00,7,4,+3,+0.63,+0.54,7.1,3.8,+3.3,+0.70,+0.79
1197,Max Gradel,29,2415,83,70.6,26.8,27,86,22,2,47,0,0.86,27,36,-9,-0.34,+0.29,34.4,35.9,-1.6,-0.06,+0.39
1199,Samuel Grandsir,36,2603,72,76.1,28.9,29,82,17,7,31,0,0.92,22,39,-17,-0.59,+0.51,28.1,38.6,-10.5,-0.36,+0.02
1200,Alex Granell,34,2848,84,83.3,31.6,33,85,25,1,32,1,1.38,43,46,-3,-0.09,+0.85,42.5,39.8,+2.7,+0.09,+0.48
1201,Esteban Granero,25,1230,49,36.0,13.7,11,80,5,14,25,6,1.16,14,14,0,0.00,+0.25,16.3,16.7,-0.4,-0.03,+0.42
1210,Clement Grenier,15,1208,81,35.3,13.4,14,85,10,1,12,0,1.20,23,26,-3,-0.22,+0.10,19.5,20.7,-1.2,-0.09,+0.01
1213,Antoine Griezmann,32,2519,79,73.7,28.0,30,82,17,2,30,1,2.06,45,15,+30,+1.07,+0.47,39.0,24.5,+14.5,+0.52,+0.53
1216,Jeremy Grimm,23,808,35,23.6,9.0,7,80,4,16,16,13,1.35,12,18,-6,-0.67,-0.08,10.9,12.0,-1.1,-0.13,+0.28
1222,Andres Guardado,29,2264,78,66.2,25.2,25,86,20,4,30,0,1.69,47,42,+5,+0.20,+0.67,30.8,31.3,-0.5,-0.02,+0.18
1225,Goncalo Guedes,33,2439,74,71.3,27.1,27,84,18,6,27,0,2.00,54,25,+29,+1.07,+1.25,43.2,33.0,+10.2,+0.38,+0.61
1229,Francis Guerrero,14,993,71,29.0,11.0,10,84,7,4,37,6,1.86,20,15,+5,+0.45,+0.68,14.2,14.1,0.0,0.00,+0.12
1232,John Guidetti,17,1222,72,35.7,13.6,15,78,3,2,27,0,1.71,20,9,+11,+0.81,+1.67,13.0,17.4,-4.5,-0.33,+0.20
1238,Baptiste Guillaume,16,458,29,13.4,5.1,3,85,2,13,16,11,1.25,5,6,-1,-0.20,+0.08,8.2,7.5,+0.7,+0.13,+0.09
1242,Gerard Gumbau,25,1434,57,41.9,15.9,16,80,11,9,17,7,1.12,14,30,-16,-1.00,-0.96,13.6,24.6,-11.1,-0.70,-0.85
1255,Hacen,2,81,41,2.4,0.9,1,36,0,1,45,2,0.50,0,1,-1,-1.11,-0.76,0.6,1.8,-1.2,-1.29,-0.82
1258,Munir El Haddadi,33,2444,74,71.5,27.2,28,83,11,5,23,1,1.33,30,35,-5,-0.18,+0.28,28.7,34.5,-5.8,-0.21,+0.86
1259,Oussama Haddadi,33,2503,76,73.2,27.8,27,87,25,6,26,1,1.21,41,50,-9,-0.32,+0.56,31.0,46.0,-15.0,-0.54,+0.16
1265,Oualid El Hajjam,26,2198,85,64.3,24.4,24,89,23,2,32,11,1.08,22,28,-6,-0.25,-0.32,21.4,35.0,-13.6,-0.56,+0.07
1267,Achraf Hakimi,9,757,84,22.1,8.4,8,87,7,1,62,8,2.11,22,7,+15,+1.78,+0.60,18.5,10.0,+8.5,+1.01,-0.13
1269,Alen Halilovic,20,1304,65,38.1,14.5,16,75,9,4,26,3,0.75,8,20,-12,-0.83,+0.79,12.8,25.4,-12.6,-0.87,-0.04
1275,Romain Hamouma,29,1846,64,54.0,20.5,22,75,8,7,27,0,1.69,34,18,+16,+0.78,+1.87,34.6,27.6,+7.0,+0.34,+0.92
1295,Gauthier Hein,3,82,27,2.4,0.9,1,58,0,2,12,0,0.00,1,1,0,0.00,+1.13,0.8,2.0,-1.2,-1.28,-0.48
1310,Hernan,7,351,50,10.3,3.9,4,82,1,3,8,5,0.43,3,13,-10,-2.56,-1.39,4.2,7.5,-3.2,-0.83,+0.01
1313,Lucas Hernandez,27,2116,78,61.9,23.5,24,87,22,3,10,7,2.15,33,11,+22,+0.94,-0.03,27.9,22.5,+5.4,+0.23,-0.39
1315,Pablo Hernandez,30,1819,61,53.2,20.2,18,86,14,12,22,4,1.17,32,29,+3,+0.15,+0.37,23.3,30.2,-6.9,-0.34,-0.72
1316,Theo Hernandez,13,963,74,28.2,10.7,10,87,8,3,30,21,2.62,30,11,+19,+1.78,+0.64,25.4,11.8,+13.7,+1.28,+0.23
1317,Hernani,14,544,39,15.9,6.0,5,81,2,9,16,9,1.00,5,15,-10,-1.65,-1.87,7.7,8.1,-0.4,-0.06,+0.02
1368,Adrien Hunou,24,1458,61,42.6,16.2,17,77,6,7,21,7,1.67,17,19,-2,-0.12,-0.49,19.4,19.4,+0.1,0.00,-0.02
1374,Suk Hyun-jun,26,1195,46,34.9,13.3,13,74,3,13,18,3,0.69,11,23,-12,-0.90,-0.30,13.1,17.1,-3.9,-0.30,+0.11
1385,Brown Ideye,13,733,56,21.4,8.1,8,80,4,5,19,0,0.23,2,12,-10,-1.23,-0.32,7.4,7.9,-0.5,-0.07,+0.62
1387,Julien Ielsch,11,616,56,18.0,6.8,7,82,4,4,10,22,2.18,8,7,+1,+0.15,+0.34,5.9,8.1,-2.2,-0.32,+0.32
1392,Jordan Ikoko,28,2420,86,70.8,26.9,26,88,25,2,63,1,1.32,38,41,-3,-0.11,+0.61,35.2,35.9,-0.7,-0.03,+0.23
1393,Jonathan Ikone,18,998,55,29.2,11.1,12,71,4,6,24,6,1.28,11,10,+1,+0.09,+0.02,10.5,11.4,-0.8,-0.07,-0.24
1395,Asier Illarramendi,36,3163,88,92.5,35.1,35,90,33,1,16,0,1.28,60,55,+5,+0.14,-0.56,48.2,47.1,+1.1,+0.03,-0.67
1396,Jules Iloki,26,1421,55,41.5,15.8,14,75,3,12,31,9,1.35,15,15,0,0.00,+0.23,19.1,17.5,+1.6,+0.10,0.00
1406,Andres Iniesta,30,1824,61,53.3,20.3,25,69,3,5,22,2,2.37,45,18,+27,+1.33,-1.09,38.4,24.9,+13.5,+0.66,-0.92
1410,Takashi Inui,34,2631,77,76.9,29.2,31,83,19,3,22,1,1.35,38,39,-1,-0.03,+0.54,32.2,34.9,-2.6,-0.09,+0.01
1412,Gorka Iraizoz,9,765,85,22.4,8.5,8,90,8,1,45,26,0.78,8,13,-5,-0.59,-0.45,11.9,9.7,+2.1,+0.25,+0.32
1416,Isco,30,1774,59,51.9,19.7,21,76,5,9,20,3,2.00,42,17,+25,+1.27,-0.10,40.8,17.7,+23.1,+1.17,+0.13
1419,Manuel Iturra,20,1583,79,46.3,17.6,18,85,15,2,24,0,0.45,10,27,-17,-0.97,+0.01,18.7,26.8,-8.1,-0.46,+0.17
1420,Ander Iturraspe,30,1904,63,55.7,21.2,20,80,13,10,31,2,1.10,22,28,-6,-0.28,-0.16,30.7,30.8,-0.1,-0.01,+0.03
1422,Ivi,29,1762,61,51.5,19.6,17,81,9,12,32,3,1.03,22,29,-7,-0.36,+0.02,22.3,30.9,-8.6,-0.44,+0.12
1436,Christophe Jallet,15,1174,78,34.3,13.0,13,89,12,2,11,2,1.53,17,20,-3,-0.23,-0.39,17.7,17.7,0.0,0.00,+0.01
1442,Saidy Janko,21,1422,68,41.6,15.8,16,83,13,5,18,3,1.19,16,24,-8,-0.51,-0.73,16.8,21.3,-4.6,-0.29,-0.36
1447,Adnan Januzaj,28,1573,56,46.0,17.5,18,74,2,10,24,3,1.18,29,27,+2,+0.11,-0.13,25.4,20.1,+5.3,+0.30,+0.41
1448,Nicolas Janvier,3,76,25,2.2,0.8,1,59,0,2,9,7,1.00,1,1,0,0.00,-0.16,0.6,1.5,-0.9,-1.05,-1.09
1451,Jason,27,1786,66,52.2,19.8,22,75,10,5,28,2,1.22,19,25,-6,-0.30,+0.14,21.7,33.3,-11.6,-0.58,-0.18
1453,Corentin Jean,33,1688,51,49.4,18.8,18,76,6,15,21,3,0.82,20,31,-11,-0.59,-0.33,21.7,26.2,-4.5,-0.24,-0.13
1454,Benjamin Jeannot,24,1407,59,41.1,15.6,14,87,10,10,20,5,1.13,20,32,-12,-0.77,-0.50,16.8,28.0,-11.2,-0.72,-0.23
1461,Alvaro Jimenez,13,529,41,15.5,5.9,5,65,2,8,25,6,1.31,7,9,-2,-0.34,-0.68,6.1,9.1,-2.9,-0.50,-0.86
1463,Joaquin,35,2479,71,72.5,27.5,29,82,15,6,18,0,1.46,40,50,-10,-0.36,-1.22,33.2,34.3,-1.1,-0.04,+0.15
1474,Jony,5,217,43,6.3,2.4,1,90,1,4,32,1,0.00,0,8,-8,-3.32,-2.50,2.1,5.5,-3.4,-1.41,-0.92
1475,Joan Jordan,35,2427,69,71.0,27.0,25,88,20,10,22,2,1.40,31,33,-2,-0.07,+0.29,27.9,30.3,-2.3,-0.09,+0.02
1479,Willian Jose,34,2770,81,81.0,30.8,32,84,21,2,34,0,1.32,55,44,+11,+0.36,+0.91,45.4,39.2,+6.1,+0.20,+0.61
1482,Yann Jouffre,4,275,69,8.0,3.1,3,86,2,1,18,3,0.00,1,7,-6,-1.96,-0.93,2.0,6.3,-4.3,-1.40,-0.64
1486,Stevan Jovetic,15,753,50,22.0,8.4,7,74,2,8,29,3,2.00,22,6,+16,+1.91,+1.10,16.2,9.5,+6.7,+0.80,+0.56
1488,Jozabed,24,1473,61,43.1,16.4,18,78,4,6,12,13,1.29,24,28,-4,-0.24,-0.38,26.7,24.5,+2.2,+0.14,+0.25
1489,Juanfran,35,3057,87,89.4,34.0,34,89,32,1,20,2,0.80,33,64,-31,-0.91,+0.82,47.2,51.9,-4.7,-0.14,+0.47
1490,Juanfran,17,1307,77,38.2,14.5,15,84,12,2,27,13,1.88,17,8,+9,+0.62,-0.53,16.8,13.6,+3.1,+0.22,-0.26
1491,Juankar,10,784,78,22.9,8.7,9,84,8,1,29,0,0.70,8,16,-8,-0.92,+0.07,9.3,14.8,-5.5,-0.63,-0.10
1492,Juanmi,30,1489,50,43.5,16.5,18,71,4,12,18,8,1.20,30,26,+4,+0.24,+0.10,20.7,22.3,-1.6,-0.10,-0.32
1493,Juanpe,35,3065,88,89.6,34.1,34,90,34,1,5,2,1.40,47,55,-8,-0.23,+0.02,46.0,47.2,-1.2,-0.03,-0.38
1494,Juanpi,16,610,38,17.8,6.8,5,61,0,11,28,5,0.50,5,11,-6,-0.89,+0.11,7.9,10.7,-2.8,-0.41,+0.17
1497,David Junca,15,901,60,26.3,10.0,10,81,6,5,18,12,1.20,13,14,-1,-0.10,+0.08,10.8,10.3,+0.6,+0.06,+0.20
1504,Alexander Kacaniklic,9,316,35,9.2,3.5,3,58,1,6,24,8,0.89,3,7,-4,-1.14,-1.11,4.0,4.2,-0.2,-0.07,-0.18
1517,Francois Kamano,35,2014,58,58.9,22.4,23,74,5,12,26,2,1.31,32,32,0,0.00,-0.32,32.2,26.6,+5.6,+0.25,+0.13
1519,Boubacar Kamara,6,455,76,13.3,5.1,5,89,4,1,11,14,2.33,10,6,+4,+0.79,-0.09,10.9,5.8,+5.1,+1.02,+0.07
1525,Wilfried Kanga,9,175,19,5.1,1.9,1,57,0,8,15,5,1.00,3,4,-1,-0.51,-0.26,2.5,2.4,+0.1,+0.07,+0.03
1542,Joris Kayembe,3,89,30,2.6,1.0,1,45,0,2,22,0,0.67,1,0,+1,+1.01,+1.17,2.0,0.7,+1.3,+1.31,+1.24
1543,Olarenwaju Kayode,12,383,32,11.2,4.3,2,86,1,10,21,5,1.25,3,5,-2,-0.47,-0.26,7.0,7.0,0.0,0.00,-0.01
1550,Keko,21,1209,58,35.4,13.4,15,71,2,6,24,7,0.76,8,17,-9,-0.67,+0.47,11.4,18.8,-7.4,-0.55,0.00
1561,Billy Ketkeophomphone,13,437,34,12.8,4.9,5,58,0,8,18,1,0.77,2,9,-7,-1.44,-1.35,3.0,4.6,-1.6,-0.34,-0.44
1563,Saif-Eddine Khaoui,32,1956,61,57.2,21.7,21,77,7,11,30,2,0.91,17,32,-15,-0.69,+0.05,21.0,27.4,-6.5,-0.30,+0.16
1564,Wahbi Khazri,24,1918,80,56.1,21.3,23,82,13,1,37,1,1.46,27,21,+6,+0.28,+0.28,28.1,25.0,+3.0,+0.14,+0.29
1568,Kike,35,2460,70,71.9,27.3,28,83,17,7,18,1,1.29,27,37,-10,-0.37,-0.74,29.9,32.6,-2.7,-0.10,-0.02
1570,Presnel Kimpembe,28,2423,87,70.8,26.9,27,88,25,1,45,7,2.50,78,21,+57,+2.12,+0.13,66.0,24.2,+41.9,+1.56,+0.67
1575,Simon Kjaer,20,1571,79,45.9,17.5,18,86,16,2,10,3,1.25,18,30,-12,-0.69,-0.83,24.7,24.4,+0.3,+0.02,-0.22
1594,Seybou Koita,6,212,35,6.2,2.4,2,79,0,4,14,4,0.17,1,4,-3,-1.27,-1.22,2.0,4.6,-2.5,-1.08,-0.53
1595,Koke,35,2756,79,80.6,30.6,33,82,23,2,24,0,2.06,45,15,+30,+0.98,+0.17,37.5,28.7,+8.8,+0.29,-0.48
1601,Moussa Konate,33,2472,75,72.3,27.5,28,83,13,5,29,0,1.15,27,28,-1,-0.04,+0.34,23.5,37.6,-14.1,-0.51,+0.25
1603,Geoffrey Kondogbia,31,2614,84,76.4,29.0,30,86,25,1,29,0,1.77,49,30,+19,+0.65,-0.24,41.9,39.3,+2.6,+0.09,-0.48
1604,Bakary Kone,28,2462,88,72.0,27.4,27,88,26,1,82,5,1.00,32,50,-18,-0.66,-0.19,33.2,47.1,-13.9,-0.51,-0.60
1614,Christian Kouakou,19,847,45,24.8,9.4,7,64,0,12,33,7,0.89,6,15,-9,-0.96,-0.40,11.2,12.7,-1.4,-0.15,-0.02
1615,Rominigue Kouame,6,201,34,5.9,2.2,1,90,1,5,22,3,0.67,3,8,-5,-2.24,-1.65,3.2,6.5,-3.3,-1.48,-0.97
1618,Jules Kounde,18,1589,88,46.5,17.7,17,90,17,1,59,2,1.89,31,19,+12,+0.68,+1.02,25.3,19.9,+5.4,+0.30,+0.20
1620,Mateo Kovacic,21,992,47,29.0,11.0,10,79,3,11,18,7,1.90,28,18,+10,+0.91,-0.58,26.0,15.9,+10.1,+0.91,-0.28
1623,Vincent Koziello,15,807,54,23.6,9.0,10,77,3,5,8,5,1.40,9,13,-4,-0.45,-0.62,13.4,10.8,+2.6,+0.29,+0.39
1632,Rene Krhin,18,1312,73,38.4,14.6,16,80,12,2,18,9,1.61,17,15,+2,+0.14,+0.44,14.0,13.2,+0.8,+0.05,-0.07
1634,Bojan Krkic,13,441,34,12.9,4.9,4,66,0,9,20,6,0.92,0,11,-11,-2.24,-2.28,2.3,9.3,-7.1,-1.44,-1.13
1635,Michael Krohn-Dehli,11,728,66,21.3,8.1,10,72,3,1,10,1,0.55,8,20,-12,-1.48,-0.61,10.5,15.2,-4.7,-0.58,-0.50
1636,Michael Krohn-Dehli,13,536,41,15.7,6.0,5,74,0,8,21,2,1.85,7,6,+1,+0.17,+0.48,8.8,7.6,+1.2,+0.20,+0.08
1638,Toni Kroos,27,2261,84,66.1,25.1,26,86,18,1,29,2,1.81,60,32,+28,+1.11,-0.59,55.2,29.5,+25.7,+1.02,-0.26
1647,Layvin Kurzawa,20,1704,85,49.8,18.9,19,87,16,1,45,10,2.45,48,14,+34,+1.80,-0.56,39.1,17.5,+21.6,+1.14,-0.44
1649,Zdravko Kuzmanovic,8,480,60,14.0,5.3,6,75,3,2,16,4,0.25,2,13,-11,-2.06,-1.27,4.4,11.5,-7.2,-1.34,-0.92
1655,Gaetan Laborde,20,957,48,28.0,10.6,10,76,3,10,20,7,1.60,15,9,+6,+0.56,+0.60,13.8,10.7,+3.1,+0.29,+0.13
1657,Mehdi Lacen,15,1056,70,30.9,11.7,12,78,5,3,38,2,0.47,5,14,-9,-0.77,+0.30,10.3,13.2,-2.9,-0.25,+0.44
1659,Leo Lacroix,11,775,70,22.7,8.6,8,85,7,3,33,8,0.82,7,12,-5,-0.58,-0.65,10.7,13.6,-2.9,-0.33,-0.33
1666,Kenny Lala,31,2723,88,79.6,30.3,30,89,28,1,45,0,1.10,37,53,-16,-0.53,+0.38,35.2,47.5,-12.3,-0.41,-0.33
1685,Paul Lasne,37,3062,83,89.5,34.0,34,89,30,3,17,0,1.38,32,31,+1,+0.03,-0.47,37.3,35.6,+1.7,+0.05,-0.44
1688,Toni Lato,16,797,50,23.3,8.9,9,78,3,7,14,19,1.81,14,10,+4,+0.45,-0.34,13.2,12.5,+0.7,+0.08,-0.15
1694,Wesley Lautoa,10,622,62,18.2,6.9,8,76,6,2,7,2,1.30,9,11,-2,-0.29,+0.23,7.5,12.0,-4.5,-0.65,-0.08
1696,Miguel Layun,16,1184,74,34.6,13.2,11,90,11,5,39,1,1.50,17,25,-8,-0.61,-0.57,23.1,20.2,+2.9,+0.22,+0.13
1704,James Lea Siliki,32,1818,57,53.2,20.2,19,81,13,13,21,3,1.59,30,22,+8,+0.40,+0.51,26.3,26.3,0.0,0.00,-0.03
1709,Pierre Lees-Melou,34,2890,85,84.5,32.1,33,86,24,1,45,0,1.41,42,40,+2,+0.06,+0.23,39.8,41.3,-1.5,-0.05,-0.25
1716,Inigo Lekue,32,2111,66,61.7,23.5,22,87,19,10,20,6,1.31,24,30,-6,-0.26,-0.12,30.4,37.3,-6.9,-0.29,-0.72
1717,Thomas Lemar,30,2378,79,69.5,26.4,27,86,19,3,21,0,2.20,59,32,+27,+1.02,-0.10,46.8,32.2,+14.6,+0.55,+0.62
1720,Mauricio Lemos,16,1261,79,36.9,14.0,14,84,10,2,46,2,0.69,11,33,-22,-1.57,-0.40,14.7,25.8,-11.1,-0.79,+0.08
1721,Dylan Lempereur,3,142,47,4.2,1.6,1,90,1,2,26,4,0.67,2,5,-3,-1.90,-0.83,1.6,4.5,-2.8,-1.81,-1.03
1722,Clement Lenglet,35,3001,86,87.7,33.3,33,88,31,2,48,1,1.54,47,50,-3,-0.09,+1.20,54.3,47.4,+6.9,+0.21,+0.58
1726,Pedro Leon,12,929,77,27.2,10.3,10,84,8,2,47,1,1.00,5,10,-5,-0.48,-0.45,10.0,10.3,-0.3,-0.03,+0.09
1727,Sergio Leon,31,1978,64,57.8,22.0,23,79,12,8,19,6,1.61,33,37,-4,-0.18,-0.37,27.1,28.5,-1.4,-0.07,+0.04
1730,Jefferson Lerma,26,2135,82,62.4,23.7,25,85,21,1,22,0,1.35,24,28,-4,-0.17,+0.53,27.6,36.2,-8.6,-0.36,+0.36
1732,Maxime Lestienne,12,669,56,19.6,7.4,8,74,2,4,19,2,0.58,7,11,-4,-0.54,+0.54,8.6,10.8,-2.2,-0.30,+0.31
1738,Igor Lewczuk,7,437,62,12.8,4.9,4,87,3,3,29,12,1.14,6,7,-1,-0.21,-0.39,7.1,7.2,-0.1,-0.03,-0.25
1742,Dimitri Lienard,33,2602,79,76.1,28.9,29,86,22,4,28,0,1.15,42,49,-7,-0.24,+1.52,39.1,43.3,-4.2,-0.14,+0.81
1744,Lucas Lima,33,2657,81,77.7,29.5,30,85,25,3,39,1,1.45,26,26,0,0.00,+0.59,32.5,28.1,+4.4,+0.15,+0.23
1754,Diego Llorente,27,2326,86,68.0,25.8,26,89,23,1,25,8,1.04,33,38,-5,-0.19,-1.18,32.9,31.6,+1.3,+0.05,-0.10
1756,Marcos Llorente,13,546,42,16.0,6.1,5,82,3,8,17,10,2.38,12,5,+7,+1.15,-0.19,14.8,8.4,+6.4,+1.06,-0.06
1759,Giovani Lo Celso,33,1776,54,51.9,19.7,18,83,11,15,18,4,2.48,55,17,+38,+1.93,-0.32,45.0,20.6,+24.5,+1.24,-0.25
1762,Stanislav Lobotka,38,3061,81,89.5,34.0,34,88,30,4,15,0,1.29,54,54,0,0.00,+0.25,49.6,50.1,-0.5,-0.02,-0.07
1766,Enzo Loiodice,4,167,42,4.9,1.9,1,90,1,3,26,0,1.50,4,2,+2,+1.08,+1.63,3.0,2.6,+0.4,+0.21,+0.83
1771,David Lomban,13,994,76,29.1,11.0,11,85,9,2,32,16,1.08,10,17,-7,-0.63,-0.67,8.4,15.9,-7.6,-0.68,-0.83
1780,Rony Lopes,38,2531,67,74.0,28.1,32,74,6,6,26,0,2.11,67,32,+35,+1.24,+0.74,49.2,34.5,+14.7,+0.52,+0.61
1782,Adrian Lopez,30,2345,78,68.6,26.1,26,86,20,4,28,0,0.63,22,54,-32,-1.23,-0.73,36.6,41.3,-4.7,-0.18,+0.03
1789,Javi Lopez,14,966,69,28.2,10.7,12,79,9,2,10,8,1.79,14,8,+6,+0.56,+1.00,13.4,15.1,-1.7,-0.16,+0.18
1792,Maxime Lopez,24,1378,57,40.3,15.3,14,84,10,10,20,11,2.00,31,16,+15,+0.98,+0.19,30.5,14.4,+16.2,+1.06,+0.17
1794,Pedro Lopez Munoz,21,1594,76,46.6,17.7,18,82,12,3,39,13,1.36,17,22,-5,-0.28,+0.16,17.0,29.2,-12.2,-0.69,-0.36
1795,Pau Lopez,29,2567,89,75.1,28.5,28,90,28,1,47,9,1.24,24,31,-7,-0.25,-0.35,29.7,39.5,-9.8,-0.34,-0.20
1796,Pedro Lopez,5,412,82,12.0,4.6,4,90,4,1,52,8,1.00,6,8,-2,-0.44,-0.47,6.2,5.9,+0.3,+0.07,+0.17
1803,Anthony Lozano,14,471,34,13.8,5.2,4,74,1,10,17,2,1.43,6,12,-6,-1.15,-1.05,6.0,7.2,-1.2,-0.23,-0.27
1805,Filipe Luis,20,1659,83,48.5,18.4,19,87,16,1,3,3,2.15,31,10,+21,+1.14,+0.37,27.4,15.6,+11.7,+0.64,+0.50
1806,Jose Luis Gaya,34,2916,86,85.3,32.4,33,88,30,1,14,2,2.03,55,32,+23,+0.71,0.00,45.3,41.6,+3.7,+0.11,-0.60
1809,Luisinho,30,2622,87,76.7,29.1,29,90,28,1,21,2,0.67,29,60,-31,-1.06,-0.27,41.4,45.8,-4.4,-0.15,+0.16
1811,Douglas Luiz,15,309,21,9.0,3.4,1,90,1,14,16,13,1.27,4,10,-6,-1.75,-1.66,4.7,7.4,-2.7,-0.79,-0.87
1817,Sasa Lukic,16,994,62,29.1,11.0,12,77,6,4,19,10,1.38,16,23,-7,-0.63,-0.37,14.6,24.5,-9.9,-0.90,-0.57
1821,Antonio Luna,23,2021,88,59.1,22.5,22,88,21,1,77,10,1.13,27,35,-8,-0.36,+0.03,26.3,41.2,-14.9,-0.66,-0.41
1822,Arnaud Lusamba,4,162,41,4.7,1.8,1,90,1,3,24,7,0.00,0,4,-4,-2.22,-2.36,0.9,3.8,-2.9,-1.63,-1.70
1827,Cheikh M'Bengue,7,489,70,14.3,5.4,6,79,4,1,17,15,0.29,2,12,-10,-1.84,-2.06,4.4,10.7,-6.3,-1.17,-1.27
1833,Zinedine Machach,4,193,48,5.6,2.1,2,66,0,2,31,1,0.75,4,6,-2,-0.93,-0.54,2.1,2.7,-0.6,-0.28,-0.12
1835,Pablo Maffeo,33,2642,80,77.3,29.4,32,82,22,1,11,3,1.42,39,46,-7,-0.24,-0.01,37.8,39.0,-1.2,-0.04,-0.20
1842,Thiago Maia,34,2463,72,72.0,27.4,28,83,19,6,25,1,0.94,24,53,-29,-1.06,-1.34,21.7,44.2,-22.5,-0.82,-0.91
1847,Habib Maiga,13,708,54,20.7,7.9,7,86,6,6,17,8,1.15,5,16,-11,-1.40,-1.66,10.3,12.7,-2.4,-0.30,-0.28
1853,Jean-Victor Makengo,5,246,49,7.2,2.7,2,81,1,3,28,15,0.80,0,1,-1,-0.37,-0.42,1.2,2.7,-1.5,-0.55,-0.59
1854,Nemanja Maksimovic,15,557,37,16.3,6.2,6,81,4,9,8,16,2.40,7,8,-1,-0.16,-1.04,7.6,9.8,-2.2,-0.35,-0.67
1856,Malcom,35,2856,82,83.5,31.7,32,87,18,3,25,0,1.54,48,38,+10,+0.32,+1.11,43.4,33.1,+10.3,+0.32,+0.77
1857,Kevin Malcuit,23,1817,79,53.1,20.2,21,86,19,2,10,0,1.22,26,36,-10,-0.50,+0.40,22.1,29.6,-7.4,-0.37,+0.42
1867,Georges Mandjeck,14,968,69,28.3,10.8,11,80,6,3,29,2,0.71,13,27,-14,-1.30,-0.27,12.7,21.3,-8.6,-0.80,+0.02
1877,Thomas Mangani,35,3025,86,88.5,33.6,34,89,31,1,5,0,1.14,40,48,-8,-0.24,+0.22,42.9,41.3,+1.6,+0.05,+0.01
1881,Martin Mantovani,14,1022,73,29.9,11.4,10,90,10,4,31,4,1.07,10,17,-7,-0.62,-0.24,10.6,14.3,-3.7,-0.32,-0.18
1882,Jose Manuel Jurado,29,1501,52,43.9,16.7,20,67,4,9,19,4,1.24,14,19,-5,-0.30,-0.25,14.2,24.2,-10.0,-0.60,-0.55
1884,Harrison Manzala,37,1867,50,54.6,20.7,18,77,4,19,26,1,1.19,16,17,-1,-0.05,+0.18,16.2,28.9,-12.7,-0.61,-0.06
1885,Myziane Maolida,13,331,25,9.7,3.7,2,68,0,11,18,9,2.15,7,3,+4,+1.09,-0.08,5.7,3.5,+2.3,+0.61,0.00
1886,Faitout Maouassa,19,887,47,25.9,9.9,9,75,3,10,21,7,1.68,12,10,+2,+0.20,+0.06,10.2,11.6,-1.4,-0.15,-0.21
1887,Fernando Marcal,18,1295,72,37.9,14.4,14,87,11,4,21,14,2.39,39,9,+30,+2.08,+1.49,24.6,15.1,+9.5,+0.66,+0.08
1889,Marcelo,28,2260,81,66.1,25.1,26,85,21,2,23,2,1.86,62,31,+31,+1.23,-0.24,55.6,29.1,+26.5,+1.05,-0.16
1895,Oscar de Marcos,21,1658,79,48.5,18.4,20,82,14,1,23,1,1.24,22,23,-1,-0.05,+0.30,25.8,19.0,+6.8,+0.37,+0.75
1898,Jose Maria Gimenez,23,1690,73,49.4,18.8,17,90,17,6,27,8,2.17,34,14,+20,+1.07,+0.23,26.4,19.0,+7.4,+0.39,+0.03
1899,Mariano,34,2507,74,73.3,27.9,30,80,16,4,24,0,2.09,62,27,+35,+1.26,+0.37,44.0,28.9,+15.1,+0.54,-0.26
1901,Jordan Marie,27,1883,70,55.1,20.9,21,82,12,6,27,6,1.26,25,46,-21,-1.00,-1.18,21.8,38.4,-16.6,-0.79,-0.46
1902,Adrian Marin,3,233,78,6.8,2.6,2,89,1,1,56,10,1.33,5,4,+1,+0.39,+0.22,4.3,2.6,+1.7,+0.65,+0.70
1905,Guillermo Maripan,19,1528,80,44.7,17.0,17,89,16,2,7,13,1.32,18,20,-2,-0.12,+0.26,17.7,23.1,-5.5,-0.32,+0.25
1907,Marlon,23,1929,84,56.4,21.4,22,87,20,1,15,4,1.57,36,29,+7,+0.33,+0.69,27.5,30.2,-2.7,-0.13,-0.27
1910,Marquinhos,26,2262,87,66.1,25.1,25,89,23,1,45,7,2.27,61,20,+41,+1.63,-1.32,50.6,23.8,+26.8,+1.07,-0.87
1913,Roger Marti,17,963,57,28.2,10.7,10,78,5,7,26,2,1.59,17,15,+2,+0.19,+0.77,17.2,16.5,+0.8,+0.07,+0.79
1915,Aaron Martin,32,2815,88,82.3,31.3,31,90,30,1,35,5,1.31,28,35,-7,-0.22,-0.37,30.3,43.7,-13.4,-0.43,-0.76
1925,Roger Martinez,8,230,29,6.7,2.6,2,74,1,6,14,6,1.25,2,5,-3,-1.17,-1.46,2.5,3.1,-0.6,-0.23,-0.25
1927,Christopher Martins,2,69,35,2.0,0.8,1,50,0,1,19,1,1.50,1,2,-1,-1.30,-2.51,0.4,2.1,-1.7,-2.22,-2.89
1932,Javier Mascherano,7,541,77,15.8,6.0,6,90,6,1,1,7,3.00,19,1,+18,+2.99,+1.37,12.2,4.1,+8.0,+1.33,+0.28
1935,Eden Massouema,6,189,32,5.5,2.1,2,60,0,4,17,6,1.17,2,6,-4,-1.90,-1.51,2.2,4.1,-1.9,-0.90,-0.33
1959,Borja Mayoral,14,345,25,10.1,3.8,3,76,1,11,11,10,2.07,13,7,+6,+1.57,+0.28,10.9,5.1,+5.7,+1.50,+0.43
1960,Robert Mazan,2,81,41,2.4,0.9,1,57,0,1,24,16,1.50,0,3,-3,-3.33,-3.39,0.7,1.0,-0.3,-0.29,-0.29
1965,Kylian Mbappe,27,2094,78,61.2,23.3,24,85,19,3,17,2,2.30,60,20,+40,+1.72,-0.93,51.9,23.6,+28.3,+1.22,-0.38
1968,Adama Mbengue,19,1595,84,46.6,17.7,18,88,16,1,13,1,1.32,12,21,-9,-0.51,+0.28,22.3,23.7,-1.5,-0.08,+0.10
1969,Isaac Mbenza,38,2096,55,61.3,23.3,22,79,8,16,23,0,1.34,20,22,-2,-0.09,-0.43,26.7,22.1,+4.6,+0.20,+0.26
1985,Alvaro Medran,17,947,56,27.7,10.5,9,87,7,8,21,4,1.06,10,18,-8,-0.76,-0.69,10.7,18.1,-7.4,-0.70,-0.34
1993,Soualiho Meite,18,1335,74,39.0,14.8,15,84,12,3,23,0,1.94,26,14,+12,+0.81,+1.11,23.0,13.4,+9.7,+0.65,+0.75
1994,Soualiho Meite,2,96,48,2.8,1.1,1,90,1,1,6,1,1.50,2,3,-1,-0.94,-2.05,1.7,1.8,0.0,-0.04,-0.41
1998,Oscar Melendo,18,686,38,20.1,7.6,6,68,0,12,23,7,1.28,8,7,+1,+0.13,+0.36,10.5,10.5,0.0,0.00,+0.36
1999,Memphis,36,2555,71,74.7,28.4,28,84,14,8,27,1,2.06,67,25,+42,+1.48,+1.27,47.9,27.1,+20.8,+0.73,+0.48
2002,Pedro Mendes,34,2855,84,83.5,31.7,32,88,29,2,19,0,1.26,27,28,-1,-0.03,-0.67,33.7,30.7,+3.0,+0.09,0.00
2003,Thiago Mendes,31,2294,74,67.1,25.5,27,81,17,4,24,1,1.13,30,40,-10,-0.39,+0.89,24.4,37.8,-13.4,-0.53,+0.12
2004,Brais Mendez,20,948,47,27.7,10.5,12,68,2,8,16,13,1.25,15,18,-3,-0.28,-0.36,13.1,17.2,-4.1,-0.39,-0.53
2005,Stiven Mendoza,13,1032,79,30.2,11.5,12,83,6,1,31,0,1.23,13,13,0,0.00,+0.19,11.7,16.3,-4.5,-0.39,+0.27
2006,Alexandre Mendy,16,795,50,23.2,8.8,8,77,2,8,23,1,1.19,13,13,0,0.00,-0.17,12.5,9.4,+3.1,+0.35,+0.20
2008,Ferland Mendy,27,2122,79,62.0,23.6,24,87,21,3,10,5,1.81,48,33,+15,+0.64,-1.37,39.3,24.6,+14.7,+0.62,+0.03
2009,Nampalys Mendy,14,965,69,28.2,10.7,11,83,6,3,17,14,0.93,10,21,-11,-1.03,-1.47,12.8,17.1,-4.3,-0.40,-0.55
2010,Hamza Mendyl,12,851,71,24.9,9.5,9,86,8,3,25,12,1.42,15,17,-2,-0.21,+0.63,13.3,12.9,+0.4,+0.04,+0.81
2011,Gabriel Mercado,26,2118,81,61.9,23.5,25,84,19,1,14,3,1.73,29,30,-1,-0.04,+0.51,36.7,34.1,+2.6,+0.11,-0.07
2015,Sabin Merino,13,374,29,10.9,4.2,4,72,0,9,10,11,1.38,2,7,-5,-1.20,-1.11,5.9,9.5,-3.6,-0.86,-0.95
2019,Roque Mesa,7,343,49,10.0,3.8,4,78,2,3,11,5,2.00,6,8,-2,-0.52,-0.32,6.5,6.5,0.0,-0.01,-0.16
2020,Lionel Messi,36,3000,83,87.7,33.3,32,90,32,4,30,0,2.50,91,21,+70,+2.10,+2.10,76.0,32.7,+43.4,+1.30,+1.68
2021,Thomas Meunier,24,1578,66,46.1,17.5,16,88,14,8,21,11,2.25,53,13,+40,+2.28,+0.38,40.8,15.7,+25.2,+1.44,+0.14
2022,Mexer,17,1201,71,35.1,13.3,13,90,13,4,8,11,1.59,20,23,-3,-0.22,-0.59,17.8,21.0,-3.2,-0.24,-0.39
2029,Michel,28,2130,76,62.3,23.7,26,81,17,2,11,3,0.68,14,37,-23,-0.97,+0.91,21.5,41.2,-19.7,-0.83,+0.03
2030,Mathieu Michel,7,598,85,17.5,6.6,6,90,6,1,58,26,0.71,5,13,-8,-1.20,-1.14,5.8,9.7,-4.0,-0.60,-0.79
2031,Clement Michelin,7,275,39,8.0,3.1,4,59,2,3,13,9,1.57,2,4,-2,-0.65,-0.25,2.9,3.3,-0.4,-0.13,+0.05
2037,Danijel Milicevic,12,712,59,20.8,7.9,8,73,2,4,32,4,0.92,12,15,-3,-0.38,+0.92,9.5,17.5,-8.0,-1.02,-0.26
2044,Santi Mina,32,1554,49,45.4,17.3,17,76,7,15,17,4,1.88,31,23,+8,+0.46,-0.45,27.3,24.5,+2.8,+0.16,-0.07
2045,Yerry Mina,5,371,74,10.8,4.1,4,90,4,1,11,5,1.60,9,7,+2,+0.49,-1.52,7.3,8.3,-1.1,-0.26,-1.51
2052,Kostas Mitroglou,19,876,46,25.6,9.7,9,78,5,10,18,7,1.84,26,11,+15,+1.54,+0.90,23.1,8.9,+14.2,+1.46,+0.68
2058,Luka Modric,26,1970,76,57.6,21.9,23,83,14,3,23,5,1.85,53,19,+34,+1.55,+0.56,47.0,22.9,+24.1,+1.10,-0.02
2061,Johan Mojica,30,2135,71,62.4,23.7,22,88,18,8,25,4,1.13,30,38,-8,-0.34,-0.27,30.9,31.9,-1.0,-0.04,-0.13
2063,Jorge Molina,36,2786,77,81.5,31.0,31,86,20,5,26,0,1.42,36,27,+9,+0.29,+0.29,40.5,31.7,+8.8,+0.28,+0.33
2066,Francisco Molinero,10,579,58,16.9,6.4,5,90,5,5,26,26,1.60,6,6,0,0.00,-0.29,9.4,8.1,+1.3,+0.20,-0.02
2067,Florent Mollet,22,1412,64,41.3,15.7,16,81,8,6,20,5,0.77,19,32,-13,-0.83,+0.47,17.4,29.8,-12.4,-0.79,+0.05
2069,Momo,13,673,52,19.7,7.5,8,70,1,5,23,6,0.31,5,22,-17,-2.27,-1.19,8.0,15.1,-7.1,-0.95,-0.13
2071,Kevin Monnet-Paquet,30,1763,59,51.5,19.6,21,74,7,9,24,1,1.40,28,28,0,0.00,+0.16,27.9,27.0,+0.9,+0.05,+0.26
2076,Martin Montoya,25,2152,86,62.9,23.9,24,89,23,1,8,9,1.88,40,23,+17,+0.71,0.00,38.2,28.2,+10.0,+0.42,+0.58
2078,Shaquell Moore,6,424,71,12.4,4.7,5,81,4,1,19,5,0.83,2,10,-8,-1.70,-1.52,4.1,8.8,-4.7,-1.00,-0.58
2081,Emre Mor,23,665,29,19.4,7.4,4,77,2,19,19,4,1.17,11,11,0,0.00,+0.03,11.3,10.0,+1.4,+0.19,+0.24
2083,Sergio Mora,26,813,31,23.8,9.0,6,72,2,20,19,8,1.69,13,10,+3,+0.33,+0.12,13.9,10.1,+3.9,+0.43,+0.27
2084,Erik Moran,6,228,38,6.7,2.5,2,75,1,4,20,4,1.17,2,3,-1,-0.39,+0.06,3.7,3.1,+0.6,+0.24,+0.47
2087,Jeremy Morel,33,2916,88,85.3,32.4,32,90,32,1,36,0,2.06,73,37,+36,+1.11,-0.32,52.7,34.2,+18.5,+0.57,-0.28
2096,Loren Moron,15,1060,71,31.0,11.8,12,80,5,3,32,1,1.93,17,14,+3,+0.25,+0.41,13.5,13.3,+0.2,+0.02,+0.14
2099,Pedro Mosquera,23,1396,61,40.8,15.5,16,78,8,7,20,7,0.78,14,31,-17,-1.10,-0.16,20.7,22.8,-2.1,-0.14,+0.08
2101,Thiago Motta,19,1154,61,33.7,12.8,14,73,4,5,27,2,2.32,27,8,+19,+1.48,-0.90,24.7,10.6,+14.2,+1.10,-0.39
2102,Francois Moubandje,21,1699,81,49.7,18.9,20,84,15,1,10,5,1.43,24,25,-1,-0.05,+0.73,21.0,24.5,-3.5,-0.19,-0.03
2103,Jessy Moulin,4,305,76,8.9,3.4,3,90,3,1,35,32,0.75,3,6,-3,-0.89,-0.89,3.7,6.8,-3.1,-0.92,-0.92
2109,Joao Moutinho,33,2803,85,82.0,31.1,31,90,30,2,10,3,2.15,71,42,+29,+0.93,-0.67,50.9,41.6,+9.3,+0.30,-0.36
2110,Samuel Moutoussamy,7,431,62,12.6,4.8,4,76,1,3,43,7,1.14,3,4,-1,-0.21,-0.09,4.8,7.2,-2.5,-0.52,-0.71
2112,Ndombe Mubele,11,368,33,10.8,4.1,4,62,0,7,17,3,0.91,3,4,-1,-0.24,+0.20,4.3,4.9,-0.6,-0.16,+0.02
2113,Ndombe Mubele,19,1227,65,35.9,13.6,13,84,10,6,23,2,1.16,18,19,-1,-0.07,-0.36,16.7,21.0,-4.3,-0.31,-0.51
2115,Nordi Mukiele,33,2791,85,81.6,31.0,31,89,29,2,18,2,1.33,29,27,+2,+0.06,-0.08,36.8,32.5,+4.3,+0.14,+0.24
2116,Alex Mula,11,561,51,16.4,6.2,7,74,2,4,10,4,0.45,2,13,-11,-1.76,-0.95,5.4,12.3,-6.9,-1.11,-0.67
2122,Iker Muniain,14,780,56,22.8,8.7,7,88,5,7,24,1,1.07,10,12,-2,-0.23,-0.03,13.7,9.6,+4.1,+0.47,+0.63
2124,Ezequiel Munoz,19,1407,74,41.1,15.6,17,82,14,2,9,3,1.05,11,26,-15,-0.96,-0.87,13.4,22.9,-9.6,-0.61,-0.70
2125,Sulley Muntari,8,405,51,11.8,4.5,6,65,0,2,9,2,0.75,3,9,-6,-1.33,-0.38,5.5,6.0,-0.4,-0.10,+0.10
2127,Luis Muriel,29,1608,55,47.0,17.9,17,80,9,12,20,7,1.24,25,31,-6,-0.34,-0.19,27.2,29.9,-2.7,-0.15,-0.54
2128,Jeison Murillo,17,1374,81,40.2,15.3,15,87,13,2,31,7,2.35,33,10,+23,+1.51,+1.33,22.7,20.2,+2.6,+0.17,-0.06
2144,Alfred N'Diaye,2,101,51,3.0,1.1,1,90,1,1,11,0,0.00,0,4,-4,-3.56,-3.86,0.2,2.9,-2.7,-2.43,-2.50
2145,Kevin N'Doram,11,721,66,21.1,8.0,7,89,6,4,25,17,1.73,8,7,+1,+0.12,-1.18,7.6,9.4,-1.8,-0.23,-0.75
2146,Abdallah N'dour,5,253,51,7.4,2.8,3,81,2,2,5,0,0.60,4,7,-3,-1.07,-0.50,4.5,4.1,+0.5,+0.18,+0.55
2148,Clinton N'Jie,22,874,40,25.6,9.7,9,67,2,13,21,15,2.14,26,9,+17,+1.75,+1.18,25.0,8.7,+16.2,+1.67,+0.96
2152,Nacho,27,2074,77,60.6,23.0,22,86,20,5,36,6,2.07,66,27,+39,+1.69,+0.96,52.4,25.0,+27.4,+1.19,+0.20
2155,Matias Nahuel,7,251,36,7.3,2.8,3,68,0,4,12,6,0.86,1,7,-6,-2.15,-2.29,1.6,2.9,-1.3,-0.48,-0.43
2158,Prejuce Nakoulma,18,1148,64,33.6,12.8,13,79,7,5,25,6,1.06,14,16,-2,-0.16,-0.04,14.2,15.1,-0.9,-0.07,-0.25
2159,Naldo,11,921,84,26.9,10.2,10,88,9,1,45,18,1.45,13,9,+4,+0.39,+0.75,12.2,14.5,-2.3,-0.22,+0.09
2163,Nano,9,279,31,8.2,3.1,2,59,0,7,23,3,0.44,0,4,-4,-1.29,-1.00,3.6,6.1,-2.5,-0.79,-0.32
2164,Naranjo,16,562,35,16.4,6.2,6,68,0,10,15,11,0.88,5,7,-2,-0.32,+0.15,3.0,6.3,-3.3,-0.54,-0.40
2167,Juanjo Narvaez,7,304,43,8.9,3.4,4,68,1,3,10,6,1.00,3,10,-7,-2.07,-2.25,5.1,4.6,+0.5,+0.15,+0.25
2171,Fernando Navarro,15,1046,70,30.6,11.6,11,90,11,4,14,21,1.00,14,28,-14,-1.20,-0.29,15.2,20.1,-4.9,-0.42,-0.34
2172,Marc Navarro,19,1109,58,32.4,12.3,10,85,7,9,29,8,0.89,11,16,-5,-0.41,-0.37,13.0,15.2,-2.2,-0.18,+0.17
2173,Rafa Navarro,3,134,45,3.9,1.5,1,81,0,2,27,14,1.33,3,2,+1,+0.67,+0.73,3.4,1.5,+1.9,+1.28,+1.41
2174,Ximo Navarro,31,2608,84,76.3,29.0,29,88,28,2,22,4,0.68,14,49,-35,-1.21,+0.45,26.5,55.8,-29.3,-1.01,-0.71
2175,Jesus Navas,26,1763,68,51.5,19.6,20,84,16,6,13,2,1.38,21,28,-7,-0.36,-0.25,32.2,27.4,+4.8,+0.25,+0.22
2184,Tanguy Ndombele,32,2352,74,68.8,26.1,28,81,12,4,20,1,2.00,61,28,+33,+1.26,+0.34,45.1,24.5,+20.5,+0.79,+0.55
2192,Yeni Ngbakoto,16,576,36,16.8,6.4,4,74,0,12,24,1,1.00,10,13,-3,-0.47,-0.22,7.3,9.9,-2.6,-0.41,-0.38
2193,Santy Ngom,13,466,36,13.6,5.2,4,73,1,9,19,8,1.23,6,2,+4,+0.77,+1.05,8.0,4.4,+3.6,+0.70,+0.69
2194,Guy Ngosso,12,610,51,17.8,6.8,7,77,4,5,14,13,1.25,7,7,0,0.00,+0.16,5.0,6.8,-1.8,-0.27,+0.38
2196,Opa Nguette,17,1022,60,29.9,11.4,11,84,7,6,17,7,0.41,2,22,-20,-1.76,-0.94,13.1,19.6,-6.5,-0.57,+0.35
2197,Moussa Niakhate,35,3105,89,90.8,34.5,34,90,34,1,45,2,0.74,33,69,-36,-1.04,+0.67,37.5,66.4,-29.0,-0.84,-0.27
2198,Adama Niane,33,2164,66,63.3,24.0,25,81,13,8,17,1,0.91,19,34,-15,-0.62,+0.24,24.1,33.5,-9.3,-0.39,-0.06
2199,Ibrahima Niane,30,849,28,24.8,9.4,6,77,2,24,16,3,0.73,9,23,-14,-1.48,-0.50,9.6,17.4,-7.8,-0.83,-0.02
2204,Saul Niguez,36,3155,88,92.3,35.1,35,89,33,1,45,0,2.03,54,22,+32,+0.91,-0.45,44.8,33.6,+11.2,+0.32,-0.77
2205,Casimir Ninga,29,1283,44,37.5,14.3,13,70,1,16,24,6,1.28,13,13,0,0.00,-0.13,18.2,16.7,+1.5,+0.10,+0.01
2206,Benjamin Nivet,26,1369,53,40.0,15.2,16,72,1,10,22,1,0.81,15,26,-11,-0.72,-0.02,18.3,20.3,-2.0,-0.13,+0.39
2208,Jordan Nkololo,10,424,42,12.4,4.7,4,72,1,6,23,5,0.90,3,3,0,0.00,+0.75,7.2,4.8,+2.4,+0.51,+0.74
2211,Christopher Nkunku,20,631,32,18.5,7.0,6,78,2,14,12,14,2.55,20,7,+13,+1.85,-0.28,18.6,7.4,+11.2,+1.60,+0.30
2214,Vincent Nogueira,3,64,21,1.9,0.7,1,60,0,2,2,15,0.33,0,2,-2,-2.81,-2.25,0.3,1.6,-1.3,-1.84,-1.53
2215,Nolito,30,1600,53,46.8,17.8,17,77,5,13,22,3,1.30,27,33,-6,-0.34,-0.19,27.5,26.4,+1.1,+0.06,-0.14
2218,Paul-Georges Ntep,13,511,39,14.9,5.7,5,59,0,8,27,0,1.85,5,5,0,0.00,+0.09,6.2,8.1,-1.9,-0.33,-0.29
2226,Steven Nzonzi,27,2214,82,64.7,24.6,26,85,23,1,7,2,1.63,38,40,-2,-0.08,+0.44,41.8,34.2,+7.6,+0.31,+0.48
2231,Johann Obiang,8,470,59,13.7,5.2,5,82,3,3,21,10,0.25,2,13,-11,-2.11,-1.62,4.8,9.6,-4.8,-0.91,-0.63
2234,Lucas Ocampos,31,2038,66,59.6,22.6,23,81,15,8,23,2,2.13,50,22,+28,+1.24,+0.91,47.2,23.1,+24.1,+1.06,+0.26
2238,Alvaro Odriozola,35,2918,83,85.3,32.4,32,90,29,3,17,1,1.14,54,56,-2,-0.06,-1.68,44.2,45.0,-0.8,-0.03,-0.74
2248,Paulo Oliveira,26,2214,85,64.7,24.6,25,88,23,1,24,7,1.50,31,33,-2,-0.08,+0.22,27.3,26.6,+0.7,+0.03,+0.34
2249,Mathias Olivera,3,103,34,3.0,1.1,1,90,1,2,7,3,2.33,1,0,+1,+0.87,+0.66,0.6,1.2,-0.6,-0.49,-0.73
2254,Michael Olunga,14,433,31,12.7,4.8,4,71,1,10,15,12,1.29,9,6,+3,+0.62,+0.99,8.0,6.5,+1.5,+0.31,+0.35
2258,Javier Ontiveros,12,391,33,11.4,4.3,1,90,1,11,27,2,0.83,3,6,-3,-0.69,+0.32,5.8,7.1,-1.4,-0.32,+0.27
2263,Fabian Orellana,17,1180,69,34.5,13.1,13,82,8,4,28,0,1.41,18,10,+8,+0.61,+1.17,14.3,13.8,+0.5,+0.04,+0.20
2275,Otavio,21,1484,71,43.4,16.5,19,77,9,2,7,11,1.29,20,22,-2,-0.12,-0.45,20.0,19.6,+0.4,+0.03,-0.30
2278,Alexandre Oukidja,17,1457,86,42.6,16.2,16,90,15,1,19,16,1.00,19,29,-10,-0.62,-0.02,19.3,25.9,-6.6,-0.41,-0.12
2285,Mikel Oyarzabal,35,2772,79,81.1,30.8,31,85,19,4,31,0,1.31,53,45,+8,+0.26,+0.40,44.6,40.1,+4.6,+0.15,+0.34
2295,Fernando Pacheco,38,3358,88,98.2,37.3,37,90,37,1,28,0,1.24,40,50,-10,-0.27,-0.27,38.5,55.4,-16.9,-0.45,+0.31
2298,Vincent Pajot,20,1290,65,37.7,14.3,15,79,9,5,20,6,1.05,12,31,-19,-1.33,-2.00,14.7,21.8,-7.1,-0.50,-0.66
2308,Julian Palmieri,15,1127,75,33.0,12.5,13,80,8,2,45,0,1.07,19,21,-2,-0.16,+1.41,15.7,21.3,-5.5,-0.44,+0.55
2319,Ruben Pardo,6,221,37,6.5,2.5,3,64,0,3,10,10,2.00,5,5,0,0.00,-0.20,4.1,4.2,-0.2,-0.06,-0.16
2326,Thomas Partey,33,2377,72,69.5,26.4,28,81,18,5,20,2,2.06,35,13,+22,+0.83,-0.38,35.1,25.6,+9.4,+0.36,-0.07
2331,Javier Pastore,25,1347,54,39.4,15.0,14,82,6,11,18,3,2.32,41,12,+29,+1.94,-0.23,30.6,13.5,+17.2,+1.15,-0.35
2334,Paulinho,34,1945,57,56.9,21.6,21,81,13,13,18,2,2.47,55,16,+39,+1.80,-0.09,49.8,26.6,+23.1,+1.07,-0.06
2335,Gabriel Paulista,30,2584,86,75.6,28.7,29,89,28,1,13,3,1.97,49,27,+22,+0.77,+0.23,43.1,33.0,+10.0,+0.35,+0.60
2341,Mateo Pavlovic,24,1966,82,57.5,21.8,22,87,20,2,24,10,1.13,24,26,-2,-0.09,+0.40,26.5,25.8,+0.7,+0.03,-0.04
2344,Dimitri Payet,31,2347,76,68.6,26.1,28,81,15,3,28,0,2.03,57,34,+23,+0.88,+0.04,55.8,26.9,+28.9,+1.11,+0.48
2346,Giampaolo Pazzini,9,445,49,13.0,4.9,5,72,2,4,22,4,1.22,6,11,-5,-1.01,-0.74,5.3,10.3,-5.0,-1.01,-0.59
2347,Alfonso Pedraza,33,2440,74,71.3,27.1,27,85,20,6,25,2,1.24,28,38,-10,-0.37,-0.37,28.6,41.7,-13.1,-0.48,-0.09
2350,Stef Peeters,20,1109,55,32.4,12.3,11,83,8,9,22,9,0.70,10,22,-12,-0.97,-0.47,15.7,15.4,+0.3,+0.02,+0.23
2353,Bryan Pele,31,1615,52,47.2,17.9,19,72,7,12,20,2,0.87,13,27,-14,-0.78,-0.13,17.5,23.4,-5.9,-0.33,+0.08
2354,Yohann Pele,10,738,74,21.6,8.2,7,90,7,3,36,28,1.90,15,10,+5,+0.61,-0.33,15.1,8.5,+6.6,+0.80,-0.19
2359,Theo Pellenard,19,1428,75,41.8,15.9,16,88,14,3,9,8,1.37,18,24,-6,-0.38,-0.88,21.2,18.5,+2.7,+0.17,-0.05
2363,Ruben Pena,28,1732,62,50.6,19.2,18,84,12,10,22,10,1.50,20,23,-3,-0.16,0.00,19.2,22.7,-3.5,-0.18,-0.18
2366,Adalberto Penaranda,13,802,62,23.5,8.9,11,69,3,2,20,0,0.77,7,16,-9,-1.01,-0.05,9.3,14.6,-5.3,-0.60,-0.06
2367,Nicolas Pepe,36,2841,79,83.1,31.6,31,88,23,5,25,2,0.97,33,50,-17,-0.54,+0.86,30.4,42.5,-12.1,-0.38,+1.07
2368,Andreas Pereira,23,1078,47,31.5,12.0,12,76,3,11,15,3,1.74,22,17,+5,+0.42,-0.43,19.6,14.1,+5.6,+0.47,+0.38
2373,Hernan Perez,10,374,37,10.9,4.2,4,78,2,6,11,4,1.30,3,8,-5,-1.20,-1.06,3.3,9.0,-5.7,-1.38,-1.03
2374,Hernan Perez,4,142,36,4.2,1.6,1,70,0,3,24,5,0.25,0,2,-2,-1.27,-1.16,1.1,2.7,-1.6,-1.02,-0.76
2375,Lucas Perez,35,2797,80,81.8,31.1,31,87,28,4,23,0,0.77,32,63,-31,-1.00,+0.01,44.3,48.1,-3.7,-0.12,+0.37
2376,Ruben Perez,31,2516,81,73.6,28.0,29,84,23,2,37,2,1.29,27,30,-3,-0.11,+1.29,32.7,31.0,+1.7,+0.06,+0.99
2393,Chris Philipps,11,849,77,24.8,9.4,10,83,6,1,24,10,0.36,5,21,-16,-1.70,-0.79,9.7,15.7,-5.9,-0.63,+0.25
2395,Lebogang Phiri,22,1032,47,30.2,11.5,9,84,6,13,21,12,1.27,12,13,-1,-0.09,+0.29,11.4,15.4,-4.1,-0.35,-0.37
2396,Pablo Piatti,30,1738,58,50.8,19.3,22,69,4,8,28,0,1.33,16,20,-4,-0.21,-0.10,21.7,27.4,-5.8,-0.30,-0.01
2400,Ronael Pierre-Gabriel,16,1170,73,34.2,13.0,13,84,10,3,25,9,1.31,13,22,-9,-0.69,-0.93,15.3,20.6,-5.3,-0.41,-0.50
2402,Tomas Pina Isla,30,2387,80,69.8,26.5,28,84,20,2,22,5,1.37,29,32,-3,-0.11,+0.50,25.3,36.6,-11.4,-0.43,+0.10
2408,Gerard Pique,30,2632,88,77.0,29.2,29,89,27,1,60,6,2.57,81,23,+58,+1.98,+0.61,70.9,30.3,+40.6,+1.39,+1.28
2409,Facundo Piriz,15,807,54,23.6,9.0,8,89,7,7,14,14,1.33,6,7,-1,-0.11,-0.25,10.3,7.6,+2.8,+0.31,+0.28
2415,Guido Pizarro,24,1755,73,51.3,19.5,19,87,17,5,19,9,1.71,21,26,-5,-0.26,-0.04,29.6,29.4,+0.2,+0.01,-0.26
2421,Carles Planas,5,192,38,5.6,2.1,2,57,1,3,26,10,1.40,2,4,-2,-0.94,-0.74,3.2,2.2,+1.0,+0.47,+0.50
2422,Jaroslav Plasil,22,1044,47,30.5,11.6,11,77,5,11,18,11,1.36,13,12,+1,+0.09,-0.07,16.7,15.6,+1.1,+0.09,-0.15
2424,Alassane Plea,35,3041,87,88.9,33.8,34,89,32,1,19,0,1.34,49,47,+2,+0.06,+0.30,45.5,43.2,+2.3,+0.07,+0.69
2425,Morgan Poaty,3,171,57,5.0,1.9,2,70,0,1,31,7,1.67,3,1,+2,+1.05,+1.02,2.3,1.1,+1.1,+0.60,+0.53
2426,Geronimo Poblete,25,1656,66,48.4,18.4,17,87,15,8,23,7,0.76,13,38,-25,-1.36,-0.49,18.1,33.1,-15.0,-0.82,0.00
2427,Florentin Pogba,5,321,64,9.4,3.6,4,69,2,1,45,1,0.20,3,11,-8,-2.24,-2.39,4.1,5.7,-1.6,-0.46,-0.41
2437,Ezequiel Ponce,28,1097,39,32.1,12.2,8,80,3,20,23,8,1.11,18,21,-3,-0.25,+0.64,11.5,19.0,-7.5,-0.61,-0.07
2438,Pere Pons,31,2559,83,74.8,28.4,30,85,24,1,12,3,1.39,37,43,-6,-0.21,+0.10,38.3,36.9,+1.4,+0.05,+0.17
2442,Francisco Portillo,33,2460,75,71.9,27.3,28,83,15,5,26,4,1.36,31,23,+8,+0.29,+0.20,37.0,27.7,+9.3,+0.34,+0.41
2444,Portu,37,2997,81,87.6,33.3,35,84,16,2,21,0,1.38,49,51,-2,-0.06,+1.43,43.9,43.3,+0.6,+0.02,+0.09
2446,Sergio Postigo,30,2425,81,70.9,26.9,27,88,24,3,19,3,1.27,32,39,-7,-0.26,+0.37,33.0,43.1,-10.1,-0.37,+0.42
2453,Sanjin Prcic,19,1565,82,45.8,17.4,18,86,14,1,16,2,1.63,25,16,+9,+0.52,+0.66,25.7,19.1,+6.6,+0.38,+0.68
2454,Nicolas de Preville,29,1935,67,56.6,21.5,22,78,10,7,32,2,1.10,15,28,-13,-0.60,-1.70,22.3,24.6,-2.3,-0.11,-0.70
2455,Nicolas de Preville,4,285,71,8.3,3.2,3,80,1,1,45,0,1.00,4,5,-1,-0.32,+0.40,3.7,6.4,-2.7,-0.84,-0.30
2457,Xabi Prieto,26,1929,74,56.4,21.4,24,80,11,2,5,0,1.23,41,41,0,0.00,-0.42,30.8,29.8,+1.0,+0.05,-0.08
2478,Dani Raba,21,1110,53,32.5,12.3,14,69,2,7,20,3,1.76,13,8,+5,+0.41,+0.33,16.5,16.0,+0.5,+0.04,+0.06
2479,Adrien Rabiot,33,2362,72,69.1,26.2,27,83,17,6,22,1,2.42,69,19,+50,+1.91,-0.56,55.5,23.4,+32.1,+1.22,-0.45
2481,Nemanja Radoja,26,1105,43,32.3,12.3,11,76,4,15,18,4,1.46,16,24,-8,-0.65,-0.92,22.5,16.7,+5.8,+0.47,+0.71
2485,Rafael,24,1812,76,53.0,20.1,22,81,14,2,16,11,2.29,53,21,+32,+1.59,+0.92,37.7,18.8,+18.9,+0.94,+0.69
2489,Andrea Raggi,20,1607,80,47.0,17.9,18,86,15,2,26,10,2.10,41,23,+18,+1.01,-0.08,30.6,22.8,+7.7,+0.43,+0.13
2493,Ivan Rakitic,35,2835,81,82.9,31.5,31,87,24,4,31,1,2.51,82,22,+60,+1.90,+0.37,70.4,30.0,+40.4,+1.28,+1.11
2496,Jonas Ramalho,26,2298,88,67.2,25.5,25,90,25,1,48,9,1.31,35,42,-7,-0.27,-0.11,31.8,34.9,-3.1,-0.12,-0.38
2498,Benito Ramirez,4,166,42,4.9,1.8,1,90,1,3,25,3,0.00,1,6,-5,-2.71,-1.47,3.1,4.4,-1.3,-0.70,+0.15
2501,Sandro Ramirez,13,717,55,21.0,8.0,7,80,3,6,27,2,1.38,10,17,-7,-0.88,-0.81,14.4,12.2,+2.3,+0.28,+0.19
2502,Tono Ramirez,4,316,79,9.2,3.5,3,90,3,1,46,29,1.50,7,6,+1,+0.28,+0.11,6.5,4.8,+1.8,+0.50,+0.46
2503,Ivan Ramis,16,1302,81,38.1,14.5,15,84,12,1,40,4,1.00,12,14,-2,-0.14,+0.03,16.4,17.4,-1.0,-0.07,+0.04
2504,Omar Ramos,23,1448,63,42.3,16.1,18,73,4,5,28,0,1.22,15,24,-9,-0.56,-0.19,16.4,19.1,-2.7,-0.17,+0.06
2517,Pedro Rebocho,21,1721,82,50.3,19.1,19,88,16,2,26,10,1.43,25,23,+2,+0.10,+0.79,19.1,23.6,-4.5,-0.23,-0.29
2519,Recio,22,1837,84,53.7,20.4,21,87,16,1,11,0,0.50,12,30,-18,-0.88,+0.20,19.6,31.9,-12.3,-0.60,-0.11
2530,Jeff Reine-Adelaide,10,439,44,12.8,4.9,7,53,0,3,22,0,1.20,5,1,+4,+0.82,+1.24,5.5,3.7,+1.7,+0.36,+0.36
2533,Loic Remy,12,766,64,22.4,8.5,6,90,6,6,38,0,0.92,11,20,-9,-1.06,+0.33,13.0,17.5,-4.4,-0.52,+0.42
2534,Loic Remy,11,457,42,13.4,5.1,6,62,0,5,17,1,1.73,6,5,+1,+0.20,-0.05,6.2,4.3,+1.9,+0.38,+0.18
2535,Jan Repas,15,902,60,26.4,10.0,12,70,4,3,20,15,0.93,5,11,-6,-0.60,+0.08,11.6,12.7,-1.1,-0.11,+0.04
2541,Federico Ricca,14,1109,79,32.4,12.3,13,83,10,1,35,2,0.21,4,22,-18,-1.46,-0.72,10.2,18.8,-8.6,-0.70,-0.22
2551,Mikel Rico,17,1171,69,34.2,13.0,13,85,11,4,16,6,1.35,15,10,+5,+0.38,+0.90,18.0,16.1,+2.0,+0.15,+0.26
2552,Sergio Rico,24,2156,90,63.0,24.0,23,90,23,1,86,14,1.42,29,39,-10,-0.42,-0.49,37.9,33.1,+4.8,+0.20,+0.17
2563,Cristian Rivera,7,246,35,7.2,2.7,2,90,2,5,13,5,0.43,1,9,-8,-2.93,-2.98,1.7,5.3,-3.6,-1.31,-1.32
2564,Emmanuel Riviere,28,2009,72,58.7,22.3,23,82,11,5,26,0,0.79,23,41,-18,-0.81,+0.72,24.1,39.4,-15.3,-0.69,+0.31
2565,Jonathan Rivierez,26,2064,79,60.4,22.9,24,85,20,2,13,6,0.81,23,43,-20,-0.87,+0.59,25.8,42.2,-16.4,-0.72,+0.25
2570,Rober,25,1909,76,55.8,21.2,19,88,18,6,41,7,1.28,26,34,-8,-0.38,-0.02,28.2,38.2,-10.0,-0.47,+0.06
2574,Sergi Roberto,30,2225,74,65.1,24.7,24,86,17,6,26,0,2.47,58,12,+46,+1.86,+0.05,53.5,23.0,+30.5,+1.23,+0.40
2580,Marc Roca,8,264,33,7.7,2.9,2,68,1,6,22,17,2.13,6,3,+3,+1.02,+1.28,5.3,4.6,+0.7,+0.23,+0.56
2584,Ruben Rochina,5,151,30,4.4,1.7,1,74,0,4,19,3,1.50,4,6,-2,-1.19,-0.86,1.6,4.7,-3.1,-1.84,-1.41
2585,Ronny Rodelin,37,3161,85,92.4,35.1,36,87,30,1,35,0,1.03,25,46,-21,-0.60,+0.79,41.4,43.2,-1.8,-0.05,+1.14
2587,Rodri,37,3227,87,94.4,35.9,36,89,34,1,34,0,1.65,54,45,+9,+0.25,+1.18,49.8,49.8,+0.1,0.00,+0.10
2588,Rodrigo,37,2684,73,78.5,29.8,31,82,13,6,26,0,1.89,47,23,+24,+0.80,+0.44,43.3,35.0,+8.3,+0.28,+0.35
2589,Kevin Rodrigues,20,1635,82,47.8,18.2,18,90,18,2,8,9,1.40,39,31,+8,+0.44,+0.49,31.8,24.5,+7.2,+0.40,+0.60
2590,Angel Rodriguez,33,2293,69,67.0,25.5,26,81,13,7,27,3,1.45,32,14,+18,+0.71,+1.43,35.5,23.6,+11.8,+0.47,+0.73
2602,Diego Rolan,26,1946,75,56.9,21.6,21,86,17,5,27,0,0.35,14,42,-28,-1.29,-0.75,21.8,41.0,-19.2,-0.89,-0.78
2603,Rolando,31,2511,81,73.4,27.9,28,87,25,3,26,2,2.00,61,38,+23,+0.82,-0.17,59.5,31.1,+28.4,+1.02,+0.23
2604,Esteban Rolon,8,418,52,12.2,4.6,6,69,1,2,3,13,0.88,1,12,-11,-2.37,-1.59,3.1,9.9,-6.8,-1.45,-1.03
2610,Oscar Romero,5,251,50,7.3,2.8,2,90,2,3,24,2,0.00,0,4,-4,-1.43,-1.26,2.1,6.5,-4.4,-1.57,-1.20
2615,Facundo Roncaglia,21,1492,71,43.6,16.6,17,84,14,4,17,9,1.38,26,29,-3,-0.18,-0.27,27.0,21.7,+5.3,+0.32,+0.58
2617,Valentin Rongier,32,2350,73,68.7,26.1,29,80,15,3,11,2,1.13,21,37,-16,-0.61,-1.54,28.4,27.8,+0.5,+0.02,-0.25
2626,Valentin Rosier,36,2780,77,81.3,30.9,31,88,27,5,11,1,1.33,43,60,-17,-0.55,-0.41,33.6,54.1,-20.5,-0.66,-0.43
2632,Nolan Roux,35,2834,81,82.9,31.5,33,85,20,2,22,0,0.71,29,58,-29,-0.92,+1.08,33.1,58.9,-25.9,-0.82,-0.04
2633,Ruben,28,2478,89,72.5,27.5,27,90,27,1,48,0,0.68,25,58,-33,-1.20,-0.72,36.0,43.3,-7.3,-0.26,-0.28
2642,Fabian Ruiz Pena,34,2659,78,77.7,29.5,30,87,23,4,13,2,1.59,48,45,+3,+0.10,+0.57,35.9,39.1,-3.1,-0.11,-0.11
2644,Antonio Rukavina,17,1272,75,37.2,14.1,14,87,13,3,19,18,1.76,22,17,+5,+0.35,+0.27,20.3,22.4,-2.1,-0.15,-0.23
2650,Idriss Saadi,26,941,36,27.5,10.5,10,77,5,16,11,8,0.69,8,26,-18,-1.72,-1.54,10.5,21.1,-10.6,-1.02,-0.93
2655,Enric Saborit,19,1428,75,41.8,15.9,16,86,12,3,15,3,1.42,12,15,-3,-0.19,+0.04,18.5,18.0,+0.5,+0.03,+0.08
2656,Ihsan Sacko,8,257,32,7.5,2.9,3,77,1,5,5,1,1.13,3,3,0,0.00,-0.03,1.9,4.6,-2.7,-0.95,-1.02
2657,Ihsan Sacko,17,709,42,20.7,7.9,8,72,3,9,15,3,1.00,7,15,-8,-1.02,-0.52,8.7,14.3,-5.6,-0.71,-0.47
2658,Mujaid Sadick,2,106,53,3.1,1.2,1,90,1,1,16,0,0.00,2,3,-1,-0.85,+0.16,2.5,2.9,-0.3,-0.27,-0.08
2659,Armando Sadiku,6,267,45,7.8,3.0,4,53,0,2,28,3,0.83,3,5,-2,-0.67,-0.33,3.4,6.4,-3.0,-1.01,-0.56
2666,Wesley Said,29,1839,63,53.8,20.4,20,81,10,9,24,1,1.28,32,43,-11,-0.54,-0.14,22.1,33.5,-11.4,-0.56,+0.05
2667,Allan Saint-Maximin,30,2246,75,65.7,25.0,26,82,6,4,28,2,1.53,43,33,+10,+0.40,+1.09,37.2,31.3,+5.9,+0.24,+0.71
2671,Hiroki Sakai,33,2520,76,73.7,28.0,30,82,24,3,16,2,2.00,60,36,+24,+0.86,-0.04,57.6,33.5,+24.1,+0.86,-0.37
2673,Diafra Sakho,13,778,60,22.7,8.6,7,82,3,6,34,0,1.62,10,6,+4,+0.46,+0.39,11.8,11.4,+0.4,+0.05,+0.05
2676,Emiliano Sala,36,3031,84,88.6,33.7,34,87,29,2,31,0,1.42,33,35,-2,-0.06,+0.63,38.9,31.7,+7.2,+0.21,+1.01
2683,Yannis Salibur,22,1521,69,44.5,16.9,19,78,8,3,12,3,1.41,20,18,+2,+0.12,+0.73,19.3,18.7,+0.6,+0.04,+0.23
2686,Yoann Salmier,14,1107,79,32.4,12.3,12,87,10,2,32,19,1.21,14,23,-9,-0.73,-0.19,14.4,19.4,-5.0,-0.41,-0.10
2688,Brice Samba,4,316,79,9.2,3.5,3,90,3,1,46,33,1.00,3,4,-1,-0.28,+0.41,3.9,4.6,-0.7,-0.21,-0.08
2689,Junior Sambia,28,1543,55,45.1,17.1,16,81,8,12,21,7,1.43,16,13,+3,+0.17,+0.17,17.3,19.4,-2.1,-0.12,-0.40
2690,Frederic Sammaritano,26,1429,55,41.8,15.9,16,79,4,10,17,4,1.08,23,28,-5,-0.31,+0.27,14.9,23.3,-8.3,-0.53,+0.10
2692,Jairo Samperio,11,556,51,16.3,6.2,6,67,0,5,30,4,0.45,3,18,-15,-2.43,-1.33,7.2,16.6,-9.4,-1.52,-0.81
2696,Mikel San Jose,26,2155,83,63.0,23.9,24,86,20,2,51,7,1.00,24,36,-12,-0.50,-0.79,29.2,33.0,-3.9,-0.16,-0.39
2697,Antonio Sanabria,17,853,50,24.9,9.5,8,81,5,9,23,2,1.59,22,17,+5,+0.53,+0.74,12.9,12.6,+0.3,+0.03,+0.15
2704,Carlos Sanchez,14,1122,80,32.8,12.5,13,86,11,1,5,2,1.43,14,11,+3,+0.24,+0.59,13.7,15.7,-2.0,-0.16,+0.20
2706,Sergio Sanchez,2,101,51,3.0,1.1,1,68,0,1,33,10,0.50,0,1,-1,-0.89,-0.76,1.8,1.9,-0.1,-0.08,+0.22
2707,Victor Sanchez,30,2457,82,71.8,27.3,29,83,22,1,45,2,1.37,28,31,-3,-0.11,+0.17,25.6,35.8,-10.2,-0.37,-0.28
2715,Ibrahim Sangare,20,1588,79,46.4,17.6,18,87,15,2,14,8,1.15,21,25,-4,-0.23,+0.36,21.6,25.1,-3.5,-0.20,-0.05
2716,Younousse Sankhare,29,1881,65,55.0,20.9,20,79,11,9,34,4,1.52,32,28,+4,+0.19,+0.13,29.9,22.8,+7.0,+0.34,+0.31
2717,Baissama Sankoh,26,1540,59,45.0,17.1,15,85,12,11,24,7,1.04,13,31,-18,-1.05,-0.72,18.9,25.2,-6.3,-0.37,-0.42
2719,Yaya Sanogo,27,1513,56,44.2,16.8,17,78,8,10,19,2,0.96,19,24,-5,-0.30,+0.22,20.9,23.1,-2.2,-0.13,+0.08
2721,Morgan Sanson,33,2165,66,63.3,24.1,25,80,9,8,22,3,1.94,43,31,+12,+0.50,-1.01,42.1,28.3,+13.7,+0.57,-1.05
2722,Nicola Sansone,18,635,35,18.6,7.1,5,68,1,13,23,6,1.78,17,11,+6,+0.85,+0.82,11.7,9.0,+2.7,+0.38,+0.47
2723,Baptiste Santamaria,31,2591,84,75.8,28.8,30,85,22,1,40,2,1.06,28,43,-15,-0.52,-1.06,33.2,35.0,-1.8,-0.06,-0.45
2724,Ivan Santini,32,2777,87,81.2,30.9,31,89,30,1,16,1,1.00,22,45,-23,-0.75,-0.47,34.5,39.3,-4.8,-0.16,-0.10
2726,Christian Santos,10,436,44,12.7,4.8,5,79,3,5,8,3,1.20,3,8,-5,-1.03,-0.88,4.1,6.9,-2.8,-0.57,-0.13
2732,Pablo Sarabia,34,2395,70,70.0,26.6,27,82,15,7,24,1,1.50,36,35,+1,+0.04,+0.92,42.2,35.3,+6.9,+0.26,+0.41
2734,Bouna Sarr,29,1789,62,52.3,19.9,18,86,15,11,22,6,1.93,43,20,+23,+1.16,+0.61,45.4,18.9,+26.5,+1.33,+0.79
2735,Ismaila Sarr,24,1858,77,54.3,20.6,22,83,12,2,19,0,1.54,29,24,+5,+0.24,+0.18,31.4,24.6,+6.8,+0.33,+0.70
2736,Malang Sarr,21,1322,63,38.7,14.7,13,87,11,8,24,11,1.38,19,18,+1,+0.07,+0.07,17.7,19.1,-1.3,-0.09,-0.14
2739,Stefan Savic,27,2299,85,67.2,25.5,26,88,25,1,21,4,1.93,31,15,+16,+0.63,-0.98,30.7,25.2,+5.5,+0.22,-0.50
2769,Ernest Seka,27,2178,81,63.7,24.2,25,86,22,2,19,10,1.15,35,44,-9,-0.37,+0.64,32.3,37.8,-5.6,-0.23,+0.30
2770,Vahid Selimovic,13,1056,81,30.9,11.7,12,85,9,1,37,8,1.00,15,23,-8,-0.68,+0.61,12.3,22.6,-10.2,-0.87,-0.08
2772,Ole Selnaes,26,2058,79,60.2,22.9,23,84,18,3,39,6,1.77,33,27,+6,+0.26,+0.86,33.6,33.8,-0.2,-0.01,+0.18
2773,Nelson Semedo,24,1493,62,43.7,16.6,17,81,11,7,16,6,2.46,50,18,+32,+1.93,+0.15,36.2,19.8,+16.3,+0.98,-0.20
2774,Ruben Semedo,4,231,58,6.8,2.6,3,76,2,1,4,3,0.75,0,7,-7,-2.73,-3.12,1.9,4.6,-2.7,-1.06,-1.13
2778,Jean Seri,31,2615,84,76.5,29.1,30,86,21,1,22,1,1.58,47,40,+7,+0.24,+0.91,41.1,35.8,+5.3,+0.18,+0.80
2780,Julien Serrano,4,280,70,8.2,3.1,3,90,3,1,10,2,2.25,6,1,+5,+1.61,+0.60,5.9,3.2,+2.7,+0.87,+0.56
2782,Gregory Sertic,7,350,50,10.2,3.9,3,90,3,4,20,8,1.86,8,12,-4,-1.03,-2.11,9.4,11.0,-1.6,-0.42,-1.53
2784,Stephane Sessegnon,16,985,62,28.8,10.9,11,80,5,5,21,4,1.56,10,5,+5,+0.46,+0.53,12.0,9.5,+2.5,+0.23,+0.19
2792,Gaku Shibasaki,22,1002,46,29.3,11.1,12,68,1,10,19,6,1.23,8,7,+1,+0.09,-0.21,14.0,11.4,+2.6,+0.23,+0.02
2793,Djibril Sidibe,27,2153,80,63.0,23.9,25,85,19,2,18,2,2.19,60,30,+30,+1.25,+0.54,42.2,28.0,+14.2,+0.59,+0.62
2804,Gabriel Silva,25,2077,83,60.7,23.1,23,88,19,2,25,1,1.60,29,25,+4,+0.17,+0.64,33.8,30.2,+3.5,+0.15,+0.60
2808,Thiago Silva,25,2115,85,61.8,23.5,24,86,22,1,45,7,2.56,76,16,+60,+2.55,+1.24,54.9,18.8,+36.1,+1.54,+0.46
2814,David Simon,11,721,66,21.1,8.0,6,89,5,5,37,8,0.36,3,19,-16,-2.00,-0.86,8.8,13.1,-4.3,-0.54,+0.39
2820,Giovanni Sio,33,2193,66,64.1,24.4,27,77,10,6,18,0,1.27,25,23,+2,+0.08,+0.01,30.0,25.2,+4.8,+0.20,+0.28
2826,Pione Sisto,34,2517,74,73.6,28.0,31,79,10,3,26,3,1.35,47,38,+9,+0.32,+1.32,39.0,41.9,-2.9,-0.10,-0.36
2836,Naim Sliti,31,2290,74,67.0,25.4,26,83,14,5,27,1,1.16,35,46,-11,-0.43,+0.13,29.3,44.5,-15.2,-0.60,-0.05
2842,Wesley Sneijder,5,399,80,11.7,4.4,4,89,3,1,45,1,0.80,4,8,-4,-0.90,-1.05,4.8,7.4,-2.6,-0.59,-0.66
2845,Ruben Sobrino,28,1466,52,42.9,16.3,15,82,9,13,18,2,1.04,16,25,-9,-0.55,-0.51,15.0,28.4,-13.4,-0.82,-0.63
2848,Carlos Soler,33,2365,72,69.2,26.3,27,82,11,6,24,0,2.03,46,21,+25,+0.95,+0.78,40.4,30.0,+10.4,+0.40,+0.63
2850,Somalia,27,2002,74,58.5,22.2,23,81,11,4,35,2,1.04,19,31,-12,-0.54,-0.29,23.8,31.2,-7.5,-0.34,-0.39
2857,Roberto Soriano,22,1139,52,33.3,12.7,11,74,4,11,29,2,1.50,13,18,-5,-0.40,-0.87,15.6,20.9,-5.3,-0.42,-0.62
2865,Boubakary Soumare,14,511,37,14.9,5.7,3,90,3,11,22,17,1.00,6,9,-3,-0.53,+0.18,4.7,8.3,-3.6,-0.62,-0.07
2867,Arnaud Souquet,29,2415,83,70.6,26.8,27,88,25,2,16,2,1.55,41,37,+4,+0.15,+0.42,37.8,34.1,+3.6,+0.14,+0.48
2875,Bassem Srarfi,26,870,33,25.4,9.7,10,70,1,16,11,9,1.23,11,12,-1,-0.10,-0.17,11.1,10.1,+1.1,+0.11,+0.16
2883,Timo Stavitski,9,401,45,11.7,4.5,3,73,1,6,30,4,0.89,3,4,-1,-0.22,+0.49,3.6,6.6,-3.0,-0.67,-0.61
2912,Cristhian Stuani,33,2710,82,79.2,30.1,32,84,18,1,24,3,1.42,36,44,-8,-0.27,-0.14,38.4,37.0,+1.4,+0.05,+0.20
2917,Denis Suarez,18,595,33,17.4,6.6,4,82,3,14,19,9,2.39,23,5,+18,+2.72,+1.07,18.2,10.9,+7.3,+1.11,+0.01
2919,Luis Suarez,33,2899,88,84.8,32.2,32,90,28,1,30,2,2.42,82,25,+57,+1.77,-0.48,70.7,34.5,+36.2,+1.12,+0.20
2924,Isaac Success,9,492,55,14.4,5.5,7,67,1,2,13,3,0.44,4,10,-6,-1.10,-0.14,5.7,9.3,-3.6,-0.66,-0.12
2929,Gilles Sunu,20,655,33,19.2,7.3,5,62,0,15,23,11,0.90,9,10,-1,-0.14,+0.16,8.8,9.4,-0.6,-0.08,-0.16
2931,Markel Susaeta,34,2264,67,66.2,25.2,26,80,12,8,22,4,1.09,31,34,-3,-0.12,+0.27,33.2,34.2,-1.0,-0.04,-0.07
2934,Seydou Sy,3,256,85,7.5,2.8,2,90,2,1,76,14,2.00,8,4,+4,+1.41,+0.38,3.3,4.8,-1.5,-0.54,-0.97
2935,Issiaga Sylla,25,1602,64,46.8,17.8,17,88,15,8,13,10,0.88,13,28,-15,-0.84,-0.79,17.9,26.6,-8.6,-0.49,-0.59
2936,Moussa Sylla,5,304,61,8.9,3.4,3,86,2,2,23,5,2.00,6,1,+5,+1.48,+0.47,5.3,3.5,+1.8,+0.53,+0.18
2940,Alexander Soderlund,12,363,30,10.6,4.0,2,47,0,10,27,3,0.58,5,9,-4,-0.99,-1.02,5.4,6.7,-1.4,-0.34,-0.28
2945,Franck Tabanou,15,1048,70,30.6,11.6,12,86,10,3,6,4,1.20,10,23,-13,-1.12,-1.19,13.6,15.7,-2.2,-0.19,-0.13
2949,Mehdi Tahrat,7,443,63,13.0,4.9,6,73,3,1,6,10,1.29,5,5,0,0.00,+0.30,6.2,5.4,+0.8,+0.16,+0.13
2951,Flavien Tait,31,2235,72,65.4,24.8,26,81,9,5,25,2,1.06,28,29,-1,-0.04,+0.64,31.2,30.2,+0.9,+0.04,-0.03
2952,Adrien Tameze,26,1681,65,49.2,18.7,19,83,11,7,16,4,1.54,26,19,+7,+0.37,+0.69,22.0,23.1,-1.1,-0.06,-0.10
2953,Tana,24,1552,65,45.4,17.2,16,81,8,8,32,1,0.67,10,30,-20,-1.16,+0.29,16.9,30.5,-13.5,-0.78,+0.11
2955,Oussama Tannane,10,573,57,16.8,6.4,7,70,3,3,28,0,1.00,7,15,-8,-1.26,+0.07,9.4,13.0,-3.6,-0.57,+0.33
2956,Oussama Tannane,6,207,35,6.1,2.3,2,70,0,4,17,4,1.83,2,2,0,0.00,+0.08,2.2,2.9,-0.7,-0.30,-0.23
2960,Julio Tavares,26,2055,79,60.1,22.8,23,86,19,3,24,1,1.50,35,34,+1,+0.04,+1.30,27.2,34.0,-6.8,-0.30,+0.71
2971,Cristian Tello,32,1693,53,49.5,18.8,16,84,9,16,22,2,1.69,32,31,+1,+0.05,+0.16,21.5,29.0,-7.5,-0.40,-0.63
2976,Martin Terrier,25,1672,67,48.9,18.6,19,82,12,6,19,0,0.92,23,34,-11,-0.59,+0.03,23.3,31.2,-7.9,-0.43,-0.17
2978,Kenny Tete,22,1608,73,47.0,17.9,16,90,16,6,28,13,1.91,34,22,+12,+0.67,-0.92,25.5,23.3,+2.2,+0.12,-0.93
2982,Kevin Theophile-Catherine,25,2165,87,63.3,24.1,24,90,24,1,5,8,1.48,27,34,-7,-0.29,-0.58,29.9,36.3,-6.4,-0.26,-0.50
2990,Adrien Thomasson,36,2578,72,75.4,28.6,29,82,13,7,30,1,1.33,27,33,-6,-0.21,-0.32,30.1,28.5,+1.6,+0.06,-0.17
2993,Marcus Thuram,32,1929,60,56.4,21.4,20,84,13,12,20,3,1.25,30,38,-8,-0.37,-0.19,30.9,27.4,+3.5,+0.16,+0.59
2994,Youri Tielemans,27,1569,58,45.9,17.4,18,81,11,9,13,5,2.26,37,17,+20,+1.15,+0.17,26.8,21.7,+5.0,+0.29,-0.14
2995,David Timor,17,925,54,27.0,10.3,10,83,7,7,13,10,1.71,11,13,-2,-0.19,+0.06,12.3,13.2,-0.9,-0.09,-0.13
2998,Tito,9,610,68,17.8,6.8,6,90,6,3,23,10,1.00,8,11,-3,-0.44,+0.01,5.1,10.5,-5.4,-0.80,-0.73
2999,Ola Toivonen,23,800,35,23.4,8.9,8,64,0,15,19,9,1.35,10,12,-2,-0.23,+0.26,13.0,12.5,+0.5,+0.05,+0.30
3000,Karl Toko Ekambi,37,3040,82,88.9,33.8,33,88,29,4,31,0,1.08,38,47,-9,-0.27,-0.03,44.2,41.0,+3.3,+0.10,+0.44
3001,Hernan Toledo,15,624,42,18.2,6.9,6,77,4,9,18,6,0.60,5,17,-12,-1.73,-0.51,7.2,15.3,-8.1,-1.16,-0.39
3019,Daniel Torres,18,1217,68,35.6,13.5,14,84,10,4,11,17,1.28,13,19,-6,-0.44,-0.28,14.4,21.8,-7.4,-0.55,-0.14
3021,Fernando Torres,27,982,36,28.7,10.9,7,83,4,20,20,10,2.04,10,9,+1,+0.09,-1.20,14.7,11.6,+3.1,+0.28,-0.14
3022,Ferran Torres,13,311,24,9.1,3.5,2,75,0,11,15,8,1.85,5,3,+2,+0.58,-0.14,4.2,4.7,-0.5,-0.15,-0.39
3027,Alin Tosca,6,423,71,12.4,4.7,5,84,4,1,1,9,1.33,4,7,-3,-0.64,-0.70,3.3,5.2,-1.9,-0.40,-0.36
3031,Abdoulaye Toure,36,2810,78,82.2,31.2,31,86,26,5,29,1,1.44,31,34,-3,-0.10,+0.20,33.5,31.7,+1.8,+0.06,-0.23
3032,Almamy Toure,20,1248,62,36.5,13.9,13,88,12,7,14,12,1.90,24,21,+3,+0.22,-1.32,18.3,23.2,-4.9,-0.35,-1.12
3039,Adama Traore,3,189,63,5.5,2.1,2,85,1,1,20,3,2.00,8,2,+6,+2.86,+1.91,4.3,2.2,+2.1,+0.98,+0.66
3040,Bertrand Traore,31,2284,74,66.8,25.4,27,82,15,4,19,0,2.00,64,30,+34,+1.34,+0.55,43.1,24.0,+19.2,+0.76,+0.43
3042,Charles Traore,34,2998,88,87.7,33.3,33,90,32,1,29,0,0.94,30,52,-22,-0.66,+0.41,33.9,44.6,-10.7,-0.32,+0.38
3046,Lacina Traore,18,779,43,22.8,8.7,8,75,2,10,18,2,1.39,10,8,+2,+0.23,+0.47,7.9,11.8,-4.0,-0.46,+0.16
3048,Manu Trigueros,34,2698,79,78.9,30.0,32,83,19,2,16,0,1.65,47,38,+9,+0.30,+0.55,43.3,42.7,+0.6,+0.02,+0.11
3061,Przemyslaw Tyton,2,98,49,2.9,1.1,1,90,1,1,8,15,0.00,2,4,-2,-1.84,-0.86,1.9,2.0,-0.1,-0.13,+0.06
3062,Matthieu Udol,6,354,59,10.4,3.9,3,90,2,3,28,1,0.50,2,7,-5,-1.27,-0.19,4.5,8.6,-4.1,-1.05,-0.27
3069,Samuel Umtiti,25,2189,88,64.0,24.3,24,89,23,1,48,3,2.44,59,17,+42,+1.73,-0.32,49.2,26.1,+23.2,+0.95,-0.39
3070,Enes Unal,23,1127,49,33.0,12.5,11,78,6,12,22,5,1.26,16,19,-3,-0.24,-0.63,16.4,17.9,-1.5,-0.12,-0.17
3076,Valentin Vada,21,860,41,25.1,9.6,11,66,0,10,13,13,1.43,13,15,-2,-0.21,-0.46,9.6,12.9,-3.3,-0.35,-0.73
3083,Gerard Valentin,3,158,53,4.6,1.8,2,76,1,1,7,5,1.00,3,4,-1,-0.57,+0.45,1.8,2.9,-1.0,-0.58,-0.41
3085,Borja Valle,17,486,29,14.2,5.4,3,88,2,14,16,11,0.82,9,13,-4,-0.74,+0.30,9.5,11.5,-2.0,-0.37,-0.22
3088,Federico Valverde,24,1233,51,36.1,13.7,12,75,6,12,28,4,0.88,14,27,-13,-0.95,+0.08,18.0,21.7,-3.8,-0.28,-0.14
3097,Cedric Varrault,11,883,80,25.8,9.8,10,80,7,1,81,19,1.27,14,20,-6,-0.61,-0.19,8.5,16.1,-7.6,-0.77,-0.26
3100,Franco Vazquez,30,1838,61,53.7,20.4,22,75,7,8,22,4,1.57,22,33,-11,-0.54,-0.65,30.6,30.5,+0.1,0.00,-0.29
3101,Lucas Vazquez,33,1679,51,49.1,18.7,16,86,13,17,18,5,2.06,54,25,+29,+1.55,+0.47,46.4,21.8,+24.5,+1.31,+0.40
3104,Carlos Vela,13,382,29,11.2,4.2,2,74,1,11,21,0,1.46,6,8,-2,-0.47,-0.74,6.8,7.5,-0.7,-0.16,-0.27
3116,Thomas Vermaelen,14,1018,73,29.8,11.3,12,81,10,2,23,9,2.21,30,10,+20,+1.77,-0.11,26.5,14.7,+11.8,+1.04,-0.07
3117,Marco Verratti,22,1718,78,50.2,19.1,20,84,12,2,21,1,2.55,55,11,+44,+2.31,+0.45,40.9,14.0,+26.9,+1.41,+0.10
3122,Mikel Vesga,12,806,67,23.6,9.0,11,73,6,1,3,14,0.92,10,15,-5,-0.56,-0.46,11.2,13.4,-2.2,-0.25,-0.30
3124,Ruben Vezo,19,1555,82,45.5,17.3,17,90,16,2,15,8,1.53,19,17,+2,+0.12,-1.09,20.7,22.0,-1.3,-0.07,-0.50
3126,Aleix Vidal,15,460,31,13.5,5.1,4,59,0,11,20,8,2.60,17,2,+15,+2.93,+1.26,15.5,6.7,+8.8,+1.73,+0.73
3128,Nacho Vidal,7,447,64,13.1,5.0,5,85,4,2,11,14,2.71,15,8,+7,+1.41,+0.80,8.6,8.4,+0.1,+0.03,-0.20
3131,Luciano Vietto,6,269,45,7.9,3.0,4,59,0,2,17,6,1.67,5,1,+4,+1.34,+0.42,2.9,2.6,+0.4,+0.13,-0.27
3132,Luciano Vietto,14,528,38,15.4,5.9,5,71,1,9,19,6,1.86,6,8,-2,-0.34,-1.24,5.7,9.1,-3.4,-0.57,-0.92
3133,Carlos Vigaray,12,895,75,26.2,9.9,9,83,7,3,49,1,0.25,4,22,-18,-1.81,-2.10,6.8,17.7,-10.9,-1.10,-0.86
3135,Didac Vila,14,731,52,21.4,8.1,7,85,6,7,19,11,1.36,9,10,-1,-0.12,+0.04,11.6,11.0,+0.6,+0.07,+0.47
3144,Vitolo,9,689,77,20.1,7.7,8,83,6,1,29,0,0.44,5,17,-12,-1.57,-0.32,6.3,14.0,-7.6,-1.00,-0.19
3146,Vitolo,14,618,44,18.1,6.9,8,61,1,6,22,5,1.79,13,8,+5,+0.73,-0.27,11.7,7.8,+3.9,+0.57,+0.23
3150,Oswaldo Vizcarrondo,20,1715,86,50.1,19.1,18,90,17,2,48,16,0.70,10,27,-17,-0.89,-0.36,17.1,26.9,-9.8,-0.51,-0.29
3158,Sime Vrsaljko,21,1696,81,49.6,18.8,19,87,16,2,25,5,2.00,28,13,+15,+0.80,-0.30,21.1,13.2,+7.9,+0.42,+0.08
3164,Wakaso,21,1098,52,32.1,12.2,12,79,5,9,17,11,1.33,9,21,-12,-0.98,-1.06,10.2,20.2,-10.0,-0.82,-0.53
3174,Remi Walter,8,491,61,14.4,5.5,6,80,4,2,7,10,2.00,5,6,-1,-0.18,-0.24,5.3,6.3,-1.0,-0.18,-0.20
3183,Daniel Wass,35,2932,84,85.7,32.6,34,86,24,1,10,0,1.29,54,53,+1,+0.03,+0.40,47.6,49.7,-2.2,-0.07,-0.40
3185,Timothy Weah,3,122,41,3.6,1.4,1,90,1,2,16,5,2.33,1,0,+1,+0.74,-1.39,2.1,1.3,+0.8,+0.59,-0.80
3207,Inaki Williams,38,2851,75,83.4,31.7,31,87,24,7,23,0,1.13,34,41,-7,-0.22,-0.06,41.0,39.6,+1.4,+0.04,+0.36
3222,Xeka,17,1393,82,40.7,15.5,15,88,12,2,34,1,1.24,24,28,-4,-0.26,+0.36,17.3,28.5,-11.2,-0.73,-0.24
3227,Steeve Yago,21,1577,75,46.1,17.5,16,89,15,5,32,11,0.95,19,28,-9,-0.51,-0.17,20.6,25.0,-4.4,-0.25,-0.14
3228,Cedric Yambere,32,2829,88,82.7,31.4,31,90,29,1,46,2,1.19,45,63,-18,-0.57,-0.57,35.6,50.7,-15.1,-0.48,+0.60
3230,Mapou Yanga-Mbiwa,2,128,64,3.7,1.4,1,90,1,1,38,6,1.50,3,2,+1,+0.70,-0.47,4.1,2.3,+1.8,+1.28,+0.69
3238,Zaydou Youssouf,6,131,22,3.8,1.5,1,86,0,5,9,7,2.00,1,3,-2,-1.37,-1.57,0.7,1.5,-0.8,-0.56,-0.79
3246,Joseba Zaldua,30,2557,85,74.8,28.4,29,87,25,1,29,5,1.33,26,31,-5,-0.18,+1.08,33.3,32.4,+0.9,+0.03,+0.92
3247,Andre-Frank Zambo Anguissa,37,2439,66,71.3,27.1,26,84,20,11,23,1,2.08,55,33,+22,+0.81,-0.20,55.0,30.4,+24.6,+0.91,-0.17
3258,Simone Zaza,33,2077,63,60.7,23.1,23,81,12,10,22,2,2.00,44,22,+22,+0.95,+0.62,35.3,27.8,+7.5,+0.32,+0.31
3260,Mehdi Zeffane,15,989,66,28.9,11.0,11,86,8,4,10,7,1.87,17,11,+6,+0.55,+0.55,13.2,11.2,+2.1,+0.19,+0.25
3265,Nabil El Zhar,30,1981,66,57.9,22.0,20,82,11,10,34,1,1.10,20,32,-12,-0.55,-0.23,27.3,29.6,-2.3,-0.10,+0.23
3266,Enzo Zidane,2,71,36,2.1,0.8,1,57,0,1,14,3,0.00,0,1,-1,-1.27,-1.03,0.5,2.7,-2.2,-2.81,-2.40
3278,Igor Zubeldia,25,1582,63,46.3,17.6,16,87,13,9,22,10,1.12,29,29,0,0.00,-0.34,25.0,24.5,+0.4,+0.03,-0.11
3285,Bongani Zungu,26,2084,80,60.9,23.2,24,85,17,2,23,1,1.19,23,26,-3,-0.13,+0.01,19.0,31.9,-12.9,-0.56,+0.06
3286,David Zurutuza,31,2242,72,65.6,24.9,26,80,15,5,31,1,1.35,42,39,+3,+0.12,-0.19,33.3,33.9,-0.6,-0.03,-0.31
