,Player,90s,Standard - Gls,Standard - Sh,Standard - SoT,Standard - SoT%,Standard - Sh/90,Standard - SoT/90,Standard - G/Sh,Standard - G/SoT,Standard - Dist,Standard - FK,Standard - PK,Standard - PKatt,Expected - xG,Expected - npxG,Expected - npxG/Sh,Expected - G-xG,Expected - np:G-xG
3,Yunis Abdelhamid,7.0,2,4,2,50.0,0.57,0.29,0.50,1.00,18.2,0,0,0,0.9,0.9,0.22,+1.1,+1.1
5,Laurent Abergel,7.0,1,5,1,20.0,0.71,0.14,0.20,1.00,24.2,0,0,0,0.5,0.5,0.09,+0.5,+0.5
6,Matthis Abline,0.7,1,3,3,100.0,4.58,4.58,0.33,0.33,12.1,0,0,0,0.2,0.2,0.08,+0.8,+0.8
8,Zakaria Aboukhlal,4.2,3,13,5,38.5,3.11,1.20,0.15,0.40,17.1,0,1,1,2.2,1.4,0.11,+0.8,+0.6
9,Abdel Abqar,5.0,0,2,1,50.0,0.40,0.20,0.00,0.00,12.6,0,0,0,0.0,0.0,0.01,0.0,0.0
10,Francesco Acerbi,4.0,0,2,1,50.0,0.50,0.25,0.00,0.00,9.8,0,0,0,0.3,0.3,0.16,-0.3,-0.3
12,Benie Adama Traore,3.5,0,1,1,100.0,0.28,0.28,0.00,0.00,15.3,0,0,0,0.3,0.3,0.27,-0.3,-0.3
13,Akor Adams,6.2,5,16,9,56.3,2.59,1.46,0.31,0.56,13.4,0,0,0,4.1,4.1,0.25,+0.9,+0.9
15,Sargis Adamyan,1.6,0,5,4,80.0,3.17,2.54,0.00,0.00,10.8,0,0,0,0.9,0.9,0.19,-0.9,-0.9
17,Elijah Adebayo,3.0,1,5,1,20.0,1.69,0.34,0.20,1.00,8.1,0,0,0,0.6,0.6,0.13,+0.4,+0.4
18,Karim Adeyemi,2.2,0,3,2,66.7,1.36,0.91,0.00,0.00,10.7,0,0,0,0.8,0.8,0.25,-0.8,-0.8
19,Simon Adingra,2.6,1,3,2,66.7,1.14,0.76,0.33,0.50,12.9,0,0,0,0.4,0.4,0.13,+0.6,+0.6
20,Amine Adli,0.6,1,2,1,50.0,3.21,1.61,0.50,1.00,18.5,0,0,0,0.1,0.1,0.04,+0.9,+0.9
23,Michel Aebischer,6.1,0,2,1,50.0,0.33,0.16,0.00,0.00,20.6,0,0,0,0.1,0.1,0.05,-0.1,-0.1
27,Nayef Aguerd,5.7,1,6,1,16.7,1.05,0.17,0.17,1.00,7.6,0,0,0,0.7,0.7,0.12,+0.3,+0.3
28,Ruben Aguilar,2.7,0,4,2,50.0,1.49,0.74,0.00,0.00,15.5,0,0,0,0.4,0.4,0.10,-0.4,-0.4
30,Anel Ahmedhodzic,7.0,0,8,1,12.5,1.14,0.14,0.00,0.00,13.3,0,0,0,0.9,0.9,0.11,-0.9,-0.9
34,Tosin Aiyegun,2.2,2,3,2,66.7,1.35,0.90,0.67,1.00,16.5,0,0,0,1.3,1.3,0.44,+0.7,+0.7
35,Kristoffer Ajer,2.4,0,4,1,25.0,1.69,0.42,0.00,0.00,8.1,0,0,0,0.4,0.4,0.10,-0.4,-0.4
36,Ludovic Ajorque,2.5,1,4,1,25.0,1.59,0.40,0.25,1.00,19.7,0,0,2,1.9,0.4,0.09,-0.9,+0.6
37,Manuel Akanji,6.0,0,4,1,25.0,0.67,0.17,0.00,0.00,24.9,0,0,0,0.1,0.1,0.03,-0.1,-0.1
38,Nathan Ake,4.1,1,6,2,33.3,1.45,0.48,0.17,0.50,8.3,0,0,0,0.5,0.5,0.09,+0.5,+0.5
40,Sergio Akieme,7.0,2,5,4,80.0,0.71,0.57,0.40,0.50,11.9,0,0,0,1.0,1.0,0.21,+1.0,+1.0
41,Maghnes Akliouche,1.4,3,4,4,100.0,2.95,2.95,0.75,0.75,10.6,0,0,0,1.2,1.2,0.31,+1.8,+1.8
46,David Alaba,6.4,0,5,2,40.0,0.78,0.31,0.00,0.00,19.7,3,0,0,0.3,0.3,0.06,-0.3,-0.3
47,Luis Alberto,7.0,2,9,4,44.4,1.29,0.57,0.22,0.50,21.1,1,0,0,0.6,0.6,0.07,+1.4,+1.4
49,Ruben Alcaraz,7.3,0,9,1,11.1,1.23,0.14,0.00,0.00,20.7,1,0,0,0.4,0.4,0.04,-0.4,-0.4
53,Carles Alena,4.4,1,8,3,37.5,1.82,0.68,0.13,0.33,16.2,0,0,0,0.8,0.8,0.10,+0.2,+0.2
54,Trent Alexander-Arnold,3.8,0,5,2,40.0,1.32,0.53,0.00,0.00,22.7,0,0,0,0.2,0.2,0.04,-0.2,-0.2
56,Faride Alidou,1.3,0,4,2,50.0,3.05,1.53,0.00,0.00,17.4,0,0,0,0.2,0.2,0.05,-0.2,-0.2
57,Nabil Alioui,5.5,4,11,5,45.5,2.02,0.92,0.36,0.80,18.8,0,0,0,0.8,0.8,0.07,+3.2,+3.2
60,Domingos Andre Ribeiro Almeida,5.3,0,5,2,40.0,0.94,0.38,0.00,0.00,20.9,0,0,0,0.2,0.2,0.04,-0.2,-0.2
61,Miguel Almiron,5.4,2,13,4,30.8,2.42,0.75,0.15,0.50,19.3,0,0,0,1.1,1.1,0.08,+0.9,+0.9
62,Pontus Almqvist,6.8,1,10,4,40.0,1.48,0.59,0.10,0.25,21.5,0,0,0,0.4,0.4,0.04,+0.6,+0.6
63,Marcos Alonso,1.7,0,3,2,66.7,1.80,1.20,0.00,0.00,20.8,0,0,0,0.1,0.1,0.03,-0.1,-0.1
65,Edson Alvarez,4.6,0,2,1,50.0,0.44,0.22,0.00,0.00,24.4,0,0,0,0.2,0.2,0.08,-0.2,-0.2
66,Gaston Alvarez,6.0,1,4,2,50.0,0.66,0.33,0.25,0.50,11.6,0,0,0,0.2,0.2,0.06,+0.8,+0.8
67,Julian Alvarez,6.6,3,22,10,45.5,3.33,1.51,0.14,0.30,18.7,6,0,0,2.5,2.5,0.11,+0.5,+0.5
68,Yeray Alvarez,2.0,0,3,1,33.3,1.52,0.51,0.00,0.00,11.4,0,0,0,0.1,0.1,0.05,-0.1,-0.1
69,Skelly Alvero,1.4,0,1,1,100.0,0.72,0.72,0.00,0.00,33.5,0,0,0,0.0,0.0,0.01,0.0,0.0
71,Selim Amallah,1.2,0,2,2,100.0,1.61,1.61,0.00,0.00,22.0,0,0,0,0.1,0.1,0.03,-0.1,-0.1
74,Zeki Amdouni,5.1,1,13,6,46.2,2.53,1.17,0.08,0.17,18.9,0,0,0,1.4,1.4,0.11,-0.4,-0.4
80,Joachim Andersen,7.0,2,7,4,57.1,1.00,0.57,0.29,0.50,12.4,0,0,0,0.6,0.6,0.09,+1.4,+1.4
81,Elliot Anderson,3.5,0,5,2,40.0,1.45,0.58,0.00,0.00,16.3,0,0,0,0.6,0.6,0.12,-0.6,-0.6
83,Benjamin Andre,7.0,1,7,3,42.9,1.00,0.43,0.14,0.33,22.7,0,0,0,0.4,0.4,0.05,+0.6,+0.6
86,Miguel Angel Rubio,4.2,1,2,1,50.0,0.47,0.24,0.50,1.00,7.3,0,0,0,0.5,0.5,0.23,+0.5,+0.5
88,Jaidon Anthony,1.7,0,2,1,50.0,1.18,0.59,0.00,0.00,24.5,0,0,0,0.1,0.1,0.03,-0.1,-0.1
90,Michail Antonio,5.8,2,7,3,42.9,1.21,0.52,0.29,0.67,13.8,0,0,0,1.1,1.1,0.15,+0.9,+0.9
91,Antony,3.4,0,11,2,18.2,3.21,0.58,0.00,0.00,19.4,0,0,0,0.6,0.6,0.05,-0.6,-0.6
92,Christopher Antwi-Adjei,3.4,0,12,3,25.0,3.55,0.89,0.00,0.00,18.4,0,0,0,0.6,0.6,0.05,-0.6,-0.6
93,Houssem Aouar,2.0,1,3,1,33.3,1.48,0.49,0.33,1.00,10.2,0,0,0,0.7,0.7,0.22,+0.3,+0.3
95,Mauro Arambarri,2.9,0,9,2,22.2,3.07,0.68,0.00,0.00,21.7,0,0,0,0.5,0.5,0.06,-0.5,-0.5
96,Julian Araujo,5.5,0,3,1,33.3,0.54,0.18,0.00,0.00,22.3,0,0,0,0.3,0.3,0.10,-0.3,-0.3
97,Ronald Araujo,2.5,0,1,1,100.0,0.40,0.40,0.00,0.00,33.8,0,0,0,0.0,0.0,0.01,0.0,0.0
98,Cameron Archer,3.7,1,4,1,25.0,1.08,0.27,0.25,1.00,17.9,0,0,0,0.3,0.3,0.08,+0.7,+0.7
102,Jose Arnaiz,2.7,1,12,4,33.3,4.43,1.48,0.08,0.25,24.1,3,0,0,0.6,0.6,0.05,+0.4,+0.4
106,Maximilian Arnold,4.3,0,3,2,66.7,0.69,0.46,0.00,0.00,27.4,1,0,0,0.1,0.1,0.04,-0.1,-0.1
108,Sergio Arribas,5.5,4,18,6,33.3,3.29,1.10,0.22,0.67,15.2,0,0,0,3.8,3.8,0.21,+0.2,+0.2
110,Arthur,0.4,0,1,1,100.0,2.65,2.65,0.00,0.00,28.3,0,0,0,0.0,0.0,0.02,0.0,0.0
111,Takuma Asano,4.5,2,13,8,61.5,2.87,1.76,0.15,0.25,13.2,0,0,0,1.4,1.4,0.11,+0.6,+0.6
112,Marco Asensio,2.6,2,6,3,50.0,2.33,1.16,0.33,0.67,22.1,0,0,0,0.8,0.8,0.13,+1.2,+1.2
114,Joel Asoro,2.9,1,1,1,100.0,0.34,0.34,1.00,1.00,5.9,0,0,0,0.3,0.3,0.26,+0.7,+0.7
115,Iago Aspas,6.7,0,20,5,25.0,3.01,0.75,0.00,0.00,17.7,3,0,0,1.9,1.9,0.10,-1.9,-1.9
116,Lorenz Assignon,6.8,1,6,2,33.3,0.88,0.29,0.17,0.50,22.7,0,0,0,0.2,0.2,0.03,+0.8,+0.8
117,Youcef Atal,4.0,1,4,1,25.0,1.00,0.25,0.25,1.00,22.6,0,0,0,0.1,0.1,0.03,+0.9,+0.9
118,Valentin Atangana Edoa,0.9,0,1,1,100.0,1.14,1.14,0.00,0.00,22.9,0,0,0,0.1,0.1,0.06,-0.1,-0.1
121,Pierre-Emerick Aubameyang,6.1,0,21,5,23.8,3.45,0.82,0.00,0.00,16.4,1,0,0,2.8,2.8,0.14,-2.8,-2.8
122,Tommaso Augello,4.8,0,3,2,66.7,0.62,0.42,0.00,0.00,25.6,1,0,0,0.1,0.1,0.02,-0.1,-0.1
125,Ezequiel Avila,3.4,1,15,2,13.3,4.43,0.59,0.07,0.50,20.1,0,0,0,1.4,1.4,0.09,-0.4,-0.4
126,Taiwo Awoniyi,5.4,3,9,3,33.3,1.66,0.55,0.33,1.00,9.1,0,0,0,2.3,2.3,0.26,+0.7,+0.7
127,Jordan Ayew,6.3,0,12,3,25.0,1.91,0.48,0.00,0.00,13.5,0,0,0,0.9,0.9,0.08,-0.9,-0.9
128,Neil El Aynaoui,0.2,0,1,1,100.0,4.50,4.50,0.00,0.00,16.4,0,0,0,0.0,0.0,0.04,0.0,0.0
131,Cesar Azpilicueta,4.5,0,2,2,100.0,0.44,0.44,0.00,0.00,20.3,0,0,0,0.6,0.6,0.32,-0.6,-0.6
132,Paulo Azzi,2.7,0,5,1,20.0,1.85,0.37,0.00,0.00,23.6,0,0,0,0.3,0.3,0.06,-0.3,-0.3
134,Iddrisu Baba,5.5,0,3,1,33.3,0.54,0.18,0.00,0.00,23.7,0,0,0,0.4,0.4,0.15,-0.4,-0.4
136,Aliou Badara Balde,0.1,0,1,1,100.0,6.92,6.92,0.00,0.00,27.7,0,0,0,0.0,0.0,0.02,0.0,0.0
138,Milan Badelj,4.5,0,1,1,100.0,0.22,0.22,0.00,0.00,20.8,0,0,0,0.0,0.0,0.03,0.0,0.0
139,Matthias Bader,3.9,1,3,1,33.3,0.77,0.26,0.33,1.00,22.2,0,0,0,0.2,0.2,0.06,+0.8,+0.8
140,Alex Baena,6.3,1,20,9,45.0,3.16,1.42,0.05,0.11,19.3,1,0,0,1.4,1.4,0.07,-0.4,-0.4
141,Jaime Baez,4.0,0,7,1,14.3,1.75,0.25,0.00,0.00,24.3,1,0,0,0.2,0.2,0.03,-0.2,-0.2
142,Leon Bailey,2.3,2,4,2,50.0,1.77,0.89,0.50,1.00,11.4,0,0,0,1.1,1.1,0.27,+0.9,+0.9
143,Nedim Bajrami,4.5,1,13,4,30.8,2.90,0.89,0.08,0.25,20.8,0,0,0,0.7,0.7,0.05,+0.3,+0.3
145,Ridle Baku,2.9,0,5,3,60.0,1.71,1.03,0.00,0.00,19.1,0,0,0,0.3,0.3,0.05,-0.3,-0.3
146,Dilane Bakwa,2.7,0,5,3,60.0,1.87,1.12,0.00,0.00,22.2,0,0,0,0.5,0.5,0.09,-0.5,-0.5
147,Tommaso Baldanzi,5.6,1,9,3,33.3,1.61,0.54,0.11,0.33,19.0,0,0,0,1.8,1.8,0.20,-0.8,-0.8
148,Alejandro Balde,5.9,0,1,1,100.0,0.17,0.17,0.00,0.00,26.1,0,0,0,0.0,0.0,0.03,0.0,0.0
151,Carlos Baleba,0.7,0,2,1,50.0,2.95,1.48,0.00,0.00,30.4,0,0,0,0.0,0.0,0.02,0.0,0.0
152,Leonardo Balerdi,2.3,0,1,1,100.0,0.43,0.43,0.00,0.00,9.3,0,0,0,0.0,0.0,0.03,0.0,0.0
153,Ivan Balliu,8.0,0,2,2,100.0,0.25,0.25,0.00,0.00,18.7,0,0,0,0.1,0.1,0.05,-0.1,-0.1
154,Folarin Balogun,2.1,2,8,3,37.5,3.79,1.42,0.25,0.67,17.3,0,0,2,2.4,0.8,0.10,-0.4,+1.2
156,Jonathan Bamba,7.8,0,12,5,41.7,1.54,0.64,0.00,0.00,17.0,0,0,0,1.3,1.3,0.11,-1.3,-1.3
157,Lameck Banda,3.4,0,8,5,62.5,2.34,1.46,0.00,0.00,18.3,0,0,0,0.3,0.3,0.04,-0.3,-0.3
159,Mattia Bani,7.0,1,2,1,50.0,0.29,0.14,0.50,1.00,7.3,0,0,0,0.6,0.6,0.30,+0.4,+0.4
160,Leo Baptistao,0.9,0,2,1,50.0,2.28,1.14,0.00,0.00,18.5,0,0,0,0.1,0.1,0.03,-0.1,-0.1
162,Antonin Barak,0.3,0,1,1,100.0,3.91,3.91,0.00,0.00,7.0,0,0,0,0.2,0.2,0.20,-0.2,-0.2
167,Nicolo Barella,5.3,0,7,1,14.3,1.32,0.19,0.00,0.00,20.9,0,0,0,0.3,0.3,0.04,-0.3,-0.3
168,Kike Barja,2.0,0,2,1,50.0,1.01,0.51,0.00,0.00,15.6,0,0,0,0.0,0.0,0.02,0.0,0.0
170,Aymen Barkok,1.2,0,3,1,33.3,2.45,0.82,0.00,0.00,14.2,0,0,0,0.2,0.2,0.06,-0.2,-0.2
171,Harvey Barnes,2.1,1,6,2,33.3,2.89,0.96,0.17,0.50,21.5,0,0,0,0.7,0.7,0.12,+0.3,+0.3
172,Leandro Barreiro Martins,5.9,1,6,2,33.3,1.02,0.34,0.17,0.50,13.9,0,0,0,0.8,0.8,0.14,+0.2,+0.2
173,Enzo Barrenechea,5.4,0,2,1,50.0,0.37,0.18,0.00,0.00,10.7,0,0,0,0.1,0.1,0.04,-0.1,-0.1
174,Ander Barrenetxea,4.7,3,11,6,54.5,2.32,1.27,0.27,0.50,16.3,0,0,0,1.8,1.8,0.19,+1.2,+1.2
182,Alessandro Bastoni,5.3,0,4,1,25.0,0.75,0.19,0.00,0.00,17.7,0,0,0,0.1,0.1,0.04,-0.1,-0.1
184,Maximilian Bauer,4.2,1,2,1,50.0,0.47,0.24,0.50,1.00,3.7,0,0,0,0.9,0.9,0.46,+0.1,+0.1
187,Bebe,0.3,0,4,1,25.0,12.86,3.21,0.00,0.00,25.3,0,0,0,0.4,0.4,0.11,-0.4,-0.4
189,Adrian Beck,1.7,0,2,1,50.0,1.18,0.59,0.00,0.00,6.1,0,0,0,0.6,0.6,0.32,-0.6,-0.6
190,Sheraldo Becker,2.8,0,12,3,25.0,4.29,1.07,0.00,0.00,19.1,1,0,0,0.8,0.8,0.06,-0.8,-0.8
193,Kevin Behrens,5.6,4,23,8,34.8,4.09,1.42,0.17,0.50,10.5,0,0,0,3.8,3.8,0.17,+0.2,+0.2
194,Maximilian Beier,3.6,4,9,6,66.7,2.47,1.65,0.44,0.67,16.9,0,0,0,1.8,1.8,0.20,+2.2,+2.2
195,Jeremie Bela,0.4,0,1,1,100.0,2.57,2.57,0.00,0.00,29.8,0,0,0,0.0,0.0,0.02,0.0,0.0
196,Amari'i Bell,6.2,0,1,1,100.0,0.16,0.16,0.00,0.00,3.7,0,0,0,0.2,0.2,0.25,-0.2,-0.2
200,Jean-Ricner Bellegarde,3.0,2,5,3,60.0,1.67,1.00,0.40,0.67,22.5,2,0,0,0.6,0.6,0.11,+1.4,+1.4
202,Jude Bellingham,6.7,6,18,12,66.7,2.69,1.79,0.33,0.50,12.7,0,0,0,3.3,3.3,0.19,+2.7,+2.7
204,Andrea Belotti,3.8,2,9,4,44.4,2.34,1.04,0.22,0.50,12.1,0,0,0,1.4,1.4,0.16,+0.6,+0.6
205,Fran Beltran,7.6,0,8,1,12.5,1.05,0.13,0.00,0.00,28.4,0,0,0,0.2,0.2,0.03,-0.2,-0.2
208,Anis Ben Slimane,0.5,0,2,1,50.0,3.75,1.87,0.00,0.00,24.4,0,0,0,0.1,0.1,0.06,-0.1,-0.1
209,Wissam Ben Yedder,5.8,4,12,6,50.0,2.07,1.04,0.33,0.67,9.7,0,0,0,2.1,2.1,0.18,+1.9,+1.9
211,Said Benrahma,3.6,0,11,3,27.3,3.07,0.84,0.00,0.00,20.5,0,0,0,0.5,0.5,0.04,-0.5,-0.5
214,Domenico Berardi,4.9,4,15,9,60.0,3.09,1.85,0.20,0.33,21.4,1,1,1,1.4,0.7,0.04,+2.6,+2.3
215,Yuri Berchiche,5.2,1,3,1,33.3,0.58,0.19,0.33,1.00,29.3,0,0,0,0.0,0.0,0.01,+1.0,+1.0
216,Alex Berenguer,3.8,0,9,1,11.1,2.35,0.26,0.00,0.00,17.1,1,0,0,0.8,0.8,0.09,-0.8,-0.8
217,Bartosz Bereszynski,2.2,0,1,1,100.0,0.46,0.46,0.00,0.00,31.1,0,0,0,0.0,0.0,0.02,0.0,0.0
221,Mergim Berisha,1.3,0,5,1,20.0,3.91,0.78,0.00,0.00,17.9,1,0,0,0.4,0.4,0.08,-0.4,-0.4
224,Victor Bernth Kristiansen,4.2,0,2,1,50.0,0.47,0.24,0.00,0.00,15.6,0,0,0,0.1,0.1,0.05,-0.1,-0.1
225,Matus Bero,4.0,0,3,1,33.3,0.76,0.25,0.00,0.00,18.2,0,0,0,0.4,0.4,0.13,-0.4,-0.4
227,Jan-Niklas Beste,4.8,3,8,4,50.0,1.67,0.84,0.38,0.75,24.9,4,0,1,1.4,0.6,0.08,+1.6,+2.4
228,Beto,2.8,0,12,1,8.3,4.35,0.36,0.00,0.00,15.3,0,0,0,1.1,1.1,0.09,-1.1,-1.1
230,Sam Beukema,7.0,0,2,1,50.0,0.29,0.14,0.00,0.00,21.1,0,0,0,0.3,0.3,0.16,-0.3,-0.3
232,Jaka Bijol,7.0,0,3,2,66.7,0.43,0.29,0.00,0.00,9.0,0,0,0,0.3,0.3,0.09,-0.3,-0.3
234,Philip Billing,6.7,0,14,1,7.1,2.10,0.15,0.00,0.00,17.4,4,0,0,1.3,1.3,0.10,-1.3,-1.3
235,Cristiano Biraghi,3.7,1,1,1,100.0,0.27,0.27,1.00,1.00,15.9,0,0,0,0.0,0.0,0.03,+1.0,+1.0
236,Davide Biraschi,1.0,1,1,1,100.0,1.00,1.00,1.00,1.00,9.6,0,0,0,0.1,0.1,0.10,+0.9,+0.9
239,Yves Bissouma,6.8,0,13,3,23.1,1.91,0.44,0.00,0.00,26.0,0,0,0,0.8,0.8,0.06,-0.8,-0.8
240,Leonardo Bittencourt,1.1,1,2,1,50.0,1.78,0.89,0.50,1.00,6.4,0,0,0,0.6,0.6,0.31,+0.4,+0.4
243,Ludovic Blas,5.0,1,15,6,40.0,3.01,1.21,0.07,0.17,17.7,0,0,0,1.1,1.1,0.08,-0.1,-0.1
247,Myron Boadu,0.2,1,1,1,100.0,5.63,5.63,1.00,1.00,5.1,0,0,0,0.4,0.4,0.38,+0.6,+0.6
249,Jeremie Boga,2.3,1,6,2,33.3,2.61,0.87,0.17,0.50,18.0,1,0,0,1.0,1.0,0.17,0.0,0.0
250,Jayden Bogle,2.5,1,2,1,50.0,0.79,0.39,0.50,1.00,14.9,0,0,0,0.2,0.2,0.09,+0.8,+0.8
252,Daniel Boloca,5.4,0,5,2,40.0,0.93,0.37,0.00,0.00,24.4,0,0,0,0.3,0.3,0.06,-0.3,-0.3
253,Willy Boly,5.8,1,7,5,71.4,1.22,0.87,0.14,0.20,11.0,0,0,0,0.9,0.9,0.13,+0.1,+0.1
254,Giacomo Bonaventura,6.0,3,11,3,27.3,1.84,0.50,0.27,1.00,20.9,0,0,0,1.2,1.2,0.11,+1.8,+1.8
255,Federico Bonazzoli,2.8,1,8,4,50.0,2.89,1.45,0.13,0.25,15.3,0,0,0,0.4,0.4,0.05,+0.6,+0.6
257,Victor Boniface,5.7,6,38,14,36.8,6.62,2.44,0.13,0.36,16.2,0,1,1,6.3,5.6,0.15,-0.3,-0.6
260,Angelo Borges,3.7,0,1,1,100.0,0.27,0.27,0.00,0.00,22.4,0,0,0,0.0,0.0,0.02,0.0,0.0
261,Neto Borges,5.0,0,7,1,14.3,1.40,0.20,0.00,0.00,15.9,0,0,0,0.2,0.2,0.03,-0.2,-0.2
264,Rafael Borre,1.5,1,3,1,33.3,1.99,0.66,0.33,1.00,14.1,0,0,0,0.8,0.8,0.26,+0.2,+0.2
268,Sven Botman,5.0,1,5,1,20.0,1.01,0.20,0.20,1.00,11.1,0,0,0,0.3,0.3,0.06,+0.7,+0.7
270,Hicham Boudaoui,1.8,0,4,1,25.0,2.25,0.56,0.00,0.00,17.2,0,0,0,0.2,0.2,0.05,-0.2,-0.2
273,Benjamin Bourigeaud,6.2,2,9,1,11.1,1.44,0.16,0.00,0.00,25.4,4,2,2,2.1,0.6,0.06,-0.1,-0.6
274,Bilal Boutobba,1.2,0,5,1,20.0,4.33,0.87,0.00,0.00,23.6,0,0,0,0.3,0.3,0.06,-0.3,-0.3
275,Edoardo Bove,3.2,0,6,2,33.3,1.88,0.63,0.00,0.00,18.3,0,0,0,0.7,0.7,0.11,-0.7,-0.7
276,Jarrod Bowen,7.0,5,22,10,45.5,3.15,1.43,0.23,0.50,13.6,0,0,0,3.5,3.5,0.16,+1.5,+1.5
277,Lucas Boye,4.9,3,15,5,33.3,3.08,1.03,0.20,0.60,11.4,0,0,0,1.7,1.7,0.11,+1.3,+1.3
280,Bilal Brahimi,0.6,0,3,2,66.7,5.00,3.33,0.00,0.00,25.0,0,0,0,0.1,0.1,0.02,-0.1,-0.1
282,Julian Brandt,5.5,1,10,3,30.0,1.83,0.55,0.10,0.33,15.3,0,0,0,0.9,0.9,0.09,+0.1,+0.1
283,Jarrad Branthwaite,5.0,0,3,1,33.3,0.60,0.20,0.00,0.00,9.1,0,0,0,0.2,0.2,0.07,-0.2,-0.2
284,Lilian Brassier,6.8,1,4,1,25.0,0.59,0.15,0.25,1.00,21.7,0,0,0,0.3,0.3,0.07,+0.7,+0.7
288,Josip Brekalo,4.1,0,5,2,40.0,1.22,0.49,0.00,0.00,20.8,0,0,0,0.1,0.1,0.03,-0.1,-0.1
293,Armando Broja,0.8,1,3,1,33.3,3.55,1.18,0.33,1.00,13.4,0,0,0,0.5,0.5,0.15,+0.5,+0.5
295,David Brooks,1.7,1,7,3,42.9,4.23,1.81,0.14,0.33,18.9,0,0,0,1.5,1.5,0.21,-0.5,-0.5
296,John Brooks,5.5,1,6,2,33.3,1.09,0.36,0.17,0.50,8.6,0,0,0,1.3,1.3,0.21,-0.3,-0.3
298,Jacob Brown,4.1,0,12,2,16.7,2.92,0.49,0.00,0.00,13.3,0,0,0,1.3,1.3,0.11,-1.3,-1.3
299,Josh Brownhill,4.5,1,8,1,12.5,1.80,0.22,0.13,1.00,20.7,0,0,0,0.5,0.5,0.06,+0.5,+0.5
300,Jacob Bruun Larsen,1.4,1,5,2,40.0,3.46,1.38,0.20,0.50,13.4,1,0,0,0.4,0.4,0.07,+0.6,+0.6
301,Ante Budimir,5.3,2,13,6,46.2,2.46,1.13,0.08,0.17,13.2,0,1,1,2.0,1.3,0.10,0.0,-0.3
304,Facundo Buonanotte,0.5,0,1,1,100.0,2.00,2.00,0.00,0.00,22.2,0,0,0,0.0,0.0,0.04,0.0,0.0
305,Alessandro Buongiorno,5.3,1,1,1,100.0,0.19,0.19,1.00,1.00,4.9,0,0,0,0.3,0.3,0.26,+0.7,+0.7
307,Reece Burke,5.0,0,5,1,20.0,1.00,0.20,0.00,0.00,9.9,0,0,0,0.4,0.4,0.07,-0.4,-0.4
308,Dan Burn,7.0,1,4,1,25.0,0.57,0.14,0.25,1.00,5.6,0,0,0,0.7,0.7,0.17,+0.3,+0.3
315,Jamie Bynoe-Gittens,0.8,0,3,1,33.3,3.75,1.25,0.00,0.00,13.5,0,0,0,0.3,0.3,0.11,-0.3,-0.3
317,Remy Cabella,5.9,0,10,7,70.0,1.69,1.18,0.00,0.00,16.6,0,0,0,1.4,1.4,0.14,-1.4,-1.4
318,Jovane Cabral,5.1,1,22,8,36.4,4.30,1.56,0.05,0.13,19.9,0,0,0,1.1,1.1,0.05,-0.1,-0.1
320,Anthony Caci,6.0,1,4,1,25.0,0.67,0.17,0.25,1.00,16.5,0,0,0,0.2,0.2,0.05,+0.8,+0.8
321,Moises Caicedo,4.0,0,3,1,33.3,0.74,0.25,0.00,0.00,25.2,0,0,0,0.1,0.1,0.04,-0.1,-0.1
323,Jens Cajuste,1.2,0,2,1,50.0,1.65,0.83,0.00,0.00,14.5,0,0,0,0.1,0.1,0.07,-0.1,-0.1
324,Davide Calabria,4.4,0,4,1,25.0,0.91,0.23,0.00,0.00,17.8,0,0,0,0.2,0.2,0.05,-0.2,-0.2
328,Hakan Calhanoglu,6.3,2,12,1,8.3,1.91,0.16,0.00,0.00,25.8,2,2,2,2.3,0.7,0.06,-0.3,-0.7
329,Jose Callejon,4.6,0,6,3,50.0,1.30,0.65,0.00,0.00,11.0,0,0,0,0.7,0.7,0.12,-0.7,-0.7
330,Dominic Calvert-Lewin,2.0,2,8,3,37.5,4.00,1.50,0.25,0.67,12.9,0,0,0,2.1,2.1,0.26,-0.1,-0.1
331,Lamine Camara,5.1,0,6,1,16.7,1.17,0.20,0.00,0.00,24.8,1,0,0,0.2,0.2,0.03,-0.2,-0.2
332,Mahdi Camara,5.0,1,11,4,36.4,2.20,0.80,0.09,0.25,12.3,0,0,0,1.1,1.1,0.11,-0.1,-0.1
334,Eduardo Camavinga,5.0,0,3,1,33.3,0.61,0.20,0.00,0.00,31.8,0,0,0,0.1,0.1,0.02,-0.1,-0.1
335,Nicolo Cambiaghi,3.9,0,8,1,12.5,2.03,0.25,0.00,0.00,21.7,0,0,0,0.3,0.3,0.04,-0.3,-0.3
336,Andrea Cambiaso,3.6,0,3,1,33.3,0.83,0.28,0.00,0.00,19.6,0,0,0,0.1,0.1,0.04,-0.1,-0.1
339,Sergio Camello,3.4,0,5,3,60.0,1.48,0.89,0.00,0.00,19.9,0,0,0,0.3,0.3,0.07,-0.3,-0.3
341,Matteo Cancellieri,3.7,0,7,1,14.3,1.87,0.27,0.00,0.00,19.5,0,0,0,0.5,0.5,0.07,-0.5,-0.5
342,Joao Cancelo,4.4,2,5,2,40.0,1.15,0.46,0.40,1.00,21.4,0,0,0,0.5,0.5,0.10,+1.5,+1.5
343,Fali Cande,7.0,0,5,2,40.0,0.71,0.29,0.00,0.00,18.7,1,0,0,0.5,0.5,0.09,-0.5,-0.5
344,Antonio Candreva,5.5,2,14,7,50.0,2.55,1.27,0.14,0.29,19.8,1,0,0,1.3,1.3,0.09,+0.7,+0.7
346,Sergi Canos,1.2,0,5,3,60.0,4.33,2.60,0.00,0.00,19.6,0,0,0,0.2,0.2,0.04,-0.2,-0.2
348,Etienne Capoue,4.0,0,5,1,20.0,1.25,0.25,0.00,0.00,17.2,0,0,0,0.3,0.3,0.06,-0.3,-0.3
351,Francesco Caputo,3.6,0,10,5,50.0,2.80,1.40,0.00,0.00,11.8,0,0,0,0.7,0.7,0.07,-0.7,-0.7
352,Maxence Caqueret,6.8,0,3,1,33.3,0.44,0.15,0.00,0.00,21.6,0,0,0,0.2,0.2,0.08,-0.2,-0.2
353,Andrea Carboni,3.1,0,2,1,50.0,0.65,0.32,0.00,0.00,16.5,0,0,0,0.3,0.3,0.13,-0.3,-0.3
355,Isaac Carcelen,7.3,0,2,2,100.0,0.27,0.27,0.00,0.00,10.3,0,0,0,0.3,0.3,0.13,-0.3,-0.3
357,Marc Cardona,1.0,1,2,2,100.0,2.07,2.07,0.50,0.50,21.6,0,0,0,0.3,0.3,0.14,+0.7,+0.7
358,Sergi Cardona,6.3,0,8,1,12.5,1.28,0.16,0.00,0.00,16.7,0,0,0,0.4,0.4,0.05,-0.4,-0.4
360,Carlos,2.4,0,2,1,50.0,0.84,0.42,0.00,0.00,17.2,0,0,0,0.2,0.2,0.08,-0.2,-0.2
361,Diego Carlos,1.8,0,3,1,33.3,1.67,0.56,0.00,0.00,6.8,0,0,0,0.4,0.4,0.12,-0.4,-0.4
362,Carmona,1.7,1,1,1,100.0,0.58,0.58,1.00,1.00,12.6,0,0,0,0.0,0.0,0.04,+1.0,+1.0
365,Yannick Carrasco,2.5,0,2,1,50.0,0.81,0.41,0.00,0.00,21.9,0,0,0,0.1,0.1,0.03,-0.1,-0.1
366,Rasmus Carstensen,3.9,0,4,1,25.0,1.02,0.26,0.00,0.00,14.6,0,0,0,0.2,0.2,0.05,-0.2,-0.2
367,Dani Carvajal,5.8,0,4,2,50.0,0.69,0.34,0.00,0.00,13.7,0,0,0,0.3,0.3,0.08,-0.3,-0.3
368,Fabio Carvalho,1.2,0,1,1,100.0,0.83,0.83,0.00,0.00,18.6,0,0,0,0.0,0.0,0.03,0.0,0.0
371,Casemiro,6.7,1,14,4,28.6,2.09,0.60,0.07,0.25,14.6,0,0,0,1.7,1.7,0.12,-0.7,-0.7
372,Matty Cash,7.0,2,14,7,50.0,2.01,1.01,0.14,0.29,14.5,0,0,0,2.7,2.7,0.20,-0.7,-0.7
374,Giuseppe Caso,2.6,0,3,1,33.3,1.14,0.38,0.00,0.00,17.6,0,0,0,0.1,0.1,0.05,-0.1,-0.1
375,Cristian Casseres Jr.,4.7,0,4,1,25.0,0.86,0.21,0.00,0.00,19.6,0,0,0,0.2,0.2,0.05,-0.2,-0.2
376,Timothy Castagne,3.2,0,4,1,25.0,1.25,0.31,0.00,0.00,16.8,0,0,0,0.2,0.2,0.04,-0.2,-0.2
378,Valentin Castellanos,1.4,0,7,2,28.6,4.88,1.40,0.00,0.00,15.0,0,0,0,1.0,1.0,0.14,-1.0,-1.0
379,Jean-Charles Castelletto,6.0,1,1,1,100.0,0.17,0.17,1.00,1.00,11.2,0,0,0,0.1,0.1,0.05,+0.9,+0.9
380,Samu Castillejo,0.8,0,2,1,50.0,2.61,1.30,0.00,0.00,16.9,0,0,0,0.1,0.1,0.04,-0.1,-0.1
383,Catena,6.9,0,4,1,25.0,0.58,0.14,0.00,0.00,10.5,0,0,0,0.3,0.3,0.07,-0.3,-0.3
385,Ivan Cavaleiro,3.5,0,8,2,25.0,2.29,0.57,0.00,0.00,12.8,0,0,0,1.0,1.0,0.12,-1.0,-1.0
391,Vaclav Cerny,3.3,0,6,1,16.7,1.83,0.31,0.00,0.00,17.9,0,0,0,0.6,0.6,0.09,-0.6,-0.6
394,Julio Cesar Enciso,0.8,0,4,1,25.0,5.22,1.30,0.00,0.00,22.2,0,0,0,0.2,0.2,0.05,-0.2,-0.2
397,Fares Chaibi,2.1,0,1,1,100.0,0.47,0.47,0.00,0.00,27.4,0,0,0,0.0,0.0,0.04,0.0,0.0
398,Muhammed Cham,6.8,1,22,8,36.4,3.24,1.18,0.05,0.13,21.3,4,0,1,2.3,1.6,0.07,-1.3,-0.6
399,Brendan Chardonnet,7.0,0,3,2,66.7,0.43,0.29,0.00,0.00,8.7,0,0,0,0.2,0.2,0.08,-0.2,-0.2
401,Walid Cheddira,4.9,1,6,2,33.3,1.24,0.41,0.00,0.00,13.3,0,1,1,2.0,1.2,0.20,-1.0,-1.2
402,Rayan Cherki,5.5,0,19,7,36.8,3.44,1.27,0.00,0.00,17.5,0,0,0,1.2,1.2,0.06,-1.2,-1.2
405,Federico Chiesa,6.5,4,17,6,35.3,2.62,0.93,0.24,0.67,18.3,2,0,0,1.5,1.5,0.09,+2.5,+2.5
406,Ben Chilwell,3.7,0,7,2,28.6,1.87,0.54,0.00,0.00,14.5,1,0,0,1.0,1.0,0.14,-1.0,-1.0
407,Pedro Chirivella,7.0,1,3,1,33.3,0.43,0.14,0.33,1.00,22.2,0,0,0,0.6,0.6,0.19,+0.4,+0.4
408,Tahith Chong,3.8,0,5,1,20.0,1.32,0.26,0.00,0.00,16.2,0,0,0,0.3,0.3,0.06,-0.3,-0.3
409,Joris Chotard,6.8,0,3,2,66.7,0.44,0.29,0.00,0.00,30.5,0,0,0,0.0,0.0,0.02,0.0,0.0
412,Ryan Christie,5.8,0,8,4,50.0,1.37,0.69,0.00,0.00,20.9,0,0,0,0.4,0.4,0.05,-0.4,-0.4
413,Carney Chukwuemeka,1.4,1,1,1,100.0,0.72,0.72,1.00,1.00,12.3,0,0,0,0.1,0.1,0.11,+0.9,+0.9
416,Pathe Ciss,4.4,1,10,5,50.0,2.28,1.14,0.10,0.20,17.4,0,0,0,1.0,1.0,0.10,0.0,0.0
417,Patrick Ciurria,6.8,0,15,4,26.7,2.20,0.59,0.00,0.00,21.1,0,0,0,0.9,0.9,0.06,-0.9,-0.9
424,Lorenzo Colombo,3.9,1,9,3,33.3,2.33,0.78,0.11,0.33,14.0,0,0,0,1.2,1.2,0.13,-0.2,-0.2
425,Andrea Colpani,6.0,3,14,6,42.9,2.33,1.00,0.21,0.50,20.7,1,0,0,1.2,1.2,0.08,+1.8,+1.8
426,Levi Colwill,6.9,0,6,2,33.3,0.87,0.29,0.00,0.00,11.2,0,0,0,0.8,0.8,0.15,-0.8,-0.8
428,Eray Comert,4.0,1,2,1,50.0,0.50,0.25,0.50,1.00,8.7,0,0,0,0.2,0.2,0.08,+0.8,+0.8
429,Santi Comesana,2.4,0,3,1,33.3,1.24,0.41,0.00,0.00,17.1,0,0,0,0.1,0.1,0.04,-0.1,-0.1
431,Lewis Cook,4.5,0,2,1,50.0,0.44,0.22,0.00,0.00,20.2,0,0,0,0.1,0.1,0.03,-0.1,-0.1
439,Angel Correa,1.9,3,7,5,71.4,3.75,2.68,0.43,0.60,13.9,1,0,0,1.5,1.5,0.22,+1.5,+1.5
440,Joaquin Correa,2.4,0,2,1,50.0,0.83,0.41,0.00,0.00,21.1,0,0,0,0.2,0.2,0.08,-0.2,-0.2
442,Thierry Correia,5.9,0,1,1,100.0,0.17,0.17,0.00,0.00,16.5,0,0,0,0.4,0.4,0.43,-0.4,-0.4
447,Logan Costa,6.4,0,2,1,50.0,0.31,0.16,0.00,0.00,17.7,0,0,0,0.1,0.1,0.07,-0.1,-0.1
448,Samu Costa,6.1,1,4,2,50.0,0.66,0.33,0.25,0.50,21.2,0,0,0,0.4,0.4,0.10,+0.6,+0.6
452,Philippe Coutinho,0.3,0,3,1,33.3,10.80,3.60,0.00,0.00,24.9,0,0,0,0.1,0.1,0.05,-0.1,-0.1
453,Yan Couto,4.6,1,6,1,16.7,1.30,0.22,0.17,1.00,21.3,0,0,0,0.4,0.4,0.06,+0.6,+0.6
456,Bryan Cristante,7.0,2,13,2,15.4,1.86,0.29,0.15,1.00,16.7,0,0,0,1.4,1.4,0.11,+0.6,+0.6
462,Jorge Cuenca,4.1,1,4,1,25.0,0.98,0.25,0.25,1.00,14.8,0,0,0,0.1,0.1,0.03,+0.9,+0.9
464,Matheus Cunha,6.2,1,12,4,33.3,1.95,0.65,0.08,0.25,19.4,0,0,0,2.0,2.0,0.16,-1.0,-1.0
468,Tomas Cvancara,3.3,3,11,4,36.4,3.32,1.21,0.18,0.50,17.7,0,1,2,2.9,1.3,0.12,+0.1,+0.7
472,Ameen Al-Dakhil,7.0,0,5,1,20.0,0.71,0.14,0.00,0.00,17.0,0,0,0,0.2,0.2,0.04,-0.2,-0.2
473,Thijs Dallinga,5.5,1,10,6,60.0,1.83,1.10,0.10,0.17,12.2,0,0,0,1.0,1.0,0.10,0.0,0.0
475,Mikkel Damsgaard,0.6,0,1,1,100.0,1.67,1.67,0.00,0.00,16.7,0,0,0,0.1,0.1,0.07,-0.1,-0.1
477,Danilo,3.1,0,3,1,33.3,0.95,0.32,0.00,0.00,26.1,0,0,0,0.2,0.2,0.05,-0.2,-0.2
478,Danilo,7.0,1,7,1,14.3,1.00,0.14,0.14,1.00,15.6,0,0,0,0.6,0.6,0.09,+0.4,+0.4
479,Arnaut Danjuma,4.0,1,16,6,37.5,3.98,1.49,0.06,0.17,16.6,1,0,0,1.8,1.8,0.12,-0.8,-0.8
480,Kevin Danso,7.0,0,4,1,25.0,0.57,0.14,0.00,0.00,17.8,0,0,0,0.2,0.2,0.06,-0.2,-0.2
482,Mohammed Daramy,3.5,2,3,2,66.7,0.87,0.58,0.67,1.00,7.9,0,0,0,1.3,1.3,0.42,+0.7,+0.7
488,David Datro Fofana,3.6,0,17,6,35.3,4.68,1.65,0.00,0.00,17.8,4,0,0,1.4,1.4,0.08,-1.4,-1.4
489,Jonathan David,6.9,2,16,7,43.8,2.31,1.01,0.13,0.29,14.2,0,0,0,1.9,1.9,0.12,+0.1,+0.1
495,Craig Dawson,6.8,0,5,1,20.0,0.74,0.15,0.00,0.00,13.1,0,0,0,0.4,0.4,0.08,-0.4,-0.4
497,Charles De Ketelaere,4.7,1,9,3,33.3,1.92,0.64,0.11,0.33,12.2,0,0,0,1.3,1.3,0.14,-0.3,-0.3
498,Rodrigo De Paul,2.8,0,4,1,25.0,1.42,0.36,0.00,0.00,12.8,0,0,0,0.5,0.5,0.12,-0.5,-0.5
502,Gregoire Defrel,1.1,0,1,1,100.0,0.95,0.95,0.00,0.00,12.6,0,0,0,0.1,0.1,0.08,-0.1,-0.1
503,Alessandro Deiola,2.5,0,9,1,11.1,3.65,0.41,0.00,0.00,19.6,1,0,0,1.0,1.0,0.11,-1.0,-1.0
504,Romain Del Castillo,6.8,3,11,3,27.3,1.61,0.44,0.09,0.33,22.7,0,2,2,2.2,0.6,0.06,+0.8,+0.4
507,Hannes Delcroix,1.6,0,4,2,50.0,2.57,1.29,0.00,0.00,11.2,0,0,0,0.4,0.4,0.09,-0.4,-0.4
508,Olivier Deman,2.4,1,4,2,50.0,1.68,0.84,0.25,0.50,14.3,0,0,0,0.2,0.2,0.04,+0.8,+0.8
510,Ousmane Dembele,4.6,0,13,3,23.1,2.81,0.65,0.00,0.00,15.2,0,0,0,1.9,1.9,0.15,-1.9,-1.9
512,Ermedin Demirovic,5.8,3,16,7,43.8,2.78,1.22,0.19,0.43,13.2,0,0,0,3.1,3.1,0.20,-0.1,-0.1
520,Federico Di Francesco,0.2,1,2,1,50.0,12.00,6.00,0.50,1.00,31.9,0,0,0,0.1,0.1,0.04,+0.9,+0.9
522,Giovanni Di Lorenzo,7.0,1,4,1,25.0,0.57,0.14,0.25,1.00,13.8,0,0,0,0.6,0.6,0.14,+0.4,+0.4
524,Boulaye Dia,2.5,1,3,2,66.7,1.19,0.80,0.33,0.50,14.1,0,0,0,0.4,0.4,0.14,+0.6,+0.6
525,Moussa Diaby,6.2,2,18,8,44.4,2.90,1.29,0.11,0.25,16.7,0,0,0,1.6,1.6,0.09,+0.4,+0.4
526,Mouctar Diakhaby,7.3,1,6,3,50.0,0.83,0.41,0.17,0.33,13.9,0,0,0,0.7,0.7,0.12,+0.3,+0.3
528,Bafode Diakite,5.0,2,6,3,50.0,1.20,0.60,0.33,0.67,8.5,0,0,0,0.6,0.6,0.11,+1.4,+1.4
530,Oumar Diakite,4.2,1,5,3,60.0,1.19,0.71,0.20,0.33,21.9,0,0,1,1.0,0.3,0.05,0.0,+0.7
531,Assane Diao,1.7,2,3,2,66.7,1.79,1.19,0.67,1.00,13.4,0,0,0,0.4,0.4,0.15,+1.6,+1.6
532,Mouhamadou Diarra,5.1,1,5,1,20.0,0.98,0.20,0.20,1.00,16.0,0,0,0,0.6,0.6,0.11,+0.4,+0.4
534,Ruben Dias,6.0,0,6,3,50.0,1.00,0.50,0.00,0.00,17.6,0,0,0,0.4,0.4,0.06,-0.4,-0.4
537,Brahim Diaz,1.1,1,3,3,100.0,2.70,2.70,0.33,0.33,18.8,0,0,0,0.3,0.3,0.09,+0.7,+0.7
538,Luis Diaz,5.0,2,15,4,26.7,2.97,0.79,0.13,0.50,13.5,0,0,0,2.3,2.3,0.15,-0.3,-0.3
540,Famara Diedhiou,0.4,0,2,1,50.0,4.86,2.43,0.00,0.00,15.1,0,0,0,0.2,0.2,0.08,-0.2,-0.2
542,Lucas Digne,6.9,0,5,1,20.0,0.73,0.15,0.00,0.00,22.4,1,0,0,0.2,0.2,0.03,-0.2,-0.2
543,Federico Dimarco,4.6,1,13,6,46.2,2.81,1.30,0.08,0.17,21.3,1,0,0,0.6,0.6,0.05,+0.4,+0.4
546,Junior Dina Ebimbe,4.5,1,11,4,36.4,2.42,0.88,0.09,0.25,17.1,0,0,0,1.2,1.2,0.11,-0.2,-0.2
547,Eren Dinkci,5.3,4,10,6,60.0,1.90,1.14,0.40,0.67,19.2,0,0,0,0.8,0.8,0.08,+3.2,+3.2
548,Sinaly Diomande,7.0,0,4,1,25.0,0.57,0.14,0.00,0.00,13.3,0,0,0,0.3,0.3,0.07,-0.3,-0.3
550,Sofiane Diop,4.4,0,11,5,45.5,2.51,1.14,0.00,0.00,21.5,1,0,0,0.7,0.7,0.06,-0.7,-0.7
551,Andy Diouf,4.9,0,10,3,30.0,2.03,0.61,0.00,0.00,24.5,1,0,0,0.4,0.4,0.04,-0.4,-0.4
553,Axel Disasi,7.0,1,7,2,28.6,1.00,0.29,0.14,0.50,12.7,0,0,0,0.8,0.8,0.11,+0.2,+0.2
558,Ritsu Doan,3.9,0,6,4,66.7,1.54,1.03,0.00,0.00,14.6,0,0,0,0.5,0.5,0.08,-0.5,-0.5
559,Lewis Dobbin,1.3,0,1,1,100.0,0.76,0.76,0.00,0.00,8.7,0,0,0,0.1,0.1,0.07,-0.1,-0.1
560,Dodo,3.0,0,1,1,100.0,0.34,0.34,0.00,0.00,16.9,0,0,0,0.1,0.1,0.06,-0.1,-0.1
561,Danilho Doekhi,6.0,1,2,1,50.0,0.33,0.17,0.50,1.00,8.1,0,0,0,0.2,0.2,0.11,+0.8,+0.8
563,Josh Doig,3.3,0,5,1,20.0,1.52,0.30,0.00,0.00,19.8,0,0,0,0.2,0.2,0.04,-0.2,-0.2
564,Jeremy Doku,3.4,1,9,3,33.3,2.66,0.89,0.11,0.33,19.3,0,0,0,0.3,0.3,0.03,+0.7,+0.7
565,Jeremy Doku,1.2,1,6,4,66.7,4.86,3.24,0.17,0.25,13.6,0,0,0,0.6,0.6,0.10,+0.4,+0.4
567,Mario Dominguez,0.3,0,3,1,33.3,10.80,3.60,0.00,0.00,17.3,0,0,0,0.2,0.2,0.05,-0.2,-0.2
568,Nicolas Dominguez,1.9,1,2,1,50.0,1.07,0.53,0.50,1.00,17.2,0,0,0,0.1,0.1,0.04,+0.9,+0.9
577,Abdoulaye Doucoure,6.5,2,11,7,63.6,1.69,1.07,0.18,0.29,10.6,0,0,0,2.4,2.4,0.28,-0.4,-0.4
578,Cheick Doucoure,7.0,0,3,1,33.3,0.43,0.14,0.00,0.00,23.3,0,0,0,0.1,0.1,0.04,-0.1,-0.1
579,Ckene Doucoure,2.3,1,5,1,20.0,2.18,0.44,0.20,1.00,13.0,0,0,0,0.6,0.6,0.12,+0.4,+0.4
580,Desire Doue,2.7,1,7,2,28.6,2.64,0.75,0.14,0.50,20.6,0,0,0,0.7,0.7,0.10,+0.3,+0.3
583,Douglas,5.7,0,8,2,25.0,1.40,0.35,0.00,0.00,21.1,0,0,0,0.3,0.3,0.04,-0.3,-0.3
585,Kamory Doumbia,0.3,0,1,1,100.0,2.90,2.90,0.00,0.00,19.2,0,0,0,0.0,0.0,0.04,0.0,0.0
586,Anastasios Douvikas,1.6,2,5,3,60.0,3.06,1.84,0.40,0.67,13.8,0,0,0,1.1,1.1,0.23,+0.9,+0.9
587,Artem Dovbyk,4.0,3,18,7,38.9,4.49,1.75,0.11,0.29,14.4,1,1,1,3.7,2.9,0.16,-0.7,-0.9
592,Dion Drena Beljo,2.3,2,7,4,57.1,2.99,1.71,0.29,0.50,12.0,0,0,0,1.1,1.1,0.16,+0.9,+0.9
594,Ruben Duarte,6.0,1,7,3,42.9,1.17,0.50,0.14,0.33,25.9,1,0,0,0.2,0.2,0.03,+0.8,+0.8
595,Marvin Ducksch,4.6,2,10,4,40.0,2.18,0.87,0.10,0.25,24.7,4,1,2,2.4,0.7,0.07,-0.4,+0.3
596,Ondrej Duda,5.9,1,4,1,25.0,0.68,0.17,0.25,1.00,18.7,1,0,0,0.8,0.8,0.20,+0.2,+0.2
598,Denzel Dumfries,5.1,2,10,2,20.0,1.94,0.39,0.20,1.00,11.5,0,0,0,0.7,0.7,0.07,+1.3,+1.3
599,Alfred Duncan,4.2,1,5,1,20.0,1.20,0.24,0.20,1.00,17.2,0,0,0,0.8,0.8,0.16,+0.2,+0.2
600,Lewis Dunk,7.0,0,9,1,11.1,1.29,0.14,0.00,0.00,12.8,0,0,0,0.5,0.5,0.06,-0.5,-0.5
601,Jhon Duran,0.8,2,5,3,60.0,6.16,3.70,0.40,0.67,18.1,0,0,0,0.7,0.7,0.15,+1.3,+1.3
602,Hugo Duro,7.2,3,14,6,42.9,1.95,0.83,0.21,0.50,10.7,1,0,0,2.1,2.1,0.15,+0.9,+0.9
604,Paulo Dybala,4.4,2,11,5,45.5,2.48,1.13,0.09,0.20,21.4,1,1,1,1.7,1.0,0.09,+0.3,0.0
606,Festy Ebosele,4.6,0,4,1,25.0,0.88,0.22,0.00,0.00,19.6,0,0,0,0.1,0.1,0.03,-0.1,-0.1
608,Tyronne Ebuehi,4.8,0,2,1,50.0,0.41,0.21,0.00,0.00,14.6,0,0,0,0.1,0.1,0.07,-0.1,-0.1
610,Ederson,6.2,1,11,2,18.2,1.79,0.32,0.09,0.50,21.2,0,0,0,0.7,0.7,0.06,+0.3,+0.3
611,Odsonne Edouard,5.7,4,20,9,45.0,3.48,1.57,0.20,0.44,12.4,1,0,0,2.6,2.6,0.13,+1.4,+1.4
612,John Egan,5.4,0,3,1,33.3,0.56,0.19,0.00,0.00,10.3,0,0,0,0.2,0.2,0.05,-0.2,-0.2
618,Anthony Elanga,3.0,1,9,6,66.7,2.97,1.98,0.11,0.17,17.2,0,0,0,0.7,0.7,0.08,+0.3,+0.3
619,Simon Elisor,2.9,0,4,1,25.0,1.40,0.35,0.00,0.00,16.3,0,0,0,0.3,0.3,0.08,-0.3,-0.3
621,Elif Elmas,1.0,0,1,1,100.0,0.99,0.99,0.00,0.00,16.8,0,0,0,0.0,0.0,0.02,0.0,0.0
625,Adri Embarba,5.0,0,9,1,11.1,1.80,0.20,0.00,0.00,26.0,2,0,0,0.3,0.3,0.03,-0.3,-0.3
626,Emanuel Emegha,4.7,1,7,2,28.6,1.49,0.43,0.14,0.50,13.8,0,0,0,1.3,1.3,0.18,-0.3,-0.3
627,Emerson,1.1,1,1,1,100.0,0.91,0.91,1.00,1.00,25.4,0,0,0,0.0,0.0,0.03,+1.0,+1.0
628,Youssef En-Nesyri,4.4,2,14,8,57.1,3.19,1.82,0.14,0.25,11.6,0,0,0,2.0,2.0,0.14,0.0,0.0
630,Arne Engels,4.0,0,1,1,100.0,0.25,0.25,0.00,0.00,23.4,0,0,0,0.0,0.0,0.03,0.0,0.0
631,Christian Eriksen,3.7,1,2,1,50.0,0.54,0.27,0.50,1.00,13.1,0,0,0,0.3,0.3,0.17,+0.7,+0.7
632,Martin Erlic,6.9,0,4,1,25.0,0.58,0.15,0.00,0.00,9.6,0,0,0,0.6,0.6,0.15,-0.6,-0.6
634,Alfonso Espino,7.6,0,4,2,50.0,0.52,0.26,0.00,0.00,19.7,0,0,0,0.1,0.1,0.04,-0.1,-0.1
638,Pervis Estupinan,5.5,1,8,4,50.0,1.45,0.73,0.13,0.25,17.8,0,0,0,0.9,0.9,0.11,+0.1,+0.1
640,Eberechi Eze,7.0,1,27,8,29.6,3.88,1.15,0.04,0.13,21.6,4,0,0,2.3,2.3,0.09,-1.3,-1.3
641,Abdessamad Ezzalzouli,0.8,0,4,1,25.0,5.29,1.32,0.00,0.00,19.1,0,0,0,0.2,0.2,0.05,-0.2,-0.2
642,Abdessamad Ezzalzouli,1.8,1,7,1,14.3,3.80,0.54,0.14,1.00,18.4,0,0,0,0.3,0.3,0.04,+0.7,+0.7
643,Giovanni Fabbian,0.2,1,2,1,50.0,9.47,4.74,0.50,1.00,6.1,0,0,0,0.8,0.8,0.42,+0.2,+0.2
644,Nicolo Fagioli,3.8,0,5,2,40.0,1.33,0.53,0.00,0.00,19.6,1,0,0,0.3,0.3,0.06,-0.3,-0.3
645,Romain Faivre,6.8,3,12,5,41.7,1.76,0.73,0.25,0.60,19.0,1,0,0,1.0,1.0,0.08,+2.0,+2.0
646,Radamel Falcao,0.4,1,3,1,33.3,8.18,2.73,0.00,0.00,18.1,0,1,1,1.4,0.6,0.21,-0.4,-0.6
650,Davide Faraoni,3.4,0,5,1,20.0,1.46,0.29,0.00,0.00,17.4,0,0,0,0.3,0.3,0.06,-0.3,-0.3
651,Ansu Fati,1.3,1,8,3,37.5,6.15,2.31,0.13,0.33,13.0,0,0,0,1.8,1.8,0.23,-0.8,-0.8
652,Ansu Fati,0.6,0,7,1,14.3,12.60,1.80,0.00,0.00,18.6,0,0,0,0.7,0.7,0.11,-0.7,-0.7
654,Federico Fazio,1.3,0,1,1,100.0,0.80,0.80,0.00,0.00,9.7,0,0,0,0.1,0.1,0.11,-0.1,-0.1
655,Jacopo Fazzini,3.1,0,5,1,20.0,1.62,0.32,0.00,0.00,20.1,1,0,0,0.3,0.3,0.06,-0.3,-0.3
657,Joao Felix,3.3,1,10,4,40.0,3.03,1.21,0.10,0.25,15.6,0,0,0,2.2,2.2,0.22,-1.2,-1.2
660,Evan Ferguson,3.4,4,15,11,73.3,4.46,3.27,0.27,0.36,16.9,0,0,0,2.5,2.5,0.16,+1.5,+1.5
661,Lewis Ferguson,7.0,1,17,5,29.4,2.44,0.72,0.06,0.20,14.2,0,0,0,1.1,1.1,0.06,-0.1,-0.1
662,Bruno Fernandes,7.0,2,20,8,40.0,2.86,1.14,0.05,0.13,22.4,1,1,1,2.6,1.8,0.09,-0.6,-0.8
667,Carlos Fernandez,2.8,1,5,2,40.0,1.76,0.70,0.20,0.50,14.4,0,0,0,0.4,0.4,0.08,+0.6,+0.6
668,Enzo Fernandez,6.6,0,14,3,21.4,2.11,0.45,0.00,0.00,21.4,2,0,1,2.1,1.3,0.09,-2.1,-1.3
680,Phil Foden,5.7,1,14,4,28.6,2.44,0.70,0.07,0.25,17.3,0,0,0,0.9,0.9,0.06,+0.1,+0.1
682,Youssouf Fofana,6.7,0,14,5,35.7,2.09,0.75,0.00,0.00,17.7,0,0,0,2.0,2.0,0.16,-2.0,-2.0
685,Michael Folorunsho,6.5,0,5,2,40.0,0.77,0.31,0.00,0.00,19.1,0,0,0,0.3,0.3,0.05,-0.3,-0.3
686,Pablo Fornals,1.6,0,5,2,40.0,3.12,1.25,0.00,0.00,19.1,0,0,0,0.2,0.2,0.05,-0.2,-0.2
687,Emil Forsberg,1.8,0,4,1,25.0,2.18,0.55,0.00,0.00,28.3,0,0,0,0.2,0.2,0.05,-0.2,-0.2
689,Lyle Foster,4.7,3,9,5,55.6,1.90,1.05,0.33,0.60,16.0,0,0,0,1.5,1.5,0.16,+1.5,+1.5
691,Juan Foyth,7.8,1,4,2,50.0,0.51,0.26,0.25,0.50,12.1,0,0,0,0.1,0.1,0.03,+0.9,+0.9
694,Davide Frattesi,2.0,1,9,3,33.3,4.43,1.48,0.11,0.33,13.9,0,0,0,1.3,1.3,0.14,-0.3,-0.3
696,Morten Frendrup,7.0,0,3,1,33.3,0.43,0.14,0.00,0.00,23.7,0,0,0,0.1,0.1,0.03,-0.1,-0.1
699,Marvin Friedrich,3.0,0,6,1,16.7,2.01,0.34,0.00,0.00,14.3,0,0,0,0.3,0.3,0.04,-0.3,-0.3
700,Jeremie Frimpong,5.1,1,6,4,66.7,1.17,0.78,0.17,0.25,13.0,0,0,0,0.8,0.8,0.13,+0.2,+0.2
702,Jorge de Frutos,2.3,1,5,3,60.0,2.18,1.31,0.20,0.33,17.4,0,0,0,0.8,0.8,0.16,+0.2,+0.2
703,Chris Fuhrich,5.6,2,11,3,27.3,1.96,0.53,0.18,0.67,17.9,0,0,0,0.9,0.9,0.08,+1.1,+1.1
704,Angelo Fulgini,4.7,0,14,3,21.4,2.95,0.63,0.00,0.00,19.7,5,0,0,1.0,1.0,0.07,-1.0,-1.0
705,Niclas Fullkrug,2.0,0,5,1,20.0,2.50,0.50,0.00,0.00,15.6,0,0,0,0.5,0.5,0.09,-0.5,-0.5
706,Niclas Fullkrug,2.2,1,3,2,66.7,1.34,0.90,0.33,0.50,19.8,0,0,0,0.9,0.9,0.30,+0.1,+0.1
708,Gianluca Gaetano,0.1,1,1,1,100.0,11.25,11.25,1.00,1.00,21.3,0,0,0,0.1,0.1,0.13,+0.9,+0.9
709,Roberto Gagliardini,6.5,1,16,3,18.8,2.47,0.46,0.06,0.33,20.1,0,0,0,1.1,1.1,0.07,-0.1,-0.1
710,Cody Gakpo,3.6,2,11,4,36.4,3.09,1.13,0.18,0.50,12.6,0,0,0,1.9,1.9,0.17,+0.1,+0.1
713,Conor Gallagher,6.5,0,7,3,42.9,1.08,0.46,0.00,0.00,20.3,0,0,0,0.5,0.5,0.08,-0.5,-0.5
717,Idrissa Gana Gueye,6.0,0,6,1,16.7,1.00,0.17,0.00,0.00,22.7,0,0,0,0.3,0.3,0.05,-0.3,-0.3
719,Aleix Garcia,8.0,1,6,2,33.3,0.75,0.25,0.17,0.50,29.6,1,0,0,0.2,0.2,0.04,+0.8,+0.8
720,Alvaro Garcia,7.8,2,12,3,25.0,1.54,0.39,0.17,0.67,18.3,0,0,0,1.1,1.1,0.09,+0.9,+0.9
722,David Garcia,7.0,0,5,1,20.0,0.71,0.14,0.00,0.00,9.3,0,0,0,0.3,0.3,0.05,-0.3,-0.3
724,Eric Garcia,3.7,1,5,2,40.0,1.36,0.54,0.20,0.50,7.6,0,0,0,1.0,1.0,0.21,0.0,0.0
726,Francisco Jesus Crespo Garcia,2.5,0,5,3,60.0,2.03,1.22,0.00,0.00,24.3,0,0,0,0.6,0.6,0.13,-0.6,-0.6
729,Ruben Garcia,3.4,1,4,3,75.0,1.18,0.88,0.25,0.33,12.7,1,0,0,0.6,0.6,0.15,+0.4,+0.4
731,Alejandro Garnacho,1.9,0,10,2,20.0,5.14,1.03,0.00,0.00,17.0,0,0,0,0.5,0.5,0.05,-0.5,-0.5
732,James Garner,5.9,0,9,1,11.1,1.54,0.17,0.00,0.00,18.0,0,0,0,0.9,0.9,0.10,-0.9,-0.9
733,Luca Garritano,1.2,0,6,1,16.7,5.00,0.83,0.00,0.00,17.2,1,0,0,0.4,0.4,0.07,-0.4,-0.4
734,Johan Gastien,6.1,0,2,1,50.0,0.33,0.16,0.00,0.00,20.7,0,0,0,0.0,0.0,0.02,0.0,0.0
737,Gavi,6.5,1,4,1,25.0,0.62,0.15,0.25,1.00,9.7,0,0,0,0.5,0.5,0.11,+0.5,+0.5
739,Gelabert,2.5,1,5,3,60.0,2.01,1.21,0.20,0.33,18.3,0,0,0,0.3,0.3,0.06,+0.7,+0.7
742,Denis Genreau,3.8,0,2,1,50.0,0.53,0.27,0.00,0.00,17.3,0,0,0,0.3,0.3,0.17,-0.3,-0.3
743,Yannick Gerhardt,3.8,0,2,2,100.0,0.53,0.53,0.00,0.00,12.1,0,0,0,0.1,0.1,0.06,-0.1,-0.1
746,Morgan Gibbs-White,6.3,0,12,2,16.7,1.89,0.32,0.00,0.00,18.7,1,0,0,0.9,0.9,0.08,-0.9,-0.9
747,Samuel Gigot,5.0,1,5,3,60.0,1.00,0.60,0.20,0.33,12.3,0,0,0,0.5,0.5,0.10,+0.5,+0.5
748,Billy Gilmour,4.8,0,6,2,33.3,1.24,0.41,0.00,0.00,30.2,0,0,0,0.3,0.3,0.04,-0.3,-0.3
750,Matthias Ginter,6.0,0,2,1,50.0,0.33,0.17,0.00,0.00,5.3,0,0,0,0.2,0.2,0.10,-0.2,-0.2
751,Olivier Giroud,4.6,4,9,4,44.4,1.95,0.87,0.11,0.25,18.0,1,3,3,3.2,0.8,0.09,+0.8,+0.2
754,Serge Gnabry,1.8,0,10,3,30.0,5.59,1.68,0.00,0.00,13.0,0,0,0,1.1,1.1,0.12,-1.1,-1.1
757,Aleksandr Golovin,5.8,2,9,3,33.3,1.55,0.52,0.22,0.67,16.6,0,0,0,1.2,1.2,0.13,+0.8,+0.8
758,Angel Gomes,5.8,0,3,1,33.3,0.51,0.17,0.00,0.00,22.6,1,0,0,0.2,0.2,0.08,-0.2,-0.2
762,Maxi Gomez,2.6,0,2,1,50.0,0.78,0.39,0.00,0.00,12.8,0,0,0,0.2,0.2,0.09,-0.2,-0.2
763,Moi Gomez,3.2,1,5,2,40.0,1.57,0.63,0.20,0.50,22.0,0,0,0,0.3,0.3,0.06,+0.7,+0.7
766,Unai Gomez,0.9,1,2,2,100.0,2.25,2.25,0.50,0.50,11.8,0,0,0,0.6,0.6,0.28,+0.4,+0.4
767,Maxime Gonalons,6.1,0,6,1,16.7,0.98,0.16,0.00,0.00,24.7,0,0,0,0.2,0.2,0.03,-0.2,-0.2
768,Edgar Gonzalez,5.9,0,3,1,33.3,0.51,0.17,0.00,0.00,6.6,0,0,0,0.8,0.8,0.26,-0.8,-0.8
772,Nicolas Gonzalez,4.8,4,17,5,29.4,3.55,1.04,0.24,0.80,16.4,0,0,0,1.2,1.2,0.07,+2.8,+2.8
774,Anthony Gordon,6.0,2,15,7,46.7,2.49,1.16,0.13,0.29,19.4,0,0,0,1.7,1.7,0.11,+0.3,+0.3
775,Leon Goretzka,4.4,1,13,5,38.5,2.95,1.13,0.08,0.20,18.4,0,0,0,1.0,1.0,0.08,0.0,0.0
776,Andoni Gorosabel,7.4,0,2,1,50.0,0.27,0.14,0.00,0.00,16.1,0,0,0,0.2,0.2,0.09,-0.2,-0.2
777,Robin Gosens,4.8,3,6,4,66.7,1.24,0.83,0.50,0.75,12.2,0,0,0,0.6,0.6,0.10,+2.4,+2.4
778,Mario Gotze,4.7,0,1,1,100.0,0.21,0.21,0.00,0.00,20.6,0,0,0,0.0,0.0,0.02,0.0,0.0
780,Amine Gouiri,5.6,1,18,7,38.9,3.21,1.25,0.06,0.14,12.8,0,0,0,1.6,1.6,0.09,-0.6,-0.6
781,Jeffrey Gouweleeuw,2.5,0,3,1,33.3,1.20,0.40,0.00,0.00,16.3,0,0,0,0.2,0.2,0.05,-0.2,-0.2
784,Samuel Grandsir,2.1,1,6,1,16.7,2.84,0.47,0.17,1.00,18.5,1,0,0,0.9,0.9,0.15,+0.1,+0.1
789,Mason Greenwood,1.9,0,7,3,42.9,3.66,1.57,0.00,0.00,19.4,0,0,0,0.2,0.2,0.03,-0.2,-0.2
790,Michael Gregoritsch,2.0,0,12,5,41.7,6.10,2.54,0.00,0.00,12.8,0,0,0,1.4,1.4,0.12,-1.4,-1.4
791,Antoine Griezmann,6.4,3,14,5,35.7,2.20,0.79,0.21,0.60,18.3,1,0,0,2.0,2.0,0.14,+1.0,+1.0
792,Vincenzo Grifo,5.1,1,10,1,10.0,1.97,0.20,0.00,0.00,18.8,1,1,1,1.8,1.0,0.10,-0.8,-1.0
793,Florian Grillitsch,4.6,1,8,2,25.0,1.72,0.43,0.13,0.50,28.0,0,0,0,0.5,0.5,0.07,+0.5,+0.5
794,Alex Grimaldo,5.9,2,11,4,36.4,1.85,0.67,0.18,0.50,20.8,4,0,0,1.0,1.0,0.10,+1.0,+1.0
796,Pascal Gross,4.9,2,10,7,70.0,2.05,1.44,0.20,0.29,20.8,0,0,0,1.0,1.0,0.10,+1.0,+1.0
797,Brajan Gruda,2.4,0,4,1,25.0,1.69,0.42,0.00,0.00,20.7,1,0,0,0.2,0.2,0.06,-0.2,-0.2
801,Nemanja Gudelj,5.0,1,6,1,16.7,1.20,0.20,0.17,1.00,21.5,2,0,0,0.4,0.4,0.07,+0.6,+0.6
802,Gabriel Gudmundsson,1.2,0,3,1,33.3,2.48,0.83,0.00,0.00,13.5,0,0,0,0.1,0.1,0.04,-0.1,-0.1
806,Matteo Guendouzi,0.2,0,2,2,100.0,9.47,9.47,0.00,0.00,14.2,0,0,0,0.5,0.5,0.27,-0.5,-0.5
807,Javier Guerra,6.4,3,10,7,70.0,1.56,1.09,0.30,0.43,24.5,0,0,0,1.1,1.1,0.11,+1.9,+1.9
810,Evann Guessand,1.8,1,8,3,37.5,4.42,1.66,0.13,0.33,12.8,0,0,0,0.9,0.9,0.12,+0.1,+0.1
812,Morgan Guilavogui,2.1,2,10,2,20.0,4.71,0.94,0.20,1.00,14.4,0,0,0,0.9,0.9,0.09,+1.1,+1.1
813,Frederic Guilbert,4.3,0,3,1,33.3,0.70,0.23,0.00,0.00,27.2,1,0,0,0.2,0.2,0.05,-0.2,-0.2
815,Bruno Guimaraes,6.8,1,6,3,50.0,0.88,0.44,0.17,0.33,18.2,0,0,0,0.7,0.7,0.12,+0.3,+0.3
816,Serhou Guirassy,5.8,10,25,12,48.0,4.32,2.07,0.40,0.83,13.2,1,0,0,4.9,4.9,0.20,+5.1,+5.1
818,Gerard Gumbau,7.1,0,10,3,30.0,1.42,0.43,0.00,0.00,30.5,3,0,0,0.3,0.3,0.03,-0.3,-0.3
819,Robert Gumny,0.2,0,1,1,100.0,4.29,4.29,0.00,0.00,3.5,0,0,0,0.2,0.2,0.17,-0.2,-0.2
820,Ilkay Gundogan,7.1,0,8,2,25.0,1.13,0.28,0.00,0.00,20.5,1,0,0,0.7,0.7,0.09,-0.7,-0.7
823,Gorka Guruzeta,5.7,3,14,6,42.9,2.47,1.06,0.21,0.50,13.2,1,0,0,2.6,2.6,0.19,+0.4,+0.4
825,Miguel Gutierrez,7.0,0,4,1,25.0,0.57,0.14,0.00,0.00,37.3,0,0,0,0.1,0.1,0.02,-0.1,-0.1
826,Albert Gudmundsson,6.9,3,12,5,41.7,1.73,0.72,0.25,0.60,20.7,0,0,0,0.9,0.9,0.07,+2.1,+2.1
827,Josko Gvardiol,4.1,0,2,1,50.0,0.49,0.24,0.00,0.00,20.7,0,0,0,0.1,0.1,0.04,-0.1,-0.1
828,Emmanuel Gyasi,1.8,0,3,1,33.3,1.66,0.55,0.00,0.00,11.6,0,0,0,1.0,1.0,0.32,-1.0,-1.0
830,Erling Haaland,6.9,8,30,15,50.0,4.37,2.18,0.23,0.47,11.3,0,1,2,7.9,6.3,0.21,+0.1,+0.7
832,Nicolas Haas,1.0,0,1,1,100.0,1.00,1.00,0.00,0.00,14.5,0,0,0,0.1,0.1,0.10,-0.1,-0.1
834,Robin Hack,0.9,0,5,3,60.0,5.63,3.38,0.00,0.00,12.1,0,0,0,0.5,0.5,0.10,-0.5,-0.5
836,Munir El Haddadi,6.5,0,14,2,14.3,2.16,0.31,0.00,0.00,15.8,0,0,0,1.0,1.0,0.07,-1.0,-1.0
838,Ianis Hagi,2.4,0,10,3,30.0,4.11,1.23,0.00,0.00,17.8,2,0,0,1.4,1.4,0.14,-1.4,-1.4
841,Achraf Hakimi,6.9,2,17,5,29.4,2.46,0.72,0.12,0.40,20.5,4,0,0,1.8,1.8,0.10,+0.2,+0.2
843,Sebastien Haller,3.3,0,5,1,20.0,1.52,0.30,0.00,0.00,10.9,0,0,0,0.7,0.7,0.14,-0.7,-0.7
844,Gustavo Hamer,5.5,2,9,3,33.3,1.64,0.55,0.22,0.67,16.5,0,0,0,0.6,0.6,0.07,+1.4,+1.4
848,Amine Harit,2.1,0,7,1,14.3,3.26,0.47,0.00,0.00,17.6,0,0,0,0.7,0.7,0.11,-0.7,-0.7
849,Luke Harris,0.8,0,1,1,100.0,1.20,1.20,0.00,0.00,11.2,0,0,0,0.3,0.3,0.28,-0.3,-0.3
851,Abdou Harroui,2.8,2,7,2,28.6,2.47,0.71,0.14,0.50,17.0,0,1,1,1.5,0.7,0.10,+0.5,+0.3
853,Hans Hateboer,0.5,0,1,1,100.0,2.00,2.00,0.00,0.00,19.2,0,0,0,0.0,0.0,0.05,0.0,0.0
858,Jan Paul van Hecke,3.0,0,1,1,100.0,0.33,0.33,0.00,0.00,16.5,0,0,0,0.0,0.0,0.02,0.0,0.0
859,Hwang Hee-chan,3.7,4,10,4,40.0,2.74,1.09,0.40,1.00,12.2,0,0,0,1.0,1.0,0.10,+3.0,+3.0
863,Benjamin Henrichs,5.9,1,11,4,36.4,1.86,0.68,0.09,0.25,21.2,2,0,0,0.7,0.7,0.07,+0.3,+0.3
865,Luiz Henrique,1.6,0,3,1,33.3,1.86,0.62,0.00,0.00,13.7,0,0,0,0.1,0.1,0.05,-0.1,-0.1
866,Matheus Henrique,6.9,0,3,1,33.3,0.43,0.14,0.00,0.00,19.9,0,0,0,0.2,0.2,0.07,-0.2,-0.2
870,Mario Hermoso,6.7,0,4,1,25.0,0.60,0.15,0.00,0.00,15.0,0,0,0,0.1,0.1,0.03,-0.1,-0.1
871,Javi Hernandez,7.7,0,6,2,33.3,0.78,0.26,0.00,0.00,25.6,1,0,0,0.1,0.1,0.02,-0.1,-0.1
874,Luis Hernandez,6.0,1,1,1,100.0,0.17,0.17,1.00,1.00,2.2,0,0,0,1.0,1.0,0.95,0.0,0.0
875,Theo Hernandez,5.9,1,6,2,33.3,1.02,0.34,0.17,0.50,18.8,0,0,0,0.5,0.5,0.09,+0.5,+0.5
877,Ander Herrera,2.4,0,1,1,100.0,0.42,0.42,0.00,0.00,28.4,0,0,0,0.0,0.0,0.02,0.0,0.0
880,Yangel Herrera,6.1,3,12,4,33.3,1.97,0.66,0.25,0.75,15.6,0,0,0,1.5,1.5,0.12,+1.5,+1.5
881,Son Heung-min,6.1,6,20,10,50.0,3.27,1.64,0.30,0.60,15.4,0,0,0,2.9,2.9,0.15,+3.1,+3.1
882,Aaron Hickey,6.0,0,5,1,20.0,0.83,0.17,0.00,0.00,24.2,0,0,0,0.2,0.2,0.03,-0.2,-0.2
888,Adam Hlozek,0.5,1,2,2,100.0,4.29,4.29,0.50,0.50,8.6,0,0,0,0.9,0.9,0.44,+0.1,+0.1
889,Nicolas Hofler,2.9,1,6,1,16.7,2.07,0.34,0.17,1.00,15.8,0,0,0,0.3,0.3,0.06,+0.7,+0.7
890,Jonas Hofmann,5.8,3,16,9,56.3,2.75,1.55,0.19,0.33,16.8,0,0,0,1.8,1.8,0.11,+1.2,+1.2
891,Philipp Hofmann,4.2,0,7,1,14.3,1.66,0.24,0.00,0.00,13.2,0,0,0,1.0,1.0,0.14,-1.0,-1.0
892,Lucas Holer,5.7,1,8,4,50.0,1.41,0.70,0.13,0.25,11.1,0,0,0,1.2,1.2,0.15,-0.2,-0.2
893,Fabian Holland,5.6,0,3,1,33.3,0.53,0.18,0.00,0.00,31.4,1,0,0,0.1,0.1,0.04,-0.1,-0.1
895,Emil Holm,1.0,0,2,1,50.0,1.91,0.96,0.00,0.00,9.4,0,0,0,0.1,0.1,0.07,-0.1,-0.1
897,Franck Honorat,4.7,0,5,2,40.0,1.07,0.43,0.00,0.00,17.8,0,0,0,0.3,0.3,0.05,-0.3,-0.3
898,Mathias Honsak,2.7,0,5,2,40.0,1.85,0.74,0.00,0.00,14.1,0,0,0,0.5,0.5,0.11,-0.5,-0.5
900,Fraser Hornby,1.5,0,8,1,12.5,5.22,0.65,0.00,0.00,12.6,0,0,0,0.5,0.5,0.06,-0.5,-0.5
902,Timo Hubers,6.0,0,6,1,16.7,1.00,0.17,0.00,0.00,8.9,0,0,0,0.9,0.9,0.15,-0.9,-0.9
903,Callum Hudson-Odoi,1.8,1,3,2,66.7,1.65,1.10,0.33,0.50,20.6,0,0,0,0.1,0.1,0.04,+0.9,+0.9
904,Will Hughes,3.0,0,2,2,100.0,0.66,0.66,0.00,0.00,21.0,0,0,0,0.2,0.2,0.08,-0.2,-0.2
905,Mats Hummels,4.5,2,7,3,42.9,1.56,0.67,0.29,0.67,5.8,0,0,0,2.3,2.3,0.39,-0.3,-0.3
910,Rasmus Hojlund,3.0,0,7,1,14.3,2.36,0.34,0.00,0.00,13.2,0,0,0,0.8,0.8,0.12,-0.8,-0.8
912,Pablo Ibanez,3.0,0,3,1,33.3,1.00,0.33,0.00,0.00,22.4,0,0,0,0.1,0.1,0.03,-0.1,-0.1
914,Iglesias,4.0,0,4,2,50.0,1.00,0.50,0.00,0.00,19.2,0,0,0,0.3,0.3,0.08,-0.3,-0.3
917,Chukwubuikem Ikwuemesi,1.2,0,4,1,25.0,3.43,0.86,0.00,0.00,10.1,0,0,0,0.2,0.2,0.06,-0.2,-0.2
921,Ciro Immobile,5.7,2,8,3,37.5,1.40,0.52,0.13,0.33,14.9,0,1,1,2.1,1.3,0.16,-0.1,-0.3
925,Alexander Isak,4.3,4,14,8,57.1,3.26,1.87,0.21,0.38,14.0,0,1,1,3.8,3.0,0.23,+0.2,0.0
927,Isco,6.8,1,17,8,47.1,2.48,1.17,0.06,0.13,18.6,1,0,0,1.4,1.4,0.08,-0.4,-0.4
931,Ko Itakura,5.8,2,6,3,50.0,1.04,0.52,0.33,0.67,13.3,0,0,0,0.4,0.4,0.06,+1.6,+1.6
932,Hiroki Ito,5.8,0,8,1,12.5,1.37,0.17,0.00,0.00,25.5,0,0,0,0.3,0.3,0.04,-0.3,-0.3
933,Junya Ito,7.0,1,8,3,37.5,1.15,0.43,0.13,0.33,12.9,0,0,0,1.4,1.4,0.17,-0.4,-0.4
934,Alex Iwobi,1.6,0,4,2,50.0,2.57,1.29,0.00,0.00,16.2,0,0,0,0.3,0.3,0.08,-0.3,-0.3
938,Nicolas Jackson,5.7,1,19,7,36.8,3.36,1.24,0.05,0.14,12.6,0,0,0,3.8,3.8,0.20,-2.8,-2.8
939,Lee Jae-sung,4.9,1,5,3,60.0,1.02,0.61,0.20,0.33,14.9,0,0,0,0.3,0.3,0.07,+0.7,+0.7
944,Ablie Jallow,0.8,1,4,2,50.0,4.86,2.43,0.25,0.50,19.4,1,0,0,0.3,0.3,0.08,+0.7,+0.7
946,Vitaly Janelt,6.2,0,6,2,33.3,0.97,0.32,0.00,0.00,17.4,0,0,0,0.3,0.3,0.05,-0.3,-0.3
947,Jakub Jankto,1.7,0,1,1,100.0,0.58,0.58,0.00,0.00,12.9,0,0,0,0.1,0.1,0.09,-0.1,-0.1
950,Luis Javier Suarez,7.7,4,30,11,36.7,3.91,1.43,0.10,0.27,14.3,0,1,1,5.3,4.5,0.15,-1.3,-1.5
952,Jefferson,1.3,0,4,1,25.0,3.10,0.78,0.00,0.00,18.7,0,0,0,0.3,0.3,0.07,-0.3,-0.3
954,Mathias Jensen,6.0,2,4,3,75.0,0.67,0.50,0.50,0.67,25.0,2,0,0,0.2,0.2,0.05,+1.8,+1.8
956,Gabriel Jesus,2.3,1,6,3,50.0,2.61,1.30,0.17,0.33,9.5,0,0,0,1.5,1.5,0.25,-0.5,-0.5
958,Raul Jimenez,5.6,0,11,2,18.2,1.97,0.36,0.00,0.00,14.2,0,0,0,0.7,0.7,0.06,-0.7,-0.7
959,Joao Pedro,3.6,2,11,2,18.2,3.02,0.55,0.09,0.50,14.1,0,1,1,2.0,1.2,0.11,0.0,-0.2
960,Joelinton,3.2,0,4,1,25.0,1.25,0.31,0.00,0.00,14.3,0,0,0,0.3,0.3,0.09,-0.3,-0.3
962,Ryan John Giles,3.0,0,1,1,100.0,0.33,0.33,0.00,0.00,14.8,0,0,0,0.1,0.1,0.06,-0.1,-0.1
963,Brennan Johnson,0.8,0,3,2,66.7,3.70,2.47,0.00,0.00,12.1,0,0,0,0.6,0.6,0.20,-0.6,-0.6
966,Curtis Jones,3.1,0,3,1,33.3,0.96,0.32,0.00,0.00,23.0,0,0,0,0.1,0.1,0.03,-0.1,-0.1
967,Frenkie de Jong,5.4,1,3,1,33.3,0.56,0.19,0.33,1.00,18.6,0,0,0,0.5,0.5,0.15,+0.5,+0.5
968,Joan Jordan,2.8,0,3,1,33.3,1.06,0.35,0.00,0.00,23.9,1,0,0,0.1,0.1,0.02,-0.1,-0.1
970,Willian Jose,4.0,3,8,6,75.0,2.02,1.51,0.38,0.50,19.9,3,0,0,1.2,1.2,0.15,+1.8,+1.8
971,Joselu,4.8,4,21,12,57.1,4.37,2.50,0.19,0.33,12.6,0,0,0,4.0,4.0,0.19,0.0,0.0
972,Diogo Jota,3.2,2,10,3,30.0,3.14,0.94,0.20,0.67,12.0,0,0,0,1.4,1.4,0.14,+0.6,+0.6
976,Mads Juel Andersen,3.5,1,3,1,33.3,0.86,0.29,0.33,1.00,9.2,0,0,0,0.3,0.3,0.09,+0.7,+0.7
979,Eli Junior Kroupi,2.9,1,6,3,50.0,2.10,1.05,0.17,0.33,13.1,0,0,0,1.0,1.0,0.17,0.0,0.0
980,Hamed Junior Traore,0.5,0,3,2,66.7,5.74,3.83,0.00,0.00,25.9,0,0,0,0.2,0.2,0.06,-0.2,-0.2
981,Vinicius Junior,3.2,1,8,3,37.5,2.52,0.94,0.13,0.33,15.6,0,0,0,0.5,0.5,0.07,+0.5,+0.5
986,Mohamed Kaba,3.6,0,1,1,100.0,0.28,0.28,0.00,0.00,21.4,0,0,0,0.1,0.1,0.06,-0.1,-0.1
989,Ozan Kabak,4.7,1,7,2,28.6,1.49,0.43,0.14,0.50,11.1,0,0,0,0.8,0.8,0.11,+0.2,+0.2
990,Christian Kabasele,3.4,0,2,1,50.0,0.59,0.29,0.00,0.00,9.5,0,0,0,0.1,0.1,0.07,-0.1,-0.1
992,Abdoul Kader Bamba,2.3,0,4,1,25.0,1.74,0.43,0.00,0.00,14.7,0,0,0,0.3,0.3,0.07,-0.3,-0.3
993,Pavel Kaderabek,4.0,1,6,2,33.3,1.50,0.50,0.17,0.50,9.5,0,0,0,1.4,1.4,0.23,-0.4,-0.4
995,Kaiky,2.7,1,3,1,33.3,1.10,0.37,0.33,1.00,11.4,0,0,0,0.2,0.2,0.08,+0.8,+0.8
997,Sasa Kalajdzic,0.2,1,1,1,100.0,4.74,4.74,1.00,1.00,5.9,0,0,0,0.3,0.3,0.26,+0.7,+0.7
998,Arnaud Kalimuendo,3.7,2,9,4,44.4,2.43,1.08,0.11,0.25,14.3,0,1,1,2.3,1.5,0.17,-0.3,-0.5
1001,Daichi Kamada,3.1,1,7,2,28.6,2.23,0.64,0.14,0.50,19.4,0,0,0,0.4,0.4,0.06,+0.6,+0.6
1004,Hassane Kamara,5.2,0,5,1,20.0,0.97,0.19,0.00,0.00,21.7,0,0,0,0.2,0.2,0.03,-0.2,-0.2
1005,Jakub Kaminski,0.7,0,3,1,33.3,4.22,1.41,0.00,0.00,12.9,0,0,0,0.2,0.2,0.05,-0.2,-0.2
1007,Kevin Kampl,5.0,1,3,1,33.3,0.60,0.20,0.33,1.00,21.1,0,0,0,0.1,0.1,0.03,+0.9,+0.9
1008,Harry Kane,5.8,8,20,9,45.0,3.42,1.54,0.25,0.56,15.3,0,3,3,6.3,4.0,0.20,+1.7,+1.0
1012,Emir Karic,3.7,0,4,1,25.0,1.07,0.27,0.00,0.00,25.6,0,0,0,0.1,0.1,0.02,-0.1,-0.1
1014,Jesper Karlsson,3.5,0,6,4,66.7,1.72,1.15,0.00,0.00,26.8,1,0,0,0.4,0.4,0.07,-0.4,-0.4
1017,Grigoris Kastanos,5.7,0,13,3,23.1,2.27,0.52,0.00,0.00,24.5,1,0,0,0.6,0.6,0.04,-0.6,-0.6
1018,Silas Katompa,3.9,2,6,3,50.0,1.55,0.77,0.33,0.67,11.1,0,0,0,1.5,1.5,0.25,+0.5,+0.5
1021,Moise Kean,1.2,0,3,1,33.3,2.60,0.87,0.00,0.00,25.7,0,0,0,0.1,0.1,0.04,-0.1,-0.1
1022,Michael Keane,2.0,0,2,2,100.0,0.99,0.99,0.00,0.00,13.6,0,0,0,0.0,0.0,0.02,0.0,0.0
1024,Yassine Kechta,4.0,0,5,2,40.0,1.24,0.49,0.00,0.00,27.9,0,0,0,0.1,0.1,0.02,-0.1,-0.1
1034,Reda Khadra,0.9,0,2,1,50.0,2.34,1.17,0.00,0.00,20.6,0,0,0,0.1,0.1,0.03,-0.1,-0.1
1035,Wahbi Khazri,4.4,1,13,5,38.5,2.93,1.13,0.08,0.20,21.0,0,0,0,1.1,1.1,0.08,-0.1,-0.1
1036,Kike,5.5,2,18,8,44.4,3.28,1.46,0.11,0.25,13.7,0,0,1,2.9,2.1,0.11,-0.9,-0.1
1038,Max Kilman,7.0,0,3,2,66.7,0.43,0.29,0.00,0.00,8.0,0,0,0,0.4,0.4,0.15,-0.4,-0.4
1040,Joshua Kimmich,5.5,0,8,1,12.5,1.45,0.18,0.00,0.00,26.3,1,0,0,0.3,0.3,0.04,-0.3,-0.3
1045,Tim Kleindienst,5.9,2,16,5,31.3,2.72,0.85,0.00,0.00,16.2,0,2,2,3.8,2.2,0.14,-1.8,-2.2
1047,Justin Kluivert,3.7,0,4,1,25.0,1.07,0.27,0.00,0.00,14.3,0,0,0,0.4,0.4,0.09,-0.4,-0.4
1049,Robin Knoche,3.9,0,1,1,100.0,0.25,0.25,0.00,0.00,16.6,0,0,0,0.0,0.0,0.01,0.0,0.0
1053,Dominik Kohr,5.3,0,7,2,28.6,1.31,0.37,0.00,0.00,14.9,0,0,0,0.4,0.4,0.06,-0.4,-0.4
1055,Sead Kolasinac,6.3,0,2,1,50.0,0.32,0.16,0.00,0.00,10.3,0,0,0,0.2,0.2,0.08,-0.2,-0.2
1056,Luca Koleosho,5.2,0,10,1,10.0,1.91,0.19,0.00,0.00,19.5,0,0,0,0.3,0.3,0.03,-0.3,-0.3
1057,Randal Kolo Muani,2.3,1,5,2,40.0,2.17,0.87,0.20,0.50,12.5,0,0,0,1.0,1.0,0.20,0.0,0.0
1058,Randal Kolo Muani,1.7,1,5,1,20.0,2.94,0.59,0.20,1.00,8.0,0,0,0,1.3,1.3,0.26,-0.3,-0.3
1059,Cheick Konate,2.3,1,5,2,40.0,2.22,0.89,0.20,0.50,18.4,0,0,0,0.2,0.2,0.05,+0.8,+0.8
1062,Ibrahima Kone,2.2,0,3,2,66.7,1.38,0.92,0.00,0.00,13.6,0,0,0,0.4,0.4,0.12,-0.4,-0.4
1067,Teun Koopmeiners,6.8,2,16,4,25.0,2.36,0.59,0.13,0.50,18.7,0,0,0,1.3,1.3,0.08,+0.7,+0.7
1069,Filip Kostic,2.4,0,4,1,25.0,1.67,0.42,0.00,0.00,28.8,0,0,0,0.1,0.1,0.02,-0.1,-0.1
1070,Christian Kouame,1.9,1,6,2,33.3,3.14,1.05,0.17,0.50,14.2,0,0,0,0.5,0.5,0.08,+0.5,+0.5
1072,Koffi Kouao,5.7,0,2,1,50.0,0.35,0.18,0.00,0.00,18.0,0,0,0,0.1,0.1,0.05,-0.1,-0.1
1074,Jules Kounde,7.1,1,8,4,50.0,1.12,0.56,0.13,0.25,14.9,0,0,0,1.1,1.1,0.13,-0.1,-0.1
1075,Boubakar Kouyate,7.0,0,5,2,40.0,0.71,0.29,0.00,0.00,10.5,0,0,0,0.3,0.3,0.06,-0.3,-0.3
1077,Mateo Kovacic,4.3,0,5,1,20.0,1.15,0.23,0.00,0.00,22.9,0,0,0,0.2,0.2,0.04,-0.2,-0.2
1079,Dawid Kownacki,1.6,0,4,1,25.0,2.55,0.64,0.00,0.00,14.6,0,0,0,0.3,0.3,0.07,-0.3,-0.3
1080,Alex Kral,5.0,0,4,2,50.0,0.80,0.40,0.00,0.00,20.9,0,0,0,0.2,0.2,0.04,-0.2,-0.2
1081,Andrej Kramaric,5.8,4,12,3,25.0,2.08,0.52,0.08,0.33,25.5,5,3,3,3.2,0.9,0.07,+0.8,+0.1
1083,Frans Kratzig,0.3,0,1,1,100.0,3.46,3.46,0.00,0.00,20.2,0,0,0,0.1,0.1,0.09,-0.1,-0.1
1086,Toni Kroos,4.8,1,9,6,66.7,1.89,1.26,0.11,0.17,22.8,1,0,0,0.4,0.4,0.05,+0.6,+0.6
1087,Nikola Krstovic,4.8,3,16,5,31.3,3.33,1.04,0.13,0.40,19.2,1,1,1,1.8,1.1,0.07,+1.2,+0.9
1089,Lukas Kubler,5.8,0,3,2,66.7,0.52,0.35,0.00,0.00,17.5,0,0,0,0.3,0.3,0.12,-0.3,-0.3
1090,Takefusa Kubo,6.4,5,13,6,46.2,2.05,0.94,0.38,0.83,18.1,0,0,0,1.3,1.3,0.10,+3.7,+3.7
1092,Dejan Kulusevski,6.9,2,16,5,31.3,2.32,0.72,0.13,0.40,16.3,0,0,0,0.9,0.9,0.05,+1.1,+1.1
1093,Sael Kumbedi,5.6,0,4,2,50.0,0.71,0.36,0.00,0.00,24.8,0,0,0,0.2,0.2,0.04,-0.2,-0.2
1094,Berkan Kutlu,1.3,0,2,1,50.0,1.53,0.76,0.00,0.00,17.2,0,0,0,0.1,0.1,0.04,-0.1,-0.1
1095,Daler Kuzyaev,6.8,2,9,3,33.3,1.33,0.44,0.22,0.67,15.8,0,0,0,1.3,1.3,0.14,+0.7,+0.7
1096,Khvicha Kvaratskhelia,4.4,1,25,6,24.0,5.67,1.36,0.04,0.17,16.8,2,0,0,2.7,2.7,0.11,-1.7,-1.7
1098,Grejohn Kyei,3.4,1,2,1,50.0,0.59,0.30,0.00,0.00,20.6,0,1,1,1.0,0.2,0.10,0.0,-0.2
1099,Giorgos Kyriakopoulos,3.5,0,7,1,14.3,2.01,0.29,0.00,0.00,19.3,0,0,0,0.3,0.3,0.05,-0.3,-0.3
1100,Luca de la Torre,5.5,0,6,1,16.7,1.09,0.18,0.00,0.00,16.6,0,0,0,0.5,0.5,0.09,-0.5,-0.5
1101,Gaetan Laborde,6.0,2,16,8,50.0,2.68,1.34,0.13,0.25,15.9,1,0,0,2.0,2.0,0.12,0.0,0.0
1102,Alexandre Lacazette,3.7,1,9,4,44.4,2.45,1.09,0.11,0.25,20.5,2,0,0,0.7,0.7,0.08,+0.3,+0.3
1103,Maxence Lacroix,6.0,0,1,1,100.0,0.17,0.17,0.00,0.00,3.5,0,0,0,0.1,0.1,0.12,-0.1,-0.1
1105,Aissa Laidouni,3.4,0,5,2,40.0,1.45,0.58,0.00,0.00,21.9,0,0,0,0.2,0.2,0.04,-0.2,-0.2
1106,Konrad Laimer,3.8,0,3,1,33.3,0.79,0.26,0.00,0.00,15.9,0,0,0,0.1,0.1,0.04,-0.1,-0.1
1107,Kenny Lala,7.0,1,6,3,50.0,0.86,0.43,0.17,0.33,28.0,3,0,0,0.2,0.2,0.03,+0.8,+0.8
1110,Erik Lamela,3.7,2,6,2,33.3,1.61,0.54,0.33,1.00,11.5,0,0,0,0.8,0.8,0.14,+1.2,+1.2
1111,Mohamed Lamine Bayo,1.5,1,5,2,40.0,3.38,1.35,0.20,0.50,11.5,0,0,0,1.1,1.1,0.22,-0.1,-0.1
1113,Aymeric Laporte,0.1,0,1,1,100.0,7.50,7.50,0.00,0.00,10.8,0,0,0,0.0,0.0,0.04,0.0,0.0
1115,Cyle Larin,2.4,0,14,4,28.6,5.78,1.65,0.00,0.00,14.2,0,0,0,1.2,1.2,0.08,-1.2,-1.2
1116,Yasser Larouci,2.2,0,3,1,33.3,1.37,0.46,0.00,0.00,15.2,0,0,0,0.2,0.2,0.06,-0.2,-0.2
1118,Hugo Larsson,3.8,0,2,1,50.0,0.53,0.26,0.00,0.00,17.3,0,0,0,0.1,0.1,0.05,-0.1,-0.1
1120,Juanmi Latasa,5.7,2,11,6,54.5,1.94,1.06,0.18,0.33,13.1,0,0,0,0.8,0.8,0.07,+1.2,+1.2
1122,Armand Lauriente,6.1,1,20,7,35.0,3.27,1.14,0.05,0.14,19.8,2,0,0,1.5,1.5,0.08,-0.5,-0.5
1124,Valentino Lazaro,4.3,0,3,1,33.3,0.69,0.23,0.00,0.00,19.8,0,0,0,0.4,0.4,0.12,-0.4,-0.4
1126,Manuel Lazzari,2.7,0,4,1,25.0,1.50,0.37,0.00,0.00,27.8,0,0,0,0.1,0.1,0.04,-0.1,-0.1
1127,Theo Le Bris,3.3,0,4,2,50.0,1.20,0.60,0.00,0.00,14.8,0,0,0,0.7,0.7,0.17,-0.7,-0.7
1130,Jeremy Le Douaron,6.4,0,21,8,38.1,3.30,1.26,0.00,0.00,12.2,0,0,0,3.4,3.4,0.16,-3.4,-3.4
1132,Vincent Le Goff,5.4,1,4,1,25.0,0.74,0.19,0.25,1.00,16.6,0,0,0,0.1,0.1,0.03,+0.9,+0.9
1133,Robin Le Normand,6.7,1,2,1,50.0,0.30,0.15,0.50,1.00,7.3,0,0,0,0.3,0.3,0.17,+0.7,+0.7
1134,Rafael Leao,5.7,3,12,5,41.7,2.11,0.88,0.25,0.60,17.2,0,0,0,1.7,1.7,0.14,+1.3,+1.3
1138,Pierre Lees-Melou,7.0,1,13,3,23.1,1.86,0.43,0.08,0.33,24.4,0,0,0,0.5,0.5,0.04,+0.5,+0.5
1139,Diogo Leite,5.7,0,3,1,33.3,0.53,0.18,0.00,0.00,10.7,0,0,0,0.2,0.2,0.08,-0.2,-0.2
1141,Florian Lejeune,8.0,0,14,5,35.7,1.76,0.63,0.00,0.00,27.2,7,0,0,0.6,0.6,0.04,-0.6,-0.6
1145,Mario Lemina,6.9,0,10,1,10.0,1.46,0.15,0.00,0.00,17.7,0,0,0,1.0,1.0,0.10,-1.0,-1.0
1150,Johann Lepenant,2.5,0,3,1,33.3,1.22,0.41,0.00,0.00,26.4,0,0,0,0.1,0.1,0.03,-0.1,-0.1
1151,Jefferson Lerma,4.0,0,4,2,50.0,1.00,0.50,0.00,0.00,18.0,0,0,0,0.2,0.2,0.04,-0.2,-0.2
1153,Robert Lewandowski,7.4,5,26,10,38.5,3.53,1.36,0.15,0.40,13.2,1,1,1,6.2,5.4,0.21,-1.2,-1.4
1154,Jamie Leweling,1.3,0,3,2,66.7,2.33,1.55,0.00,0.00,17.6,0,0,0,0.7,0.7,0.23,-0.7,-0.7
1156,Keane Lewis-Potter,2.5,0,6,1,16.7,2.43,0.41,0.00,0.00,13.3,0,0,0,1.0,1.0,0.16,-1.0,-1.0
1157,Philipp Lienhart,6.0,1,5,2,40.0,0.83,0.33,0.20,0.50,9.8,0,0,0,1.0,1.0,0.20,0.0,0.0
1158,Matthijs de Ligt,0.9,1,3,1,33.3,3.18,1.06,0.33,1.00,9.6,0,0,0,0.3,0.3,0.10,+0.7,+0.7
1163,Pol Lirola,0.0,1,1,1,100.0,22.50,22.50,1.00,1.00,11.2,0,0,0,0.9,0.9,0.88,+0.1,+0.1
1165,Dejan Ljubicic,5.8,0,9,2,22.2,1.56,0.35,0.00,0.00,21.6,0,0,0,0.3,0.3,0.04,-0.3,-0.3
1168,Marcos Llorente,5.2,2,7,4,57.1,1.36,0.78,0.29,0.50,13.5,0,0,0,0.6,0.6,0.09,+1.4,+1.4
1170,Gautier Lloris,7.0,1,4,3,75.0,0.57,0.43,0.25,0.33,7.2,0,0,0,0.6,0.6,0.14,+0.4,+0.4
1173,Stanislav Lobotka,6.5,0,4,1,25.0,0.61,0.15,0.00,0.00,27.7,0,0,0,0.1,0.1,0.02,-0.1,-0.1
1176,Tom Lockyer,5.6,1,5,1,20.0,0.89,0.18,0.20,1.00,8.1,0,0,0,0.8,0.8,0.15,+0.2,+0.2
1177,Renan Lodi,6.0,0,4,2,50.0,0.67,0.33,0.00,0.00,24.4,3,0,0,0.2,0.2,0.06,-0.2,-0.2
1178,Ruben Loftus-Cheek,4.8,1,8,2,25.0,1.67,0.42,0.13,0.50,16.2,0,0,0,0.5,0.5,0.07,+0.5,+0.5
1180,Enzo Loiodice,6.7,0,4,3,75.0,0.60,0.45,0.00,0.00,29.3,0,0,0,0.1,0.1,0.03,-0.1,-0.1
1181,Sean Longstaff,4.0,1,6,3,50.0,1.49,0.75,0.17,0.33,14.8,0,0,0,0.6,0.6,0.09,+0.4,+0.4
1182,Ademola Lookman,3.9,2,12,4,33.3,3.10,1.03,0.17,0.50,14.0,0,0,0,1.9,1.9,0.16,+0.1,+0.1
1185,David Lopez,7.7,2,6,4,66.7,0.78,0.52,0.33,0.50,17.0,0,0,0,1.2,1.2,0.19,+0.8,+0.8
1186,Diego Lopez,5.7,1,9,5,55.6,1.57,0.87,0.11,0.20,14.5,0,0,0,1.2,1.2,0.13,-0.2,-0.2
1187,Fermin Lopez,1.0,1,3,3,100.0,3.14,3.14,0.33,0.33,15.6,0,0,0,1.0,1.0,0.34,0.0,0.0
1192,Unai Lopez,4.2,0,7,1,14.3,1.66,0.24,0.00,0.00,27.1,2,0,0,0.3,0.3,0.04,-0.3,-0.3
1193,Dion Lopy,4.6,0,4,1,25.0,0.87,0.22,0.00,0.00,29.8,0,0,0,0.1,0.1,0.02,-0.1,-0.1
1194,Anthony Losilla,5.1,1,4,1,25.0,0.78,0.19,0.25,1.00,12.4,0,0,0,0.7,0.7,0.18,+0.3,+0.3
1198,Sandi Lovric,5.8,0,14,6,42.9,2.42,1.04,0.00,0.00,21.4,0,0,0,1.2,1.2,0.08,-1.2,-1.2
1201,Lucas,1.4,1,2,1,50.0,1.48,0.74,0.50,1.00,15.6,0,0,0,0.4,0.4,0.18,+0.6,+0.6
1202,Lorenzo Lucca,5.7,1,13,4,30.8,2.27,0.70,0.08,0.25,9.7,0,0,0,2.5,2.5,0.19,-1.5,-1.5
1203,Jhon Lucumi,4.7,0,3,1,33.3,0.64,0.21,0.00,0.00,15.9,0,0,0,0.2,0.2,0.05,-0.2,-0.2
1205,Jose Luis Morales,2.5,0,5,1,20.0,2.02,0.40,0.00,0.00,16.9,0,0,0,0.4,0.4,0.07,-0.4,-0.4
1207,Douglas Luiz,6.4,3,8,2,25.0,1.24,0.31,0.13,0.50,26.5,2,2,2,2.0,0.4,0.05,+1.0,+0.6
1208,Romelu Lukaku,4.1,3,11,5,45.5,2.65,1.21,0.27,0.60,16.4,0,0,0,1.0,1.0,0.09,+2.0,+2.0
1209,Castello Lukeba,3.4,1,1,1,100.0,0.30,0.30,1.00,1.00,4.2,0,0,0,0.3,0.3,0.27,+0.7,+0.7
1210,Dodi Lukebakio,2.9,2,14,5,35.7,4.88,1.74,0.14,0.40,12.5,1,0,0,1.8,1.8,0.13,+0.2,+0.2
1211,Sasa Lukic,2.9,0,3,1,33.3,1.02,0.34,0.00,0.00,15.7,0,0,0,0.6,0.6,0.21,-0.6,-0.6
1214,Charalambos Lykogiannis,2.3,0,3,1,33.3,1.30,0.43,0.00,0.00,24.0,1,0,0,0.3,0.3,0.09,-0.3,-0.3
1218,Deiver Machado,5.1,2,7,3,42.9,1.36,0.58,0.29,0.67,19.5,0,0,0,0.4,0.4,0.06,+1.6,+1.6
1219,Darwin Machis,4.1,2,12,4,33.3,2.93,0.98,0.08,0.25,24.7,1,1,1,1.1,0.3,0.03,+0.9,+0.7
1220,James Maddison,6.6,2,21,13,61.9,3.19,1.97,0.10,0.15,20.6,0,0,0,1.9,1.9,0.09,+0.1,+0.1
1222,Noni Madueke,0.5,0,2,1,50.0,3.91,1.96,0.00,0.00,21.0,0,0,0,0.1,0.1,0.03,-0.1,-0.1
1223,Pablo Maffeo,6.4,0,3,1,33.3,0.47,0.16,0.00,0.00,21.7,0,0,0,0.4,0.4,0.15,-0.4,-0.4
1225,Giulio Maggiore,2.8,0,4,1,25.0,1.41,0.35,0.00,0.00,13.3,0,0,0,0.3,0.3,0.07,-0.3,-0.3
1226,Matej Maglica,3.3,1,3,1,33.3,0.90,0.30,0.33,1.00,17.1,0,0,0,0.2,0.2,0.06,+0.8,+0.8
1228,Hugo Magnetti,5.2,0,8,2,25.0,1.53,0.38,0.00,0.00,25.3,0,0,0,0.4,0.4,0.05,-0.4,-0.4
1229,Yohann Magnin,2.9,0,8,2,25.0,2.72,0.68,0.00,0.00,11.6,0,0,0,1.3,1.3,0.16,-1.3,-1.3
1230,Frank Magri,3.3,2,8,4,50.0,2.40,1.20,0.25,0.50,16.6,0,0,0,0.5,0.5,0.06,+1.5,+1.5
1235,Linton Maina,3.5,0,6,2,33.3,1.73,0.58,0.00,0.00,17.9,0,0,0,0.2,0.2,0.03,-0.2,-0.2
1236,Patrick Mainka,6.0,0,7,2,28.6,1.17,0.33,0.00,0.00,6.7,0,0,0,1.0,1.0,0.14,-1.0,-1.0
1237,Ainsley Maitland-Niles,2.5,0,2,1,50.0,0.81,0.41,0.00,0.00,20.0,0,0,0,0.2,0.2,0.11,-0.2,-0.2
1239,Lovro Majer,5.1,0,7,3,42.9,1.36,0.58,0.00,0.00,23.8,1,0,0,0.5,0.5,0.07,-0.5,-0.5
1242,Nemanja Maksimovic,7.9,1,10,6,60.0,1.26,0.76,0.10,0.17,11.7,0,0,0,0.8,0.8,0.08,+0.2,+0.2
1244,Donyell Malen,5.1,3,15,8,53.3,2.95,1.58,0.20,0.38,18.6,2,0,0,1.7,1.7,0.12,+1.3,+1.3
1246,Lennard Maloney,5.9,0,6,2,33.3,1.01,0.34,0.00,0.00,20.5,0,0,0,0.3,0.3,0.05,-0.3,-0.3
1251,Gianluca Mancini,6.4,1,6,3,50.0,0.94,0.47,0.17,0.33,13.3,0,0,0,0.9,0.9,0.16,+0.1,+0.1
1253,Aissa Mandi,3.1,0,1,1,100.0,0.32,0.32,0.00,0.00,11.8,0,0,0,0.0,0.0,0.01,0.0,0.0
1254,Rolando Mandragora,3.9,1,5,2,40.0,1.30,0.52,0.20,0.50,24.0,0,0,0,0.3,0.3,0.06,+0.7,+0.7
1256,Braydon Manu,0.9,0,4,1,25.0,4.44,1.11,0.00,0.00,12.5,0,0,0,0.3,0.3,0.08,-0.3,-0.3
1257,Benson Manuel,0.7,0,2,1,50.0,2.69,1.34,0.00,0.00,22.0,0,0,0,0.0,0.0,0.01,0.0,0.0
1258,Faitout Maouassa,0.3,0,1,1,100.0,3.21,3.21,0.00,0.00,22.8,0,0,0,0.0,0.0,0.02,0.0,0.0
1259,Solly March,4.2,3,12,6,50.0,2.88,1.44,0.25,0.50,17.0,1,0,0,1.8,1.8,0.15,+1.2,+1.2
1261,Gian Marco Ferrari,0.4,0,1,1,100.0,2.73,2.73,0.00,0.00,31.3,0,0,0,0.0,0.0,0.03,0.0,0.0
1268,Rafa Marin,5.1,0,4,1,25.0,0.79,0.20,0.00,0.00,20.3,0,0,0,0.1,0.1,0.02,-0.1,-0.1
1269,Razvan Marin,4.5,0,8,3,37.5,1.76,0.66,0.00,0.00,30.4,4,0,0,0.3,0.3,0.04,-0.3,-0.3
1271,Guillermo Maripan,4.0,1,3,1,33.3,0.75,0.25,0.33,1.00,20.2,0,0,0,0.1,0.1,0.05,+0.9,+0.9
1274,Omar Marmoush,3.9,1,10,4,40.0,2.55,1.02,0.10,0.25,21.0,1,0,0,1.5,1.5,0.15,-0.5,-0.5
1275,Marquinhos,1.0,0,4,1,25.0,3.96,0.99,0.00,0.00,21.0,1,0,0,0.2,0.2,0.06,-0.2,-0.2
1277,Agustin Martegani,3.5,0,6,1,16.7,1.73,0.29,0.00,0.00,26.5,0,0,0,0.2,0.2,0.03,-0.2,-0.2
1279,Roger Marti,6.0,1,13,4,30.8,2.18,0.67,0.08,0.25,15.7,0,0,0,1.6,1.6,0.12,-0.6,-0.6
1280,Anthony Martial,1.9,0,2,1,50.0,1.05,0.52,0.00,0.00,11.5,0,0,0,0.1,0.1,0.03,-0.1,-0.1
1282,Ivan Martin,5.3,1,4,2,50.0,0.75,0.37,0.25,0.50,14.3,0,0,0,0.4,0.4,0.11,+0.6,+0.6
1284,Gabriel Martinelli,4.0,0,9,3,33.3,2.28,0.76,0.00,0.00,14.0,0,0,0,0.7,0.7,0.08,-0.7,-0.7
1289,Lautaro Martinez,6.1,9,24,11,45.8,3.96,1.81,0.33,0.73,13.3,0,1,1,4.6,3.8,0.16,+4.4,+4.2
1291,Lucas Martinez Quarta,5.0,2,4,3,75.0,0.80,0.60,0.50,0.67,12.5,0,0,0,0.5,0.5,0.12,+1.5,+1.5
1292,Adam Marusic,6.7,0,2,1,50.0,0.30,0.15,0.00,0.00,24.6,0,0,0,0.0,0.0,0.02,0.0,0.0
1295,Erhan Masovic,6.0,0,8,1,12.5,1.33,0.17,0.00,0.00,22.8,0,0,0,0.5,0.5,0.06,-0.5,-0.5
1298,Jaime Mata,3.5,0,2,1,50.0,0.56,0.28,0.00,0.00,14.7,0,0,0,0.1,0.1,0.06,-0.1,-0.1
1300,Pape Matar Sarr,5.2,1,17,8,47.1,3.28,1.54,0.06,0.13,15.8,0,0,0,1.7,1.7,0.10,-0.7,-0.7
1301,Eliot Matazo,1.1,0,1,1,100.0,0.88,0.88,0.00,0.00,22.6,0,0,0,0.1,0.1,0.08,-0.1,-0.1
1302,Jean-Philippe Mateta,2.4,0,1,1,100.0,0.41,0.41,0.00,0.00,17.1,0,0,0,0.1,0.1,0.06,-0.1,-0.1
1303,Nemanja Matic,5.2,0,1,1,100.0,0.19,0.19,0.00,0.00,20.8,0,0,0,0.1,0.1,0.13,-0.1,-0.1
1309,Neal Maupay,0.4,0,4,1,25.0,10.29,2.57,0.00,0.00,13.5,0,0,0,0.3,0.3,0.07,-0.3,-0.3
1310,Neal Maupay,1.2,0,5,4,80.0,4.05,3.24,0.00,0.00,12.5,0,0,0,1.4,1.4,0.29,-1.4,-1.4
1311,Aiman Maurer,0.3,0,1,1,100.0,2.90,2.90,0.00,0.00,8.0,0,0,0,0.1,0.1,0.07,-0.1,-0.1
1315,Eric Maxim Choupo-Moting,1.1,1,5,5,100.0,4.37,4.37,0.20,0.20,6.7,0,0,0,1.8,1.8,0.36,-0.8,-0.8
1317,Borja Mayoral,6.3,3,13,6,46.2,2.06,0.95,0.08,0.17,17.1,0,2,2,3.2,1.6,0.12,-0.2,-0.6
1318,Youssef Maziz,1.4,1,3,1,33.3,2.18,0.73,0.33,1.00,19.4,0,0,0,0.1,0.1,0.04,+0.9,+0.9
1319,Noussair Mazraoui,3.6,0,5,1,20.0,1.38,0.28,0.00,0.00,16.6,0,0,0,0.6,0.6,0.12,-0.6,-0.6
1320,Luca Mazzitelli,6.7,2,12,5,41.7,1.79,0.74,0.17,0.40,22.2,1,0,0,0.6,0.6,0.05,+1.4,+1.4
1324,Kylian Mbappe,4.8,7,24,9,37.5,5.01,1.88,0.21,0.56,16.8,0,2,2,4.4,2.8,0.12,+2.6,+2.2
1328,Chancel Mbemba,7.0,1,7,1,14.3,1.00,0.14,0.14,1.00,12.7,0,0,0,0.5,0.5,0.07,+0.5,+0.5
1329,Nolan Mbemba,0.1,1,2,1,50.0,25.71,12.86,0.50,1.00,27.1,0,0,0,0.0,0.0,0.02,+1.0,+1.0
1330,Bryan Mbeumo,7.0,4,13,5,38.5,1.86,0.71,0.15,0.40,14.9,1,2,2,4.6,3.0,0.23,-0.6,-1.0
1332,James Mcatee,2.4,0,3,2,66.7,1.27,0.85,0.00,0.00,18.6,0,0,0,0.3,0.3,0.11,-0.3,-0.3
1334,Oliver McBurnie,3.2,0,7,3,42.9,2.18,0.93,0.00,0.00,11.3,0,0,0,0.7,0.7,0.10,-0.7,-0.7
1335,John McGinn,6.3,1,4,2,50.0,0.63,0.32,0.25,0.50,12.3,0,0,0,0.8,0.8,0.20,+0.2,+0.2
1338,Dwight McNeil,3.1,0,9,1,11.1,2.93,0.33,0.00,0.00,21.8,0,0,0,0.3,0.3,0.04,-0.3,-0.3
1339,Scott McTominay,2.0,0,1,1,100.0,0.49,0.49,0.00,0.00,25.4,0,0,0,0.0,0.0,0.04,0.0,0.0
1342,Marvin Mehlem,5.1,3,6,4,66.7,1.17,0.78,0.50,0.75,19.5,0,0,0,1.9,1.9,0.32,+1.1,+1.1
1345,Hannibal Mejbri,1.3,1,1,1,100.0,0.77,0.77,1.00,1.00,28.7,0,0,0,0.0,0.0,0.03,+1.0,+1.0
1347,Gonzalo Melero,4.9,0,7,2,28.6,1.42,0.40,0.00,0.00,10.6,0,0,0,0.6,0.6,0.09,-0.6,-0.6
1348,Birger Meling,0.2,0,1,1,100.0,5.63,5.63,0.00,0.00,12.2,0,0,0,0.2,0.2,0.15,-0.2,-0.2
1350,Memphis,1.5,2,7,3,42.9,4.53,1.94,0.29,0.67,14.7,0,0,0,2.2,2.2,0.31,-0.2,-0.2
1353,Brais Mendez,7.0,1,13,2,15.4,1.85,0.28,0.08,0.50,24.7,4,0,0,0.6,0.6,0.05,+0.4,+0.4
1363,Mikel Merino,5.2,0,5,1,20.0,0.97,0.19,0.00,0.00,19.9,0,0,0,0.2,0.2,0.05,-0.2,-0.2
1364,Quentin Merlin,6.8,0,4,1,25.0,0.59,0.15,0.00,0.00,22.3,0,0,0,0.1,0.1,0.03,-0.1,-0.1
1365,Junior Messias,0.3,1,2,1,50.0,6.43,3.21,0.50,1.00,9.0,0,0,0,0.2,0.2,0.11,+0.8,+0.8
1368,Sven Michel,2.2,1,3,2,66.7,1.38,0.92,0.00,0.00,24.0,0,1,1,0.9,0.1,0.03,+0.1,-0.1
1369,Miguel,0.7,0,2,1,50.0,2.77,1.38,0.00,0.00,19.6,0,0,0,0.1,0.1,0.05,-0.1,-0.1
1370,Georges Mikautadze,2.9,2,11,7,63.6,3.84,2.44,0.18,0.29,17.7,0,0,0,1.2,1.2,0.11,+0.8,+0.8
1371,Nikola Milenkovic,6.3,0,2,1,50.0,0.32,0.16,0.00,0.00,25.4,0,0,0,0.1,0.1,0.03,-0.1,-0.1
1372,Arkadiusz Milik,1.6,1,9,2,22.2,5.63,1.25,0.11,0.50,11.7,0,0,0,1.8,1.8,0.20,-0.8,-0.8
1375,Enzo Millot,4.0,2,7,6,85.7,1.73,1.48,0.29,0.33,20.6,0,0,0,0.8,0.8,0.12,+1.2,+1.2
1380,Kim Min-jae,5.6,0,2,1,50.0,0.36,0.18,0.00,0.00,12.1,0,0,0,0.1,0.1,0.07,-0.1,-0.1
1381,Takumi Minamino,5.7,3,12,9,75.0,2.11,1.59,0.25,0.33,17.2,0,0,0,1.0,1.0,0.09,+2.0,+2.0
1384,Oscar Mingueza,8.0,1,12,5,41.7,1.50,0.62,0.08,0.20,17.8,0,0,0,1.5,1.5,0.13,-0.5,-0.5
1385,Ignasi Miquel,7.5,0,8,2,25.0,1.07,0.27,0.00,0.00,11.3,0,0,0,0.5,0.5,0.06,-0.5,-0.5
1386,Rafa Mir,1.9,1,8,5,62.5,4.29,2.68,0.13,0.20,17.9,0,0,0,0.4,0.4,0.05,+0.6,+0.6
1387,Ignacio Miramon,0.4,0,2,1,50.0,4.62,2.31,0.00,0.00,29.9,0,0,0,0.1,0.1,0.03,-0.1,-0.1
1392,Filippo Missori,0.5,0,2,1,50.0,4.00,2.00,0.00,0.00,19.5,0,0,0,0.1,0.1,0.05,-0.1,-0.1
1394,Kaoru Mitoma,6.4,3,13,5,38.5,2.03,0.78,0.23,0.60,12.9,0,0,0,1.7,1.7,0.13,+1.3,+1.3
1395,Aleksandar Mitrovic,0.4,0,2,1,50.0,5.45,2.73,0.00,0.00,11.0,0,0,0,0.2,0.2,0.08,-0.2,-0.2
1396,Stefan Mitrovic,5.8,1,1,1,100.0,0.17,0.17,1.00,1.00,8.7,0,0,0,0.1,0.1,0.09,+0.9,+0.9
1398,Henrikh Mkhitaryan,6.1,2,8,2,25.0,1.32,0.33,0.25,1.00,14.0,0,0,0,1.1,1.1,0.14,+0.9,+0.9
1399,Luka Modric,2.3,0,6,3,50.0,2.58,1.29,0.00,0.00,18.8,0,0,0,0.3,0.3,0.05,-0.3,-0.3
1400,Terem Moffi,5.6,3,15,9,60.0,2.68,1.61,0.20,0.33,15.4,0,0,0,2.5,2.5,0.17,+0.5,+0.5
1401,Mostafa Mohamed,6.0,5,11,5,45.5,1.84,0.83,0.27,0.60,16.9,2,2,2,2.6,1.0,0.09,+2.4,+2.0
1406,Nahuel Molina,3.9,2,4,2,50.0,1.03,0.52,0.50,1.00,17.6,0,0,0,0.6,0.6,0.14,+1.4,+1.4
1407,Florent Mollet,4.3,1,11,6,54.5,2.53,1.38,0.09,0.17,18.7,1,0,0,1.0,1.0,0.09,0.0,0.0
1409,Ilario Monterisi,4.5,1,1,1,100.0,0.22,0.22,1.00,1.00,8.4,0,0,0,0.3,0.3,0.31,+0.7,+0.7
1414,Alvaro Morata,4.4,5,12,8,66.7,2.73,1.82,0.42,0.63,9.5,0,0,0,2.9,2.9,0.25,+2.1,+2.1
1415,Diego Moreira,0.7,0,2,1,50.0,2.77,1.38,0.00,0.00,18.8,0,0,0,0.1,0.1,0.03,-0.1,-0.1
1417,Gerard Moreno,5.0,2,12,3,25.0,2.41,0.60,0.17,0.67,14.9,0,0,0,1.7,1.7,0.14,+0.3,+0.3
1418,Manu Morlanes,3.4,0,3,1,33.3,0.89,0.30,0.00,0.00,17.1,0,0,0,0.3,0.3,0.11,-0.3,-0.3
1420,Carlton Morris,6.7,3,18,3,16.7,2.70,0.45,0.06,0.33,14.9,0,2,2,3.1,1.5,0.08,-0.1,-0.5
1422,Dany Mota,4.7,0,14,5,35.7,2.96,1.06,0.00,0.00,11.4,0,0,0,1.5,1.5,0.11,-1.5,-1.5
1423,Lebo Mothiba,2.5,2,9,3,33.3,3.60,1.20,0.22,0.67,8.7,0,0,0,3.4,3.4,0.42,-1.4,-1.4
1425,Steve Mounie,2.7,1,7,4,57.1,2.58,1.48,0.14,0.25,10.7,0,0,0,1.0,1.0,0.14,0.0,0.0
1427,Samuel Moutoussamy,2.3,0,1,1,100.0,0.44,0.44,0.00,0.00,13.6,0,0,0,0.2,0.2,0.19,-0.2,-0.2
1428,Mykhailo Mudryk,2.6,1,4,1,25.0,1.53,0.38,0.25,1.00,18.8,0,0,0,0.7,0.7,0.16,+0.3,+0.3
1433,Samuele Mulattieri,0.9,0,3,1,33.3,3.29,1.10,0.00,0.00,14.7,0,0,0,0.3,0.3,0.10,-0.3,-0.3
1435,Thomas Muller,1.9,0,3,2,66.7,1.60,1.07,0.00,0.00,12.6,0,0,0,0.2,0.2,0.08,-0.2,-0.2
1437,Marshall Munetsi,6.1,2,11,6,54.5,1.79,0.98,0.18,0.33,9.8,0,0,0,3.0,3.0,0.30,-1.0,-1.0
1438,Iker Muniain,3.0,0,7,3,42.9,2.32,0.99,0.00,0.00,14.7,0,0,0,0.9,0.9,0.12,-0.9,-0.9
1440,Aihen Munoz,5.4,0,2,1,50.0,0.37,0.18,0.00,0.00,26.5,0,0,0,0.0,0.0,0.02,0.0,0.0
1441,Iker Munoz,4.7,1,4,1,25.0,0.85,0.21,0.25,1.00,15.7,0,0,0,0.3,0.3,0.07,+0.7,+0.7
1442,Javier Munoz,4.2,0,4,1,25.0,0.95,0.24,0.00,0.00,19.2,0,0,0,0.4,0.4,0.09,-0.4,-0.4
1443,Luis Muriel,0.9,0,3,3,100.0,3.29,3.29,0.00,0.00,25.4,1,0,0,0.2,0.2,0.05,-0.2,-0.2
1445,Vedat Muriqi,7.8,4,16,8,50.0,2.04,1.02,0.19,0.38,13.9,0,1,3,4.5,2.2,0.14,-0.5,+0.8
1447,Yunus Musah,2.4,0,3,3,100.0,1.26,1.26,0.00,0.00,17.6,0,0,0,0.2,0.2,0.07,-0.2,-0.2
1448,Jamal Musiala,2.2,0,4,1,25.0,1.81,0.45,0.00,0.00,23.5,0,0,0,0.6,0.6,0.16,-0.6,-0.6
1452,Phillipp Mwene,2.6,0,1,1,100.0,0.39,0.39,0.00,0.00,15.2,0,0,0,0.0,0.0,0.01,0.0,0.0
1453,Vitaliy Mykolenko,3.0,0,2,1,50.0,0.67,0.33,0.00,0.00,15.4,0,0,0,0.2,0.2,0.08,-0.2,-0.2
1454,Joakim Maehle,5.7,1,7,3,42.9,1.22,0.52,0.14,0.33,18.1,0,0,0,0.3,0.3,0.04,+0.7,+0.7
1456,Obite N'Dicka,4.0,0,1,1,100.0,0.25,0.25,0.00,0.00,8.1,0,0,0,0.4,0.4,0.37,-0.4,-0.4
1459,Nathan N'Goumou,3.3,1,3,1,33.3,0.92,0.31,0.33,1.00,18.0,0,0,0,0.5,0.5,0.18,+0.5,+0.5
1461,Nacho,3.2,0,3,1,33.3,0.94,0.31,0.00,0.00,12.4,0,0,0,0.3,0.3,0.08,-0.3,-0.3
1464,Keito Nakamura,4.6,1,10,3,30.0,2.17,0.65,0.10,0.33,17.5,0,0,0,0.7,0.7,0.07,+0.3,+0.3
1465,Nahitan Nandez,5.4,0,7,2,28.6,1.29,0.37,0.00,0.00,18.1,0,0,0,1.1,1.1,0.16,-1.1,-1.1
1467,Natan,3.0,0,1,1,100.0,0.33,0.33,0.00,0.00,12.2,0,0,0,0.0,0.0,0.01,0.0,0.0
1471,Youssouf Ndayishimiye,7.0,0,6,2,33.3,0.86,0.29,0.00,0.00,15.1,0,0,0,0.8,0.8,0.14,-0.8,-0.8
1472,Iliman Ndiaye,4.0,1,8,3,37.5,2.01,0.75,0.13,0.33,17.1,0,0,0,1.0,1.0,0.13,0.0,0.0
1473,Rassoul Ndiaye,3.0,0,3,1,33.3,1.00,0.33,0.00,0.00,26.3,0,0,0,0.1,0.1,0.03,-0.1,-0.1
1475,Dan Ndoye,5.6,0,11,5,45.5,1.97,0.89,0.00,0.00,19.1,0,0,0,0.8,0.8,0.08,-0.8,-0.8
1476,Loic Nego,2.6,0,4,1,25.0,1.53,0.38,0.00,0.00,15.7,0,0,0,0.4,0.4,0.11,-0.4,-0.4
1477,Alvaro Negredo,0.2,0,1,1,100.0,4.50,4.50,0.00,0.00,29.9,0,0,0,0.0,0.0,0.03,0.0,0.0
1480,Pedro Neto,7.0,1,11,5,45.5,1.57,0.71,0.09,0.20,15.3,0,0,0,1.3,1.3,0.12,-0.3,-0.3
1482,Luca Netz,3.4,0,5,1,20.0,1.45,0.29,0.00,0.00,17.4,0,0,0,0.3,0.3,0.07,-0.3,-0.3
1483,Florian Neuhaus,4.2,2,13,5,38.5,3.13,1.20,0.15,0.40,21.1,1,0,0,1.5,1.5,0.12,+0.5,+0.5
1485,Jessic Ngankam,1.3,0,4,2,50.0,2.98,1.49,0.00,0.00,13.1,0,0,0,0.3,0.3,0.06,-0.3,-0.3
1486,Cyril Ngonge,6.0,2,12,3,25.0,2.01,0.50,0.17,0.67,19.5,1,0,0,0.7,0.7,0.06,+1.3,+1.3
1488,Shamar Nicholson,2.3,0,6,2,33.3,2.58,0.86,0.00,0.00,13.6,0,0,0,0.4,0.4,0.07,-0.4,-0.4
1489,Rasmus Nicolaisen,7.0,1,2,1,50.0,0.29,0.14,0.50,1.00,8.8,0,0,0,0.2,0.2,0.08,+0.8,+0.8
1491,Saul Niguez,4.8,0,5,2,40.0,1.05,0.42,0.00,0.00,15.3,0,0,0,0.3,0.3,0.05,-0.3,-0.3
1492,Rasmus Nissen,4.4,0,1,1,100.0,0.23,0.23,0.00,0.00,10.9,0,0,0,0.0,0.0,0.02,0.0,0.0
1493,Justin Njinmah,1.0,2,5,4,80.0,4.89,3.91,0.40,0.50,15.8,0,0,0,1.3,1.3,0.25,+0.7,+0.7
1494,Eddie Nketiah,5.5,2,15,3,20.0,2.73,0.55,0.13,0.67,12.2,0,0,0,1.7,1.7,0.11,+0.3,+0.3
1495,Niels Nkounkou,1.8,1,1,1,100.0,0.55,0.55,1.00,1.00,13.2,0,0,0,0.1,0.1,0.08,+0.9,+0.9
1497,Arnaud Nordin,3.1,2,8,3,37.5,2.59,0.97,0.25,0.67,15.2,0,0,0,1.3,1.3,0.16,+0.7,+0.7
1498,Oliver Norwood,4.8,0,4,2,50.0,0.84,0.42,0.00,0.00,30.8,0,0,0,0.1,0.1,0.02,-0.1,-0.1
1499,Randy Ntekja,3.0,1,6,1,16.7,2.01,0.34,0.00,0.00,17.9,0,1,1,1.4,0.7,0.11,-0.4,-0.7
1500,Ernest Nuamah,2.7,0,7,4,57.1,2.62,1.50,0.00,0.00,14.3,0,0,0,0.8,0.8,0.12,-0.8,-0.8
1504,Darwin Nunez,2.5,3,14,5,35.7,5.65,2.02,0.21,0.60,14.3,0,0,0,2.6,2.6,0.19,+0.4,+0.4
1505,Unai Nunez,8.0,1,7,3,42.9,0.88,0.38,0.14,0.33,10.7,0,0,0,0.5,0.5,0.07,+0.5,+0.5
1506,Fabian Nurnberger,3.7,0,3,2,66.7,0.81,0.54,0.00,0.00,19.6,0,0,0,0.1,0.1,0.05,-0.1,-0.1
1510,M'Bala Nzola,4.6,1,7,2,28.6,1.53,0.44,0.14,0.50,14.1,0,0,0,1.0,1.0,0.14,0.0,0.0
1511,Christian Norgaard,6.4,1,11,2,18.2,1.71,0.31,0.09,0.50,14.5,0,0,0,0.9,0.9,0.08,+0.1,+0.1
1516,Lucas Ocampos,5.4,0,16,1,6.3,2.96,0.18,0.00,0.00,17.5,0,0,0,0.8,0.8,0.05,-0.8,-0.8
1522,Florent Ogier,1.9,1,4,1,25.0,2.14,0.54,0.25,1.00,10.8,0,0,0,0.5,0.5,0.14,+0.5,+0.5
1523,Noah Okafor,2.1,2,6,3,50.0,2.80,1.40,0.33,0.67,13.0,0,0,0,1.6,1.6,0.26,+0.4,+0.4
1525,Joseph Okumu,3.3,0,1,1,100.0,0.30,0.30,0.00,0.00,9.6,0,0,0,0.1,0.1,0.07,-0.1,-0.1
1531,Dani Olmo,2.9,2,6,3,50.0,2.05,1.02,0.33,0.67,20.4,1,0,0,0.5,0.5,0.08,+1.5,+1.5
1537,Samuel Omorodion,2.3,1,11,3,27.3,4.85,1.32,0.09,0.33,11.1,0,0,0,2.2,2.2,0.20,-1.2,-1.2
1538,Samuel Omorodion,0.9,1,3,2,66.7,3.38,2.25,0.33,0.50,8.6,0,0,0,0.7,0.7,0.23,+0.3,+0.3
1539,Amadou Onana,6.8,0,8,2,25.0,1.17,0.29,0.00,0.00,15.1,0,0,0,0.8,0.8,0.10,-0.8,-0.8
1541,Karim Onisiwo,4.3,0,11,3,27.3,2.54,0.69,0.00,0.00,14.4,0,0,0,0.5,0.5,0.05,-0.5,-0.5
1543,Frank Onyeka,1.2,0,5,1,20.0,4.05,0.81,0.00,0.00,19.6,0,0,0,0.3,0.3,0.06,-0.3,-0.3
1544,Lois Openda,4.9,4,14,7,50.0,2.84,1.42,0.29,0.57,16.0,0,0,0,2.3,2.3,0.17,+1.7,+1.7
1547,Willi Orban,3.0,0,2,1,50.0,0.67,0.33,0.00,0.00,10.6,0,0,0,0.1,0.1,0.07,-0.1,-0.1
1548,Ivan Ordets,6.0,0,5,2,40.0,0.83,0.33,0.00,0.00,10.8,0,0,0,0.2,0.2,0.03,-0.2,-0.2
1550,Gaetano Oristanio,2.6,0,6,2,33.3,2.33,0.78,0.00,0.00,16.2,1,0,0,0.5,0.5,0.08,-0.5,-0.5
1551,Aimar Oroz,7.3,1,3,1,33.3,0.41,0.14,0.00,0.00,18.7,0,1,1,1.3,0.5,0.18,-0.3,-0.5
1552,Riccardo Orsolini,3.5,3,11,6,54.5,3.12,1.70,0.27,0.50,19.9,1,0,1,2.0,1.2,0.11,+1.0,+1.8
1554,Victor Osimhen,6.0,5,27,9,33.3,4.48,1.49,0.15,0.44,13.7,0,1,2,5.0,3.4,0.13,0.0,+0.6
1558,Dango Ouattara,1.4,0,4,1,25.0,2.95,0.74,0.00,0.00,14.1,0,0,0,0.3,0.3,0.08,-0.3,-0.3
1560,Remi Oudin,1.4,1,2,1,50.0,1.46,0.73,0.50,1.00,29.3,0,0,0,0.1,0.1,0.03,+0.9,+0.9
1562,Azzedine Ounahi,2.3,1,3,1,33.3,1.29,0.43,0.33,1.00,24.2,0,0,0,0.1,0.1,0.04,+0.9,+0.9
1563,Adam Ounas,0.2,1,3,1,33.3,12.86,4.29,0.33,1.00,16.6,1,0,0,0.2,0.2,0.08,+0.8,+0.8
1564,Mikel Oyarzabal,5.1,3,6,3,50.0,1.18,0.59,0.33,0.67,13.9,0,1,1,2.4,1.6,0.27,+0.6,+0.4
1571,Goncalo Paciencia,0.6,0,4,1,25.0,7.06,1.76,0.00,0.00,20.6,0,0,0,0.2,0.2,0.05,-0.2,-0.2
1574,Pablo Pagis,1.3,0,3,1,33.3,2.25,0.75,0.00,0.00,25.3,0,0,0,0.1,0.1,0.04,-0.1,-0.1
1575,Exequiel Palacios,4.8,2,3,1,33.3,0.63,0.21,0.33,1.00,30.0,0,1,1,1.0,0.2,0.08,+1.0,+0.8
1576,Isaac Palazon Camacho,6.2,2,15,9,60.0,2.42,1.45,0.00,0.00,26.7,1,2,2,2.1,0.5,0.03,-0.1,-0.5
1577,Joao Palhinha,4.3,1,6,1,16.7,1.41,0.23,0.17,1.00,18.9,0,0,0,0.3,0.3,0.05,+0.7,+0.7
1580,Cole Palmer,1.7,0,5,2,40.0,2.87,1.15,0.00,0.00,27.3,1,0,0,0.5,0.5,0.10,-0.5,-0.5
1582,Milos Pantovic,0.2,1,1,1,100.0,6.00,6.00,1.00,1.00,13.2,0,0,0,0.8,0.8,0.76,+0.2,+0.2
1584,Leart Paqarada,5.8,0,4,2,50.0,0.69,0.34,0.00,0.00,26.5,0,0,0,0.1,0.1,0.02,-0.1,-0.1
1586,Lucas Paqueta,6.9,1,7,1,14.3,1.02,0.15,0.00,0.00,15.2,0,1,1,1.4,0.7,0.09,-0.4,-0.7
1591,Fabiano Parisi,4.0,0,3,1,33.3,0.75,0.25,0.00,0.00,18.2,0,0,0,0.2,0.2,0.08,-0.2,-0.2
1592,Thomas Partey,2.6,0,2,1,50.0,0.77,0.38,0.00,0.00,17.0,0,0,0,0.1,0.1,0.04,-0.1,-0.1
1593,Mario Pasalic,2.0,1,2,2,100.0,0.99,0.99,0.50,0.50,9.9,0,0,0,0.5,0.5,0.26,+0.5,+0.5
1605,Alfonso Pedraza,4.5,0,2,1,50.0,0.45,0.22,0.00,0.00,17.8,0,0,0,0.1,0.1,0.06,-0.1,-0.1
1606,Pedri,1.9,1,4,2,50.0,2.14,1.07,0.25,0.50,13.6,0,0,0,0.9,0.9,0.24,+0.1,+0.1
1607,Pedro,0.9,0,1,1,100.0,1.14,1.14,0.00,0.00,23.4,0,0,0,0.0,0.0,0.02,0.0,0.0
1609,Jordan Pefok,2.8,1,7,3,42.9,2.54,1.09,0.14,0.33,11.3,0,0,0,1.8,1.8,0.25,-0.8,-0.8
1613,Lorenzo Pellegrini,3.5,1,10,1,10.0,2.89,0.29,0.10,1.00,19.0,2,0,0,0.6,0.6,0.06,+0.4,+0.4
1616,Andy Pelmard,7.0,0,2,1,50.0,0.29,0.14,0.00,0.00,9.1,0,0,0,0.3,0.3,0.17,-0.3,-0.3
1620,Andreas Pereira,5.3,1,4,2,50.0,0.75,0.37,0.25,0.50,26.8,1,0,0,0.2,0.2,0.05,+0.8,+0.8
1621,Danilo Pereira,3.5,0,2,1,50.0,0.58,0.29,0.00,0.00,9.4,0,0,0,0.4,0.4,0.20,-0.4,-0.4
1622,Mathias Pereira Lage,1.2,0,2,1,50.0,1.73,0.87,0.00,0.00,16.5,1,0,0,0.2,0.2,0.09,-0.2,-0.2
1625,Ayoze Perez,7.2,1,23,7,30.4,3.21,0.98,0.04,0.14,13.3,0,0,0,2.1,2.1,0.09,-1.1,-1.1
1628,Kike Perez,2.6,1,6,3,50.0,2.31,1.15,0.17,0.33,13.4,0,0,0,1.5,1.5,0.25,-0.5,-0.5
1629,Nehuen Perez,7.0,0,9,2,22.2,1.29,0.29,0.00,0.00,14.1,0,0,0,0.7,0.7,0.07,-0.7,-0.7
1634,Lucas Perrin,5.0,0,3,1,33.3,0.60,0.20,0.00,0.00,17.2,0,0,0,0.1,0.1,0.04,-0.1,-0.1
1635,Maximo Perrone,1.6,0,4,1,25.0,2.57,0.64,0.00,0.00,24.7,0,0,0,0.1,0.1,0.02,-0.1,-0.1
1636,Matteo Pessina,6.6,0,3,2,66.7,0.46,0.30,0.00,0.00,14.3,0,0,0,0.2,0.2,0.06,-0.2,-0.2
1638,Andrea Petagna,2.2,0,5,2,40.0,2.28,0.91,0.00,0.00,13.1,0,0,0,0.2,0.2,0.05,-0.2,-0.2
1642,German Pezzella,7.0,0,5,1,20.0,0.71,0.14,0.00,0.00,9.2,0,0,0,0.6,0.6,0.13,-0.6,-0.6
1643,Giuseppe Pezzella,3.7,0,1,1,100.0,0.27,0.27,0.00,0.00,23.3,0,0,0,0.1,0.1,0.10,-0.1,-0.1
1644,Luca Pfeiffer,4.2,0,5,1,20.0,1.18,0.24,0.00,0.00,10.9,0,0,0,0.8,0.8,0.15,-0.8,-0.8
1646,Maximilian Philipp,1.2,1,4,1,25.0,3.27,0.82,0.25,1.00,14.3,0,0,0,0.2,0.2,0.06,+0.8,+0.8
1650,Roberto Piccoli,0.8,0,3,1,33.3,3.70,1.23,0.00,0.00,19.8,0,0,0,0.1,0.1,0.03,-0.1,-0.1
1654,Marvin Pieringer,3.8,1,6,2,33.3,1.59,0.53,0.17,0.50,15.0,0,0,0,0.4,0.4,0.07,+0.6,+0.6
1656,Andrea Pinamonti,5.9,4,16,5,31.3,2.72,0.85,0.25,0.80,17.3,0,0,0,1.3,1.3,0.08,+2.7,+2.7
1657,Ethan Pinnock,7.0,0,6,1,16.7,0.86,0.14,0.00,0.00,8.4,0,0,0,0.8,0.8,0.14,-0.8,-0.8
1658,Yeremi Pino,4.3,0,6,2,33.3,1.40,0.47,0.00,0.00,13.8,0,0,0,1.0,1.0,0.17,-1.0,-1.0
1660,Alassane Plea,4.3,2,8,2,25.0,1.85,0.46,0.25,1.00,18.4,0,0,0,1.0,1.0,0.13,+1.0,+1.0
1661,Tommaso Pobega,1.2,0,1,1,100.0,0.87,0.87,0.00,0.00,35.1,0,0,0,0.0,0.0,0.01,0.0,0.0
1664,Matteo Politano,4.1,3,8,2,25.0,1.93,0.48,0.25,1.00,23.6,1,1,1,1.6,0.8,0.10,+1.4,+1.2
1665,Julien Ponceau,5.2,1,7,3,42.9,1.36,0.58,0.14,0.33,21.9,0,0,0,0.4,0.4,0.06,+0.6,+0.6
1669,Portu,1.1,0,1,1,100.0,0.93,0.93,0.00,0.00,8.5,0,0,0,0.2,0.2,0.16,-0.2,-0.2
1670,Portu,1.5,1,3,2,66.7,1.96,1.30,0.33,0.50,8.7,0,0,0,0.5,0.5,0.17,+0.5,+0.5
1671,Stefan Posch,3.4,0,3,1,33.3,0.89,0.30,0.00,0.00,15.9,0,0,0,0.3,0.3,0.10,-0.3,-0.3
1672,Yussuf Poulsen,4.0,0,4,2,50.0,1.00,0.50,0.00,0.00,12.5,0,0,0,0.4,0.4,0.10,-0.4,-0.4
1674,Benat Prados,0.7,0,1,1,100.0,1.36,1.36,0.00,0.00,11.4,0,0,0,0.1,0.1,0.06,-0.1,-0.1
1676,Abdon Prats,2.2,4,6,5,83.3,2.70,2.25,0.67,0.80,13.3,0,0,0,1.3,1.3,0.21,+2.7,+2.7
1678,Grischa Promel,5.1,0,8,2,25.0,1.57,0.39,0.00,0.00,13.2,0,0,0,1.0,1.0,0.12,-1.0,-1.0
1682,Antonio Puertas,3.5,0,6,1,16.7,1.70,0.28,0.00,0.00,21.9,0,0,1,1.0,0.2,0.03,-1.0,-0.2
1684,Christian Pulisic,5.8,3,8,7,87.5,1.38,1.21,0.38,0.43,14.5,0,0,0,1.4,1.4,0.17,+1.6,+1.6
1688,Adrien Rabiot,7.0,1,12,6,50.0,1.71,0.86,0.08,0.17,15.0,0,0,0,1.5,1.5,0.13,-0.5,-0.5
1691,Nemanja Radonjic,3.8,3,12,5,41.7,3.13,1.30,0.25,0.60,16.6,0,0,0,1.7,1.7,0.14,+1.3,+1.3
1693,Hamza Rafia,4.4,1,5,1,20.0,1.13,0.23,0.20,1.00,20.0,0,0,0,0.3,0.3,0.07,+0.7,+0.7
1694,Antonio Raillo,1.0,1,3,2,66.7,3.03,2.02,0.33,0.50,20.9,0,0,0,0.1,0.1,0.03,+0.9,+0.9
1697,Ivan Rakitic,5.5,0,11,2,18.2,2.00,0.36,0.00,0.00,28.2,3,0,0,0.4,0.4,0.04,-0.4,-0.4
1698,Ylber Ramadani,6.8,0,11,2,18.2,1.63,0.30,0.00,0.00,25.4,0,0,0,0.5,0.5,0.05,-0.5,-0.5
1699,Largie Ramazani,4.7,0,18,6,33.3,3.84,1.28,0.00,0.00,19.5,1,0,0,1.5,1.5,0.08,-1.5,-1.5
1700,Benito Ramirez,0.6,0,2,1,50.0,3.27,1.64,0.00,0.00,26.7,1,0,0,0.1,0.1,0.04,-0.1,-0.1
1701,Sandro Ramirez,3.9,0,7,3,42.9,1.81,0.78,0.00,0.00,21.4,0,0,0,0.4,0.4,0.06,-0.4,-0.4
1702,Chris Ramos,6.7,2,15,3,20.0,2.24,0.45,0.13,0.67,11.4,0,0,0,1.8,1.8,0.12,+0.2,+0.2
1703,Goncalo Ramos,3.8,2,13,6,46.2,3.39,1.57,0.15,0.33,13.5,0,0,0,2.3,2.3,0.18,-0.3,-0.3
1706,Aaron Ramsey,2.0,0,2,1,50.0,1.02,0.51,0.00,0.00,20.4,0,0,0,0.1,0.1,0.03,-0.1,-0.1
1707,Jacob Ramsey,0.6,1,3,2,66.7,5.40,3.60,0.33,0.50,17.9,0,0,0,0.2,0.2,0.06,+0.8,+0.8
1709,Filippo Ranocchia,1.4,0,1,1,100.0,0.71,0.71,0.00,0.00,31.3,1,0,0,0.0,0.0,0.04,0.0,0.0
1711,Raphinha,2.4,2,10,6,60.0,4.21,2.52,0.20,0.33,20.5,2,0,0,1.1,1.1,0.11,+0.9,+0.9
1714,Marcus Rashford,6.7,1,28,6,21.4,4.15,0.89,0.04,0.17,15.6,1,0,0,2.7,2.7,0.10,-1.7,-1.7
1716,Giacomo Raspadori,3.7,1,14,5,35.7,3.74,1.34,0.07,0.20,18.8,0,0,1,1.7,0.9,0.07,-0.7,+0.1
1718,David Raum,5.8,1,3,2,66.7,0.51,0.34,0.33,0.50,17.5,0,0,0,0.1,0.1,0.03,+0.9,+0.9
1720,Tim Ream,5.7,1,1,1,100.0,0.18,0.18,1.00,1.00,1.3,0,0,0,1.0,1.0,0.96,0.0,0.0
1721,Abderrahman Rebbach,1.6,0,2,1,50.0,1.25,0.62,0.00,0.00,12.3,0,0,0,0.1,0.1,0.05,-0.1,-0.1
1725,Bobby Reid,4.0,1,7,2,28.6,1.75,0.50,0.14,0.50,14.2,0,0,0,1.7,1.7,0.24,-0.7,-0.7
1726,Tijjani Reijnders,6.5,0,12,2,16.7,1.85,0.31,0.00,0.00,16.2,0,0,0,1.4,1.4,0.11,-1.4,-1.4
1727,Rocco Reitz,3.8,0,5,1,20.0,1.31,0.26,0.00,0.00,20.2,0,0,0,0.2,0.2,0.04,-0.2,-0.2
1730,Mateo Retegui,6.3,3,11,7,63.6,1.75,1.11,0.27,0.43,13.5,0,0,0,1.2,1.2,0.11,+1.8,+1.8
1731,Marco Reus,2.8,3,7,5,71.4,2.52,1.80,0.43,0.60,13.9,1,0,0,1.1,1.1,0.16,+1.9,+1.9
1732,Elvis Rexhbecaj,5.6,1,7,1,14.3,1.26,0.18,0.14,1.00,27.6,0,0,0,0.2,0.2,0.02,+0.8,+0.8
1734,Alexsandro Ribeiro,4.4,0,5,1,20.0,1.15,0.23,0.00,0.00,13.6,0,0,0,0.3,0.3,0.07,-0.3,-0.3
1735,Samuele Ricci,5.7,0,5,1,20.0,0.88,0.18,0.00,0.00,31.8,0,0,0,0.1,0.1,0.02,-0.1,-0.1
1736,Declan Rice,6.4,1,8,4,50.0,1.25,0.63,0.13,0.25,17.6,0,0,0,0.7,0.7,0.08,+0.3,+0.3
1738,Amir Richardson,2.5,1,2,2,100.0,0.80,0.80,0.50,0.50,13.2,0,0,0,0.4,0.4,0.19,+0.6,+0.6
1739,Richarlison,3.9,1,14,6,42.9,3.60,1.54,0.07,0.17,12.1,0,0,0,1.7,1.7,0.12,-0.7,-0.7
1740,Marco Richter,1.3,0,8,2,25.0,6.32,1.58,0.00,0.00,20.1,0,0,0,0.5,0.5,0.06,-0.5,-0.5
1743,Clemens Riedel,2.1,0,2,1,50.0,0.95,0.47,0.00,0.00,25.3,0,0,0,0.0,0.0,0.01,0.0,0.0
1744,Fabian Rieder,1.4,0,2,1,50.0,1.45,0.73,0.00,0.00,21.5,1,0,0,0.2,0.2,0.09,-0.2,-0.2
1747,Luis Rioja,7.0,1,14,3,21.4,1.99,0.43,0.07,0.33,19.2,1,0,0,0.7,0.7,0.05,+0.3,+0.3
1749,Rodrigo Riquelme,1.6,1,2,1,50.0,1.29,0.64,0.50,1.00,10.7,0,0,0,0.8,0.8,0.38,+0.2,+0.2
1753,Lucas Robertone,4.5,0,10,5,50.0,2.23,1.12,0.00,0.00,26.6,2,0,0,0.3,0.3,0.03,-0.3,-0.3
1755,Andrew Robertson,7.0,1,2,2,100.0,0.29,0.29,0.50,0.50,8.2,0,0,0,0.5,0.5,0.23,+0.5,+0.5
1758,Marc Roca,6.3,1,5,3,60.0,0.79,0.48,0.20,0.33,19.4,0,0,0,0.3,0.3,0.07,+0.7,+0.7
1760,Rodri,5.3,2,14,7,50.0,2.62,1.31,0.14,0.29,20.4,0,0,0,1.0,1.0,0.07,+1.0,+1.0
1761,Rodri,4.0,0,9,3,33.3,2.28,0.76,0.00,0.00,16.1,0,0,0,0.7,0.7,0.08,-0.7,-0.7
1762,Oscar Rodriguez Arnaiz,1.3,0,4,1,25.0,3.16,0.79,0.00,0.00,30.6,0,0,0,0.1,0.1,0.02,-0.1,-0.1
1764,Guido Rodriguez,6.4,1,6,1,16.7,0.93,0.16,0.17,1.00,21.5,0,0,0,0.2,0.2,0.03,+0.8,+0.8
1766,Kirian Rodriguez,6.7,1,11,2,18.2,1.63,0.30,0.09,0.50,27.9,0,0,0,0.4,0.4,0.03,+0.6,+0.6
1770,Rodrygo,6.9,1,28,7,25.0,4.07,1.02,0.04,0.14,16.4,0,0,1,2.9,2.1,0.07,-1.9,-1.1
1774,Alessio Romagnoli,7.0,0,1,1,100.0,0.14,0.14,0.00,0.00,11.5,0,0,0,0.0,0.0,0.03,0.0,0.0
1775,Simone Romagnoli,6.2,1,2,1,50.0,0.32,0.16,0.50,1.00,10.4,0,0,0,0.1,0.1,0.06,+0.9,+0.9
1777,Cristian Romero,6.1,2,7,2,28.6,1.14,0.33,0.29,1.00,13.4,0,0,0,0.9,0.9,0.13,+1.1,+1.1
1779,Oriol Romeu,5.3,0,7,2,28.6,1.33,0.38,0.00,0.00,24.3,0,0,0,0.6,0.6,0.08,-0.6,-0.6
1780,Valentin Rongier,6.5,0,6,2,33.3,0.93,0.31,0.00,0.00,19.1,0,0,0,0.3,0.3,0.06,-0.3,-0.3
1782,Marten de Roon,7.0,0,3,1,33.3,0.43,0.14,0.00,0.00,25.7,0,0,0,0.1,0.1,0.03,-0.1,-0.1
1789,Ruan,4.6,0,2,1,50.0,0.44,0.22,0.00,0.00,10.7,0,0,0,0.1,0.1,0.06,-0.1,-0.1
1794,Matteo Ruggeri,6.4,0,2,1,50.0,0.31,0.16,0.00,0.00,22.1,0,0,0,0.1,0.1,0.04,-0.1,-0.1
1795,Mario Rui,2.6,0,2,1,50.0,0.78,0.39,0.00,0.00,18.1,0,0,0,0.1,0.1,0.05,-0.1,-0.1
1797,Fabian Ruiz Pena,2.4,0,4,2,50.0,1.70,0.85,0.00,0.00,22.8,0,0,0,0.3,0.3,0.08,-0.3,-0.3
1799,Julian Ryerson,3.9,1,4,1,25.0,1.02,0.25,0.25,1.00,18.0,0,0,0,0.5,0.5,0.13,+0.5,+0.5
1805,Marcel Sabitzer,3.7,0,5,1,20.0,1.37,0.27,0.00,0.00,21.2,1,0,0,0.7,0.7,0.14,-0.7,-0.7
1807,Umar Sadiq,2.5,0,8,1,12.5,3.16,0.39,0.00,0.00,14.7,0,0,0,1.1,1.1,0.17,-1.1,-1.1
1809,Wesley Said,1.2,1,11,3,27.3,9.08,2.48,0.09,0.33,12.9,0,0,0,1.3,1.3,0.11,-0.3,-0.3
1810,Bukayo Saka,6.8,4,16,7,43.8,2.35,1.03,0.13,0.29,16.5,0,2,2,4.1,2.5,0.15,-0.1,-0.5
1812,Ibrahim Salah,1.8,3,8,7,87.5,4.44,3.89,0.38,0.43,18.4,0,0,0,1.3,1.3,0.16,+1.7,+1.7
1813,Mohamed Salah,6.6,3,19,7,36.8,2.88,1.06,0.11,0.29,17.5,0,1,2,3.8,2.1,0.11,-0.8,-0.1
1814,Amine Salama,0.7,0,1,1,100.0,1.53,1.53,0.00,0.00,6.9,0,0,0,0.2,0.2,0.18,-0.2,-0.2
1815,Kike Salas,1.9,1,2,1,50.0,1.04,0.52,0.50,1.00,11.7,0,0,0,0.2,0.2,0.09,+0.8,+0.8
1817,Roland Sallai,5.1,1,17,7,41.2,3.36,1.38,0.06,0.14,16.9,0,0,0,1.9,1.9,0.12,-0.9,-0.9
1818,Yoann Salmier,7.0,0,5,2,40.0,0.72,0.29,0.00,0.00,12.5,0,0,0,0.6,0.6,0.12,-0.6,-0.6
1821,Lazar Samardzic,5.0,2,12,6,50.0,2.40,1.20,0.17,0.33,24.6,4,0,0,0.6,0.6,0.05,+1.4,+1.4
1823,Mama Samba Balde,1.9,0,4,2,50.0,2.07,1.03,0.00,0.00,19.3,0,0,0,0.2,0.2,0.06,-0.2,-0.2
1825,Albert Sambi Lokonga,1.4,0,2,1,50.0,1.40,0.70,0.00,0.00,24.3,0,0,0,0.1,0.1,0.03,-0.1,-0.1
1827,Samuel,2.8,0,2,1,50.0,0.71,0.35,0.00,0.00,23.9,0,0,0,0.1,0.1,0.03,-0.1,-0.1
1828,Fede San Emeterio,1.5,1,1,1,100.0,0.65,0.65,1.00,1.00,5.0,0,0,0,0.1,0.1,0.06,+0.9,+0.9
1829,Antonio Sanabria,2.4,0,1,1,100.0,0.42,0.42,0.00,0.00,9.1,0,0,0,0.1,0.1,0.11,-0.1,-0.1
1830,Oihan Sancet,4.2,1,11,2,18.2,2.63,0.48,0.09,0.50,15.4,0,0,0,1.1,1.1,0.10,-0.1,-0.1
1831,Renato Sanches,0.8,1,2,1,50.0,2.54,1.27,0.50,1.00,19.1,0,0,0,0.1,0.1,0.04,+0.9,+0.9
1832,Ricard Sanchez,6.5,1,2,2,100.0,0.31,0.31,0.50,0.50,22.6,0,0,0,0.1,0.1,0.03,+0.9,+0.9
1834,Antonio Sanchez,1.5,1,2,2,100.0,1.30,1.30,0.50,0.50,23.8,0,0,0,0.6,0.6,0.31,+0.4,+0.4
1842,Leroy Sane,5.8,5,20,11,55.0,3.46,1.90,0.25,0.45,17.2,1,0,0,3.7,3.7,0.18,+1.3,+1.3
1847,Morgan Sanson,6.1,0,14,1,7.1,2.31,0.16,0.00,0.00,19.8,1,0,0,0.9,0.9,0.07,-0.9,-0.9
1849,Baptiste Santamaria,3.1,0,7,3,42.9,2.26,0.97,0.00,0.00,22.5,0,0,0,0.9,0.9,0.12,-0.9,-0.9
1851,Riccardo Saponara,0.9,0,2,1,50.0,2.28,1.14,0.00,0.00,30.5,0,0,0,0.0,0.0,0.01,0.0,0.0
1852,Pablo Sarabia,1.9,0,5,2,40.0,2.60,1.04,0.00,0.00,18.3,1,0,0,0.3,0.3,0.07,-0.3,-0.3
1853,Amin Sarr,1.1,0,5,2,40.0,4.59,1.84,0.00,0.00,13.5,0,0,0,0.3,0.3,0.07,-0.3,-0.3
1855,Ismaila Sarr,3.5,2,13,4,30.8,3.71,1.14,0.15,0.50,11.6,0,0,0,1.6,1.6,0.12,+0.4,+0.4
1856,Martin Satriano,4.3,0,12,3,25.0,2.80,0.70,0.00,0.00,13.2,0,0,0,1.0,1.0,0.08,-1.0,-1.0
1857,Teji Savanier,6.6,1,21,4,19.0,3.18,0.61,0.00,0.00,23.7,5,1,1,2.0,1.2,0.06,-1.0,-1.2
1859,Savio,7.0,2,10,5,50.0,1.44,0.72,0.20,0.40,19.6,0,0,0,1.2,1.2,0.12,+0.8,+0.8
1862,Giorgio Scalvini,5.9,0,2,1,50.0,0.34,0.17,0.00,0.00,13.2,0,0,0,0.4,0.4,0.20,-0.4,-0.4
1863,Gianluca Scamacca,1.8,2,9,3,33.3,4.91,1.64,0.22,0.67,16.6,0,0,0,0.9,0.9,0.10,+1.1,+1.1
1864,Kevin Schade,2.9,1,5,2,40.0,1.75,0.70,0.20,0.50,15.8,0,0,0,0.7,0.7,0.14,+0.3,+0.3
1865,Fabian Schar,7.0,0,5,1,20.0,0.71,0.14,0.00,0.00,17.0,1,0,0,0.5,0.5,0.10,-0.5,-0.5
1869,Nico Schlotterbeck,5.0,0,3,1,33.3,0.60,0.20,0.00,0.00,9.3,0,0,0,0.4,0.4,0.14,-0.4,-0.4
1870,Jeffrey Schlupp,6.0,0,7,3,42.9,1.17,0.50,0.00,0.00,15.2,0,0,0,0.4,0.4,0.06,-0.4,-0.4
1872,Romano Schmid,5.0,0,8,2,25.0,1.61,0.40,0.00,0.00,21.2,0,0,0,1.2,1.2,0.14,-1.2,-1.2
1874,Niklas Schmidt,4.1,1,5,5,100.0,1.21,1.21,0.20,0.20,22.8,1,0,0,0.5,0.5,0.10,+0.5,+0.5
1875,Benno Schmitz,4.5,0,2,1,50.0,0.45,0.22,0.00,0.00,27.4,0,0,0,0.0,0.0,0.02,0.0,0.0
1879,Perr Schuurs,7.0,1,7,1,14.3,1.00,0.14,0.14,1.00,25.5,0,0,0,0.7,0.7,0.10,+0.3,+0.3
1881,Demba Seck,2.9,0,7,1,14.3,2.44,0.35,0.00,0.00,18.9,0,0,0,0.2,0.2,0.03,-0.2,-0.2
1883,Alidu Seidu,7.0,0,3,1,33.3,0.43,0.14,0.00,0.00,35.0,0,0,0,0.0,0.0,0.01,0.0,0.0
1885,Davie Selke,3.9,2,9,3,33.3,2.33,0.78,0.22,0.67,12.6,0,0,0,1.2,1.2,0.13,+0.8,+0.8
1889,Antoine Semenyo,2.9,1,12,5,41.7,4.20,1.75,0.08,0.20,20.3,0,0,0,0.7,0.7,0.06,+0.3,+0.3
1890,Marvin Senaya,3.0,0,2,1,50.0,0.67,0.34,0.00,0.00,28.6,0,0,0,0.0,0.0,0.02,0.0,0.0
1894,Benjamin Sesko,1.6,2,5,4,80.0,3.17,2.54,0.40,0.50,13.8,0,0,0,0.7,0.7,0.15,+1.3,+1.3
1898,Stephan El Shaarawy,3.3,0,7,2,28.6,2.14,0.61,0.00,0.00,17.5,1,0,0,0.6,0.6,0.08,-0.6,-0.6
1901,Steven Shpendi,2.3,0,3,2,66.7,1.30,0.87,0.00,0.00,22.6,0,0,0,0.1,0.1,0.04,-0.1,-0.1
1905,Andre Silva,0.3,0,1,1,100.0,3.00,3.00,0.00,0.00,17.7,0,0,0,0.1,0.1,0.14,-0.1,-0.1
1906,Bernardo Silva,3.2,1,1,1,100.0,0.32,0.32,1.00,1.00,4.7,0,0,0,0.4,0.4,0.35,+0.6,+0.6
1908,Fabio Silva,2.8,0,7,3,42.9,2.53,1.08,0.00,0.00,13.8,0,0,0,1.0,1.0,0.15,-1.0,-1.0
1910,Thiago Silva,7.0,0,2,1,50.0,0.29,0.14,0.00,0.00,8.9,0,0,0,0.1,0.1,0.05,-0.1,-0.1
1912,Mohamed Simakan,5.7,0,1,1,100.0,0.18,0.18,0.00,0.00,6.8,0,0,0,0.0,0.0,0.04,0.0,0.0
1913,Giovanni Simeone,1.1,1,6,5,83.3,5.29,4.41,0.17,0.20,15.0,0,0,0,0.6,0.6,0.11,+0.4,+0.4
1914,Moses Simon,6.3,2,9,4,44.4,1.43,0.64,0.11,0.25,19.0,0,1,1,1.3,0.5,0.06,+0.7,+0.5
1916,Xavi Simons,5.3,3,9,6,66.7,1.71,1.14,0.33,0.50,20.0,0,0,0,0.8,0.8,0.09,+2.2,+2.2
1917,Wilfried Singo,6.0,1,6,2,33.3,1.00,0.33,0.17,0.50,14.8,0,0,0,0.2,0.2,0.03,+0.8,+0.8
1925,Tim Skarke,2.7,2,7,3,42.9,2.55,1.09,0.29,0.67,21.7,0,0,0,0.2,0.2,0.03,+1.8,+1.8
1926,Ellyes Skhiri,6.0,0,5,4,80.0,0.83,0.67,0.00,0.00,9.8,0,0,0,1.0,1.0,0.21,-1.0,-1.0
1928,Leo Skiri Ostigard,4.0,1,1,1,100.0,0.25,0.25,1.00,1.00,4.6,0,0,0,0.4,0.4,0.39,+0.6,+0.6
1930,Robert Skov,3.2,1,7,2,28.6,2.18,0.62,0.14,0.50,23.2,3,0,0,0.3,0.3,0.05,+0.7,+0.7
1931,Milan Skriniar,7.0,0,3,1,33.3,0.43,0.14,0.00,0.00,9.5,0,0,0,0.2,0.2,0.06,-0.2,-0.2
1932,Chris Smalling,2.7,0,1,1,100.0,0.37,0.37,0.00,0.00,7.1,0,0,0,0.0,0.0,0.05,0.0,0.0
1934,Emile Smith Rowe,0.1,0,2,2,100.0,16.36,16.36,0.00,0.00,15.7,0,0,0,0.5,0.5,0.23,-0.5,-0.5
1938,Emran Soglo,0.7,1,1,1,100.0,1.36,1.36,1.00,1.00,12.1,0,0,0,0.1,0.1,0.08,+0.9,+0.9
1939,Alex Sola,3.5,0,9,3,33.3,2.60,0.87,0.00,0.00,15.7,0,0,0,0.5,0.5,0.05,-0.5,-0.5
1941,Dominic Solanke,7.0,3,18,6,33.3,2.57,0.86,0.17,0.50,12.9,0,0,0,2.9,2.9,0.16,+0.1,+0.1
1943,Carlos Soler,1.2,0,4,1,25.0,3.27,0.82,0.00,0.00,17.2,0,0,0,0.3,0.3,0.08,-0.3,-0.3
1945,Manor Solomon,2.2,0,7,1,14.3,3.17,0.45,0.00,0.00,16.8,0,0,0,0.4,0.4,0.06,-0.4,-0.4
1954,Florian Sotoca,6.9,1,17,3,17.6,2.46,0.43,0.06,0.33,14.0,0,0,0,1.1,1.1,0.07,-0.1,-0.1
1955,Riccardo Sottil,2.1,0,5,4,80.0,2.39,1.91,0.00,0.00,16.8,1,0,0,0.7,0.7,0.14,-0.7,-0.7
1956,Tomas Soucek,5.2,1,11,3,27.3,2.12,0.58,0.09,0.33,9.0,0,0,0,1.6,1.6,0.14,-0.6,-0.6
1957,Matias Soule,4.5,1,9,1,11.1,1.99,0.22,0.11,1.00,14.4,0,0,0,1.2,1.2,0.13,-0.2,-0.2
1960,Vinicius Souza,5.8,0,4,2,50.0,0.69,0.35,0.00,0.00,23.2,0,0,0,0.2,0.2,0.04,-0.2,-0.2
1961,Djibril Sow,3.6,0,8,3,37.5,2.25,0.84,0.00,0.00,16.6,0,0,0,0.5,0.5,0.06,-0.5,-0.5
1965,Leonardo Spinazzola,5.2,1,3,2,66.7,0.58,0.39,0.33,0.50,23.2,0,0,0,0.1,0.1,0.03,+0.9,+0.9
1968,Anton Stach,1.9,0,2,1,50.0,1.06,0.53,0.00,0.00,12.8,0,0,0,0.2,0.2,0.09,-0.2,-0.2
1969,Jens Stage,5.6,1,10,2,20.0,1.77,0.35,0.10,0.50,16.3,0,0,0,1.3,1.3,0.13,-0.3,-0.3
1971,Carl Starfelt,7.0,0,3,2,66.7,0.43,0.29,0.00,0.00,7.4,0,0,0,0.4,0.4,0.13,-0.4,-0.4
1974,Pascal Stenzel,5.1,0,6,3,50.0,1.17,0.58,0.00,0.00,28.9,0,0,0,0.1,0.1,0.02,-0.1,-0.1
1976,Raheem Sterling,6.2,2,14,4,28.6,2.27,0.65,0.14,0.50,11.1,1,0,0,1.9,1.9,0.13,+0.1,+0.1
1977,Trivante Stewart,0.1,0,1,1,100.0,7.50,7.50,0.00,0.00,27.9,0,0,0,0.0,0.0,0.04,0.0,0.0
1978,Angelo Stiller,0.9,0,2,1,50.0,2.14,1.07,0.00,0.00,21.7,0,0,0,0.1,0.1,0.04,-0.1,-0.1
1980,Kevin Stoger,5.1,2,18,8,44.4,3.55,1.58,0.06,0.13,25.4,2,1,1,1.5,0.7,0.04,+0.5,+0.3
1981,Filip Stojilkovic,1.5,0,3,1,33.3,2.06,0.69,0.00,0.00,23.7,0,0,0,0.1,0.1,0.04,-0.1,-0.1
1982,Jorgen Strand Larsen,6.4,2,18,5,27.8,2.83,0.79,0.11,0.40,13.2,0,0,0,1.8,1.8,0.10,+0.2,+0.2
1983,Gabriel Strefezza,4.7,1,11,2,18.2,2.34,0.43,0.00,0.00,23.1,1,1,1,1.3,0.5,0.05,-0.3,-0.5
1985,Cristhian Stuani,4.0,2,12,5,41.7,3.01,1.25,0.17,0.40,12.7,0,0,0,2.9,2.9,0.24,-0.9,-0.9
1992,Ibrahim Sulemana,4.4,0,4,1,25.0,0.92,0.23,0.00,0.00,25.0,0,0,0,0.2,0.2,0.05,-0.2,-0.2
1993,Tomas Suslov,1.7,0,3,1,33.3,1.80,0.60,0.00,0.00,29.2,0,0,0,0.1,0.1,0.02,-0.1,-0.1
1994,Suso,4.6,1,9,3,33.3,1.96,0.65,0.11,0.33,24.4,1,0,0,0.5,0.5,0.06,+0.5,+0.5
1995,Mattias Svanberg,5.5,0,11,3,27.3,1.99,0.54,0.00,0.00,21.1,1,0,0,0.6,0.6,0.06,-0.6,-0.6
1996,Williot Swedberg,0.5,1,2,1,50.0,3.83,1.91,0.50,1.00,9.6,0,0,0,0.3,0.3,0.15,+0.7,+0.7
2004,Dominik Szoboszlai,7.0,1,14,4,28.6,2.00,0.57,0.07,0.25,25.3,3,0,0,0.5,0.5,0.04,+0.5,+0.5
2006,Alexander Sorloth,7.0,4,14,6,42.9,2.01,0.86,0.29,0.67,10.2,0,0,0,2.6,2.6,0.18,+1.4,+1.4
2007,Musa Al-Taamari,5.1,3,14,7,50.0,2.73,1.37,0.21,0.43,19.1,0,0,0,1.4,1.4,0.10,+1.6,+1.6
2008,Nicolas Tagliafico,6.9,1,2,1,50.0,0.29,0.15,0.50,1.00,13.9,0,0,0,0.4,0.4,0.22,+0.6,+0.6
2009,Jonathan Tah,5.8,2,2,2,100.0,0.35,0.35,1.00,1.00,8.6,0,0,0,0.4,0.4,0.20,+1.6,+1.6
2016,James Tarkowski,7.0,1,5,1,20.0,0.72,0.14,0.20,1.00,7.2,0,0,0,0.7,0.7,0.15,+0.3,+0.3
2019,Marcus Tavernier,2.4,0,3,1,33.3,1.27,0.42,0.00,0.00,21.5,0,0,0,0.1,0.1,0.03,-0.1,-0.1
2022,Enzo Tchato,0.3,0,1,1,100.0,3.33,3.33,0.00,0.00,21.9,0,0,0,0.0,0.0,0.04,0.0,0.0
2023,Aurelien Tchouameni,6.6,1,10,2,20.0,1.51,0.30,0.10,0.50,21.9,0,0,0,0.6,0.6,0.06,+0.4,+0.4
2024,Mathys Tel,1.4,3,9,5,55.6,6.28,3.49,0.33,0.60,16.7,0,0,0,0.5,0.5,0.06,+2.5,+2.5
2025,Nathan Tella,0.3,0,1,1,100.0,2.90,2.90,0.00,0.00,18.7,0,0,0,0.1,0.1,0.07,-0.1,-0.1
2029,Filippo Terracciano,5.0,0,3,2,66.7,0.59,0.40,0.00,0.00,26.9,0,0,0,0.1,0.1,0.02,-0.1,-0.1
2034,Teddy Teuma,4.8,3,9,4,44.4,1.87,0.83,0.33,0.75,23.2,2,0,0,0.5,0.5,0.06,+2.5,+2.5
2035,Florian Thauvin,5.2,0,18,7,38.9,3.48,1.35,0.00,0.00,16.1,1,0,0,1.6,1.6,0.09,-1.6,-1.6
2036,Arthur Theate,7.0,0,5,1,20.0,0.71,0.14,0.00,0.00,23.7,0,0,0,0.3,0.3,0.05,-0.3,-0.3
2037,Norman Theuerkauf,3.6,0,3,1,33.3,0.84,0.28,0.00,0.00,20.3,0,0,0,0.1,0.1,0.04,-0.1,-0.1
2040,Luke Thomas,3.3,0,4,1,25.0,1.23,0.31,0.00,0.00,10.9,0,0,0,0.5,0.5,0.12,-0.5,-0.5
2041,Adrien Thomasson,4.4,0,10,1,10.0,2.27,0.23,0.00,0.00,14.1,0,0,0,0.9,0.9,0.09,-0.9,-0.9
2042,Morten Thorsby,3.6,1,3,1,33.3,0.82,0.27,0.33,1.00,12.8,0,0,0,0.7,0.7,0.24,+0.3,+0.3
2044,Khephren Thuram,5.5,0,9,4,44.4,1.64,0.73,0.00,0.00,18.7,0,0,0,0.8,0.8,0.09,-0.8,-0.8
2045,Marcus Thuram,5.7,2,19,6,31.6,3.35,1.06,0.11,0.33,12.7,0,0,0,2.4,2.4,0.13,-0.4,-0.4
2046,Cheikh Tidiane Sabaly,5.7,2,7,4,57.1,1.23,0.70,0.29,0.50,19.3,0,0,0,0.7,0.7,0.10,+1.3,+1.3
2049,Phillip Tietz,3.2,0,7,2,28.6,2.18,0.62,0.00,0.00,18.6,0,0,0,0.6,0.6,0.09,-0.6,-0.6
2050,Steffen Tigges,1.8,0,3,1,33.3,1.65,0.55,0.00,0.00,11.8,0,0,0,0.2,0.2,0.08,-0.2,-0.2
2055,Corentin Tolisso,5.2,1,12,4,33.3,2.30,0.77,0.00,0.00,22.9,0,1,1,1.4,0.6,0.05,-0.4,-0.6
2056,Jeremy Toljan,7.0,0,3,2,66.7,0.43,0.29,0.00,0.00,18.4,0,0,0,0.2,0.2,0.06,-0.2,-0.2
2058,Raul de Tomas,2.9,0,6,2,33.3,2.07,0.69,0.00,0.00,15.2,0,0,0,0.6,0.6,0.09,-0.6,-0.6
2059,Tiago Tomas,3.0,1,7,3,42.9,2.31,0.99,0.14,0.33,15.5,0,0,0,0.8,0.8,0.12,+0.2,+0.2
2060,Takehiro Tomiyasu,1.7,0,1,1,100.0,0.58,0.58,0.00,0.00,28.3,0,0,0,0.0,0.0,0.03,0.0,0.0
2062,Fikayo Tomori,5.7,1,4,2,50.0,0.71,0.35,0.25,0.50,11.1,0,0,0,1.1,1.1,0.28,-0.1,-0.1
2063,Sandro Tonali,3.6,1,3,2,66.7,0.83,0.55,0.33,0.50,15.8,0,0,0,0.7,0.7,0.22,+0.3,+0.3
2066,Ferran Torres,3.1,3,11,4,36.4,3.57,1.30,0.27,0.75,16.8,1,0,0,1.3,1.3,0.12,+1.7,+1.7
2067,Oliver Torres,3.4,0,3,1,33.3,0.89,0.30,0.00,0.00,21.9,0,0,0,0.1,0.1,0.05,-0.1,-0.1
2068,Pau Torres,6.7,0,1,1,100.0,0.15,0.15,0.00,0.00,9.1,0,0,0,0.0,0.0,0.03,0.0,0.0
2069,Lucas Torro,3.7,0,7,1,14.3,1.90,0.27,0.00,0.00,18.9,0,0,0,0.5,0.5,0.08,-0.5,-0.5
2071,Abdoulaye Toure,5.9,0,6,2,33.3,1.02,0.34,0.00,0.00,22.2,0,0,0,0.8,0.8,0.13,-0.8,-0.8
2072,Souleymane Toure,2.5,0,6,4,66.7,2.40,1.60,0.00,0.00,10.7,0,0,0,0.6,0.6,0.10,-0.6,-0.6
2073,Lucas Tousart,2.0,0,3,1,33.3,1.49,0.50,0.00,0.00,18.8,0,0,0,0.1,0.1,0.03,-0.1,-0.1
2075,Adama Traore,0.4,0,1,1,100.0,2.57,2.57,0.00,0.00,8.0,0,0,0,0.2,0.2,0.21,-0.2,-0.2
2083,Oscar Trejo,3.4,0,4,1,25.0,1.19,0.30,0.00,0.00,21.9,0,0,0,0.3,0.3,0.08,-0.3,-0.3
2085,Manu Trigueros,0.4,0,2,1,50.0,4.74,2.37,0.00,0.00,12.5,0,0,0,0.2,0.2,0.10,-0.2,-0.2
2088,Leandro Trossard,1.4,1,1,1,100.0,0.70,0.70,1.00,1.00,13.2,0,0,0,0.1,0.1,0.09,+0.9,+0.9
2092,Viktor Tsyhankov,6.6,1,8,3,37.5,1.22,0.46,0.13,0.33,14.0,0,0,0,1.5,1.5,0.19,-0.5,-0.5
2095,Benat Turrientes,3.2,0,5,1,20.0,1.55,0.31,0.00,0.00,26.3,0,0,0,0.5,0.5,0.10,-0.5,-0.5
2096,Tuta,4.6,0,3,1,33.3,0.65,0.22,0.00,0.00,10.8,0,0,0,0.1,0.1,0.03,-0.1,-0.1
2097,Destiny Udogie,6.6,0,1,1,100.0,0.15,0.15,0.00,0.00,6.6,0,0,0,0.1,0.1,0.09,-0.1,-0.1
2098,Matthieu Udol,5.0,0,5,3,60.0,1.00,0.60,0.00,0.00,15.6,0,0,0,0.3,0.3,0.06,-0.3,-0.3
2104,Deniz Undav,0.5,2,5,4,80.0,9.57,7.66,0.40,0.50,18.4,0,0,0,1.3,1.3,0.27,+0.7,+0.7
2106,Dayot Upamecano,5.5,0,3,1,33.3,0.55,0.18,0.00,0.00,9.6,0,0,0,0.2,0.2,0.08,-0.2,-0.2
2107,Kacper Urbanski,0.3,0,1,1,100.0,3.21,3.21,0.00,0.00,10.4,0,0,0,0.0,0.0,0.04,0.0,0.0
2108,Myrto Uzuni,6.6,3,14,7,50.0,2.12,1.06,0.14,0.29,18.5,1,1,1,2.7,1.9,0.14,+0.3,+0.1
2109,Oscar Valentin,7.3,0,4,2,50.0,0.55,0.27,0.00,0.00,11.9,0,0,0,0.5,0.5,0.13,-0.5,-0.5
2113,Federico Valverde,7.0,1,18,5,27.8,2.56,0.71,0.06,0.20,21.6,1,0,0,0.8,0.8,0.04,+0.2,+0.2
2116,Virgil van Dijk,4.3,0,8,1,12.5,1.86,0.23,0.00,0.00,16.9,1,0,0,0.6,0.6,0.07,-0.6,-0.6
2117,Vanderson,6.5,1,12,5,41.7,1.86,0.77,0.08,0.20,19.8,0,0,0,1.1,1.1,0.09,-0.1,-0.1
2118,Raphael Varane,3.6,1,5,2,40.0,1.39,0.56,0.20,0.50,8.7,0,0,0,1.1,1.1,0.23,-0.1,-0.1
2119,Ruben Vargas,4.8,1,9,3,33.3,1.87,0.62,0.11,0.33,18.0,0,0,0,0.6,0.6,0.06,+0.4,+0.4
2121,Jose Luis Garcia Vaya,7.9,1,6,1,16.7,0.76,0.13,0.00,0.00,31.0,2,1,1,1.0,0.2,0.03,0.0,-0.2
2123,Lucas Vazquez,1.4,0,1,1,100.0,0.69,0.69,0.00,0.00,24.9,0,0,0,0.0,0.0,0.03,0.0,0.0
2124,Matias Vecino,2.2,1,5,2,40.0,2.31,0.92,0.20,0.50,17.8,0,0,0,0.4,0.4,0.08,+0.6,+0.6
2127,Milos Veljkovic,3.5,1,2,2,100.0,0.57,0.57,0.50,0.50,8.1,0,0,0,0.9,0.9,0.43,+0.1,+0.1
2128,Joel Veltman,4.7,0,1,1,100.0,0.21,0.21,0.00,0.00,15.8,0,0,0,0.1,0.1,0.07,-0.1,-0.1
2134,Jordan Veretout,5.7,0,6,1,16.7,1.06,0.18,0.00,0.00,26.3,1,0,0,0.6,0.6,0.09,-0.6,-0.6
2135,Mikel Vesga,6.3,2,6,1,16.7,0.96,0.16,0.00,0.00,26.0,0,2,2,2.0,0.4,0.06,0.0,-0.4
2137,Nacho Vidal,0.6,1,2,1,50.0,3.21,1.61,0.50,1.00,12.7,0,0,0,0.2,0.2,0.10,+0.8,+0.8
2138,Fabio Vieira,2.1,0,5,1,20.0,2.39,0.48,0.00,0.00,15.6,0,0,0,0.4,0.4,0.08,-0.4,-0.4
2139,Jonathan Viera,6.7,2,9,3,33.3,1.35,0.45,0.00,0.00,25.5,2,2,2,2.1,0.6,0.06,-0.1,-0.6
2141,Oscar Vilhelmsson,1.6,1,4,1,25.0,2.52,0.63,0.25,1.00,13.6,0,0,0,0.4,0.4,0.10,+0.6,+0.6
2142,Asier Villalibre,1.2,1,2,1,50.0,1.73,0.87,0.50,1.00,4.6,0,0,0,0.5,0.5,0.25,+0.5,+0.5
2146,Carlos Vinicius,0.9,1,4,2,50.0,4.56,2.28,0.25,0.50,9.0,0,0,0,0.6,0.6,0.14,+0.4,+0.4
2150,Vitinha,4.0,2,17,6,35.3,4.29,1.51,0.12,0.33,12.4,0,0,0,2.0,2.0,0.12,0.0,0.0
2151,Vitinha,5.3,0,12,4,33.3,2.26,0.75,0.00,0.00,24.3,1,0,0,0.7,0.7,0.05,-0.7,-0.7
2154,Dusan Vlahovic,4.6,4,16,6,37.5,3.47,1.30,0.19,0.50,17.2,0,1,2,3.0,1.4,0.09,+1.0,+1.6
2155,Nikola Vlasic,4.3,0,6,1,16.7,1.41,0.23,0.00,0.00,22.6,1,0,0,0.3,0.3,0.04,-0.3,-0.3
2159,Kevin Volland,1.0,0,2,2,100.0,1.96,1.96,0.00,0.00,12.8,0,0,0,0.3,0.3,0.16,-0.3,-0.3
2164,Elye Wahi,3.0,1,7,5,71.4,2.34,1.67,0.14,0.20,15.6,0,0,0,0.7,0.7,0.10,+0.3,+0.3
2165,Walace,6.2,0,6,1,16.7,0.97,0.16,0.00,0.00,30.8,0,0,0,0.1,0.1,0.02,-0.1,-0.1
2166,Luca Waldschmidt,3.7,1,10,3,30.0,2.72,0.82,0.10,0.33,25.2,0,0,0,0.3,0.3,0.03,+0.7,+0.7
2167,Kyle Walker,7.0,0,3,1,33.3,0.43,0.14,0.00,0.00,31.7,0,0,0,0.1,0.1,0.02,-0.1,-0.1
2168,Sebastian Walukiewicz,3.9,0,2,1,50.0,0.51,0.25,0.00,0.00,25.8,0,0,0,0.0,0.0,0.01,0.0,0.0
2171,James Ward-Prowse,5.9,2,8,6,75.0,1.36,1.02,0.25,0.33,16.8,1,0,0,1.5,1.5,0.21,+0.5,+0.5
2172,Ollie Watkins,6.5,4,22,9,40.9,3.37,1.38,0.18,0.44,12.6,0,0,0,3.4,3.4,0.15,+0.6,+0.6
2173,Timothy Weah,2.2,0,4,1,25.0,1.86,0.46,0.00,0.00,20.2,0,0,0,0.7,0.7,0.17,-0.7,-0.7
2176,Julian Weigl,6.0,0,4,1,25.0,0.67,0.17,0.00,0.00,22.6,1,0,0,0.3,0.3,0.07,-0.3,-0.3
2178,Mitchell Weiser,5.4,1,7,1,14.3,1.30,0.19,0.14,1.00,15.1,0,0,0,0.6,0.6,0.09,+0.4,+0.4
2181,Danny Welbeck,4.0,1,9,3,33.3,2.24,0.75,0.11,0.33,19.6,0,0,0,1.1,1.1,0.12,-0.1,-0.1
2182,Timo Werner,1.1,1,4,2,50.0,3.71,1.86,0.25,0.50,16.6,0,0,0,0.5,0.5,0.12,+0.5,+0.5
2184,Ben White,7.0,1,3,2,66.7,0.43,0.29,0.33,0.50,12.3,0,0,0,0.4,0.4,0.14,+0.6,+0.6
2186,Mateusz Wieteska,1.9,1,3,2,66.7,1.55,1.03,0.33,0.50,10.1,0,0,0,0.1,0.1,0.03,+0.9,+0.9
2187,Inaki Williams,7.8,4,16,8,50.0,2.04,1.02,0.25,0.50,13.1,0,0,0,2.9,2.9,0.18,+1.1,+1.1
2190,Willian,3.9,0,6,3,50.0,1.52,0.76,0.00,0.00,22.3,1,0,0,0.3,0.3,0.05,-0.3,-0.3
2191,Callum Wilson,2.9,4,14,10,71.4,4.86,3.47,0.21,0.30,14.3,0,1,1,3.6,2.8,0.20,+0.4,+0.2
2192,Harry Wilson,5.3,0,7,3,42.9,1.33,0.57,0.00,0.00,24.3,2,0,0,0.3,0.3,0.04,-0.3,-0.3
2195,Jonas Wind,5.7,7,16,10,62.5,2.80,1.75,0.44,0.70,11.8,0,0,1,4.7,3.8,0.26,+2.3,+3.2
2196,Florian Wirtz,5.2,1,9,5,55.6,1.74,0.97,0.11,0.20,18.0,0,0,0,1.1,1.1,0.12,-0.1,-0.1
2197,Yoane Wissa,6.7,2,23,6,26.1,3.46,0.90,0.09,0.33,11.8,0,0,0,3.1,3.1,0.13,-1.1,-1.1
2199,Maximilian Wittek,4.1,0,8,1,12.5,1.95,0.24,0.00,0.00,31.0,1,0,0,0.2,0.2,0.02,-0.2,-0.2
2202,Nick Woltemade,2.1,0,2,1,50.0,0.96,0.48,0.00,0.00,15.7,0,0,0,0.6,0.6,0.31,-0.6,-0.6
2203,Jeong Woo-yeong,2.7,0,6,3,50.0,2.24,1.12,0.00,0.00,17.5,0,0,0,0.8,0.8,0.13,-0.8,-0.8
2204,Chris Wood,0.8,1,2,1,50.0,2.47,1.23,0.50,1.00,9.2,0,0,0,0.3,0.3,0.17,+0.7,+0.7
2206,Christopher Wooh,1.0,1,1,1,100.0,1.00,1.00,1.00,1.00,2.1,0,0,0,0.8,0.8,0.79,+0.2,+0.2
2210,Granit Xhaka,5.7,0,4,3,75.0,0.70,0.52,0.00,0.00,27.5,0,0,0,0.1,0.1,0.04,-0.1,-0.1
2211,Abduqodir Xusanov,0.8,0,3,2,66.7,3.80,2.54,0.00,0.00,21.7,0,0,0,0.1,0.1,0.04,-0.1,-0.1
2212,Lamine Yamal,4.6,0,10,3,30.0,2.18,0.66,0.00,0.00,16.9,0,0,0,0.7,0.7,0.07,-0.7,-0.7
2215,Yusuf Yazici,3.3,1,9,2,22.2,2.76,0.61,0.11,0.50,15.8,2,0,0,1.0,1.0,0.12,0.0,0.0
2216,Kelvin Yeboah,0.8,0,2,2,100.0,2.47,2.47,0.00,0.00,12.7,0,0,0,0.2,0.2,0.09,-0.2,-0.2
2219,Leny Yoro,5.1,1,5,5,100.0,0.98,0.98,0.20,0.20,9.6,0,0,0,0.8,0.8,0.15,+0.2,+0.2
2220,Ashley Young,6.8,0,2,1,50.0,0.29,0.15,0.00,0.00,30.6,1,0,0,0.1,0.1,0.04,-0.1,-0.1
2223,Mattia Zaccagni,6.4,1,13,3,23.1,2.03,0.47,0.08,0.33,20.5,0,0,0,0.8,0.8,0.06,+0.2,+0.2
2224,Dan-Axel Zagadou,5.1,1,5,2,40.0,0.99,0.40,0.20,0.50,9.0,0,0,0,0.4,0.4,0.08,+0.6,+0.6
2226,Denis Zakaria,5.1,0,2,1,50.0,0.40,0.20,0.00,0.00,34.4,0,0,0,0.0,0.0,0.01,0.0,0.0
2231,Nicolo Zaniolo,2.6,0,7,2,28.6,2.74,0.78,0.00,0.00,15.4,0,0,0,0.5,0.5,0.06,-0.5,-0.5
2232,Duvan Zapata,4.3,1,9,5,55.6,2.08,1.16,0.11,0.20,11.5,0,0,0,1.0,1.0,0.11,0.0,0.0
2233,Duvan Zapata,1.2,1,5,2,40.0,4.02,1.61,0.20,0.50,12.3,0,0,0,0.4,0.4,0.08,+0.6,+0.6
2236,Davide Zappacosta,4.5,0,13,2,15.4,2.87,0.44,0.00,0.00,14.0,0,0,0,0.9,0.9,0.07,-0.9,-0.9
2237,Bryan Zaragoza,5.6,3,12,7,58.3,2.14,1.25,0.17,0.29,17.5,0,1,1,1.9,1.1,0.10,+1.1,+0.9
2246,Edon Zhegrova,3.6,1,16,5,31.3,4.40,1.38,0.06,0.20,19.5,1,0,0,1.3,1.3,0.08,-0.3,-0.3
2247,Piotr Zielinski,6.5,2,13,3,23.1,1.99,0.46,0.08,0.33,24.4,2,1,1,1.3,0.5,0.04,+0.7,+0.5
2250,Oleksandr Zinchenko,3.9,0,5,1,20.0,1.29,0.26,0.00,0.00,21.3,0,0,0,0.2,0.2,0.04,-0.2,-0.2
2251,Joshua Zirkzee,6.7,1,16,8,50.0,2.38,1.19,0.06,0.13,16.4,0,0,0,1.2,1.2,0.07,-0.2,-0.2
2252,Zito,5.3,2,14,3,21.4,2.65,0.57,0.14,0.67,16.5,0,0,0,0.9,0.9,0.06,+1.1,+1.1
2254,Nadir Zortea,1.1,1,2,1,50.0,1.87,0.94,0.50,1.00,22.2,0,0,0,0.1,0.1,0.04,+0.9,+0.9
2255,Kurt Zouma,7.0,1,2,2,100.0,0.29,0.29,0.50,0.50,9.0,0,0,0,0.3,0.3,0.13,+0.7,+0.7
2257,Martin Zubimendi,6.9,1,5,2,40.0,0.73,0.29,0.20,0.50,13.8,0,0,0,0.7,0.7,0.14,+0.3,+0.3
2258,Martin Odegaard,6.9,3,16,8,50.0,2.32,1.16,0.06,0.13,23.0,0,2,2,2.5,0.9,0.06,+0.5,+0.1
2259,Milan Duric,2.1,0,2,1,50.0,0.96,0.48,0.00,0.00,13.2,0,0,0,0.2,0.2,0.10,-0.2,-0.2
