,Unnamed: 0,Squad,Comp,# Pl,Age,Poss,Playing Time - MP,Playing Time - Starts,Playing Time - Min,Playing Time - 90s,Performance - Gls,Performance - Ast,Performance - G+A,Performance - G-PK,Performance - PK,Performance - PKatt,Performance - CrdY,Performance - CrdR,Expected - xG,Expected - npxG,Expected - xAG,Expected - npxG+xAG,Progression - PrgC,Progression - PrgP,Per 90 Minutes - Gls,Per 90 Minutes - Ast,Per 90 Minutes - G+A,Per 90 Minutes - G-PK,Per 90 Minutes - G+A-PK,Per 90 Minutes - xG,Per 90 Minutes - xAG,Per 90 Minutes - xG+xAG,Per 90 Minutes - npxG,Per 90 Minutes - npxG+xAG,Unnamed: 0,# Pl,90s,Standard - Gls,Standard - Sh,Standard - SoT,Standard - SoT%,Standard - Sh/90,Standard - SoT/90,Standard - G/Sh,Standard - G/SoT,Standard - Dist,Standard - FK,Standard - PK,Standard - PKatt,Expected - xG,Expected - npxG,Expected - npxG/Sh,Expected - G-xG,Expected - np:G-xG,Unnamed: 0,# Pl,90s,Total - Cmp,Total - Att,Total - Cmp%,Total - TotDist,Total - PrgDist,Short - Cmp,Short - Att,Short - Cmp%,Medium - Cmp,Medium - Att,Medium - Cmp%,Long - Cmp,Long - Att,Long - Cmp%,Ast,xAG,xA,A-xAG,KP,1/3,PPA,CrsPA,PrgP,Unnamed: 0,# Pl,90s,Att,Pass Types - Live,Pass Types - Dead,Pass Types - FK,Pass Types - TB,Pass Types - Sw,Pass Types - Crs,Pass Types - TI,Pass Types - CK,Corner Kicks - In,Corner Kicks - Out,Corner Kicks - Str,Outcomes - Cmp,Outcomes - Off,Outcomes - Blocks,Unnamed: 0,# Pl,90s,SCA - SCA,SCA - SCA90,SCA Types - PassLive,SCA Types - PassDead,SCA Types - TO,SCA Types - Sh,SCA Types - Fld,SCA Types - Def,GCA - GCA,GCA - GCA90,GCA Types - PassLive,GCA Types - PassDead,GCA Types - TO,GCA Types - Sh,GCA Types - Fld,GCA Types - Def,Unnamed: 0,# Pl,90s,Tackles - Tkl,Tackles - TklW,Tackles - Def 3rd,Tackles - Mid 3rd,Tackles - Att 3rd,Challenges - Tkl,Challenges - Att,Challenges - Tkl%,Challenges - Lost,Blocks - Blocks,Blocks - Sh,Blocks - Pass,Int,Tkl+Int,Clr,Err,Unnamed: 0,# Pl,Poss,90s,Touches - Touches,Touches - Def Pen,Touches - Def 3rd,Touches - Mid 3rd,Touches - Att 3rd,Touches - Att Pen,Touches - Live,Take-Ons - Att,Take-Ons - Succ,Take-Ons - Succ%,Take-Ons - Tkld,Take-Ons - Tkld%,Carries - Carries,Carries - TotDist,Carries - PrgDist,Carries - PrgC,Carries - 1/3,Carries - CPA,Carries - Mis,Carries - Dis,Receiving - Rec,Receiving - PrgR,Unnamed: 0,# Pl,Playing Time - MP,Playing Time - Min,Playing Time - Mn/MP,Playing Time - Min%,Playing Time - 90s,Starts - Starts,Starts - Mn/Start,Starts - Compl,Subs - Subs,Subs - Mn/Sub,Subs - unSub,Team Success - PPM,Team Success - onG,Team Success - onGA,Team Success - +/-,Team Success - +/-90,Team Success (xG) - onxG,Team Success (xG) - onxGA,Team Success (xG) - xG+/-,Team Success (xG) - xG+/-90,Unnamed: 0,# Pl,90s,Performance - CrdY,Performance - CrdR,Performance - 2CrdY,Performance - Fls,Performance - Fld,Performance - Off,Performance - Crs,Performance - Int,Performance - TklW,Performance - PKwon,Performance - PKcon,Performance - OG,Performance - Recov,Aerial Duels - Won,Aerial Duels - Lost,Aerial Duels - Won%,Unnamed: 0,# Pl,Playing Time - MP,Playing Time - Starts,Playing Time - Min,90s,Performance - GA,Performance - GA90,Performance - SoTA,Performance - Saves,Performance - Save%,Performance - W,Performance - D,Performance - L,Performance - CS,Performance - CS%,Penalty Kicks - PKatt,Penalty Kicks - PKA,Penalty Kicks - PKsv,Penalty Kicks - PKm,Penalty Kicks - Save%
0,0,Alaves,La Liga,33,27.9,42.0,38,418,3420,38.0,29,20,49,23,6,7,93,4,37.3,31.8,25.5,57.3,420,984,0.76,0.53,1.29,0.61,1.13,0.98,0.67,1.65,0.84,1.51,0,33,38.0,29,373,111,29.8,9.82,2.92,0.06,0.21,18.2,15,6,7,37.3,31.8,0.09,-8.3,-8.8,0,33,38.0,9676,14175,68.3,191044,85739,4158,5174,80.4,3774,4954,76.2,1524,3158,48.3,20,25.5,22.8,-5.5,260,835,199,84,984,0,33,38.0,14175,12142,1961,543,27,188,758,825,139,54,63,1,9676,72,310,0,33,38.0,628,16.53,392,88,38,46,53,11,48,1.26,27,6,4,5,6,0,0,33,38.0,550,322,271,221,58,262,637,41.1,375,373,106,267,375,925,890,7,0,33,42.0,38.0,18371,2222,6215,8104,4235,605,18364,504,271,53.8,233,46.2,8699,42737,20539,420,310,102,616,278,9576,969,0,33,38,3420,90,100,38.0,418,82,247,167,20,277,0.82,31,65,-34,-0.89,37.3,57.0,-19.7,-0.52,0,33,38.0,93,4,3,529,455,72,758,375,322,6,9,0,1910,869,674,56.3,0,3,38,38,3420,38.0,65,1.71,168,100,64.9,8,7,23,6,15.8,9,6,3,0,33.3
1,1,Angers,Ligue 1,30,27.4,48.4,38,418,3420,38.0,41,25,66,32,9,9,70,4,46.5,39.5,28.4,67.9,659,1349,1.08,0.66,1.74,0.84,1.5,1.22,0.75,1.97,1.04,1.79,1,30,38.0,41,384,123,32.0,10.11,3.24,0.08,0.26,18.2,18,9,9,46.5,39.5,0.11,-5.5,-7.5,1,30,38.0,15307,18797,81.4,281097,99557,6193,7006,88.4,6960,7916,87.9,1724,2880,59.9,25,28.4,25.6,-3.4,277,1029,186,56,1349,1,30,38.0,18797,16901,1850,548,30,147,572,717,186,60,81,2,15307,46,292,1,30,38.0,671,17.66,439,76,58,36,45,17,71,1.87,38,6,6,9,10,2,1,30,38.0,619,370,301,253,65,284,659,43.1,375,384,99,285,423,1042,631,9,1,30,48.4,38.0,23137,2186,7994,10916,4487,585,23128,839,401,47.8,438,52.2,14880,78280,37894,659,500,152,727,373,15213,1335,1,30,38,3420,90,100,38.0,418,84,260,154,16,183,1.08,44,55,-11,-0.29,46.5,50.0,-3.6,-0.09,1,30,38.0,70,4,3,471,461,46,572,423,370,7,5,3,2051,408,509,44.5,1,3,38,38,3420,38.0,55,1.45,155,103,67.7,10,11,17,8,21.1,5,5,0,0,0.0
2,2,Arminia,Bundesliga,26,25.8,40.7,34,374,3060,34.0,26,18,44,24,2,2,55,2,26.3,24.7,17.2,41.9,405,887,0.76,0.53,1.29,0.71,1.24,0.77,0.51,1.28,0.73,1.23,2,26,34.0,26,361,109,30.2,10.62,3.21,0.07,0.22,19.7,10,2,2,26.3,24.7,0.07,-0.3,-0.7,2,26,34.0,9382,13511,69.4,182069,82699,3765,4741,79.4,4031,5156,78.2,1305,2712,48.1,18,17.2,22.4,0.8,247,763,195,55,887,2,26,34.0,13511,11765,1692,385,25,69,487,743,147,67,48,1,9382,54,325,2,26,34.0,586,17.24,410,52,41,39,34,10,42,1.24,32,2,1,4,3,0,2,26,34.0,549,311,270,235,44,238,543,43.8,305,395,110,285,421,970,770,7,2,26,40.7,34.0,17629,2294,6755,7291,3796,556,17627,567,284,50.1,283,49.9,8495,45239,21867,405,290,102,618,307,9290,875,2,26,34,3060,90,100,34.0,374,82,224,150,21,148,0.82,27,53,-26,-0.76,26.3,62.8,-36.6,-1.08,2,26,34.0,55,2,1,433,307,54,487,421,311,2,7,2,1907,658,734,47.3,2,2,34,34,3060,34.0,53,1.56,180,129,74.4,5,13,16,7,20.6,7,7,0,0,0.0
3,3,Arsenal,Premier League,27,24.4,52.8,38,418,3420,38.0,60,41,101,55,5,8,67,4,60.5,55.1,40.2,95.4,734,1655,1.58,1.08,2.66,1.45,2.53,1.59,1.06,2.65,1.45,2.51,3,27,38.0,60,581,186,32.0,15.29,4.89,0.09,0.3,17.8,21,5,8,60.5,55.1,0.1,-0.5,-0.1,3,27,38.0,16176,19843,81.5,280868,91114,7325,8210,89.2,7187,8140,88.3,1326,2584,51.3,41,40.2,34.6,0.8,437,1354,329,74,1655,3,27,38.0,19843,18149,1628,404,77,132,633,679,208,153,23,5,16176,66,309,3,27,38.0,1030,27.11,788,68,57,66,39,12,99,2.61,69,8,4,13,4,1,3,27,38.0,540,311,261,195,84,244,500,48.8,256,386,123,263,296,836,658,20,3,27,52.8,38.0,23780,2227,7151,10336,6491,982,23772,590,319,54.1,271,45.9,13993,73530,39388,734,494,223,557,337,16066,1642,3,27,38,3420,90,100,38.0,418,85,304,110,17,232,1.82,61,48,13,0.34,60.5,45.7,14.9,0.39,3,27,38.0,67,4,3,365,357,66,633,296,311,6,6,1,1861,463,572,44.7,3,2,38,38,3420,38.0,48,1.26,147,100,70.7,22,3,13,13,34.2,6,5,0,1,0.0
4,4,Aston Villa,Premier League,31,26.1,46.5,38,418,3420,38.0,50,42,92,47,3,3,81,2,44.0,42.0,34.8,76.8,653,1300,1.32,1.11,2.42,1.24,2.34,1.16,0.92,2.08,1.1,2.02,4,31,38.0,50,461,159,34.5,12.13,4.18,0.1,0.3,17.6,20,3,3,44.0,42.0,0.09,6.0,5.0,4,31,38.0,12748,16499,77.3,220973,85405,5916,6803,87.0,5184,6136,84.5,1239,2571,48.2,42,34.8,30.0,7.2,356,1019,293,70,1300,4,31,38.0,16499,14615,1832,525,71,97,670,716,196,111,42,11,12748,52,278,4,31,38.0,837,22.03,608,85,49,41,48,6,93,2.45,65,9,9,7,3,0,4,31,38.0,634,382,300,259,75,300,649,46.2,349,453,140,313,339,973,693,13,4,31,46.5,38.0,20609,2411,6876,8896,5049,825,20606,587,333,56.7,254,43.3,11796,62511,31674,653,422,166,595,344,12668,1293,4,31,38,3420,90,100,38.0,418,85,304,113,20,228,1.18,52,54,-2,-0.05,44.0,49.0,-4.9,-0.13,4,31,38.0,81,2,1,401,504,52,670,339,382,2,6,2,1850,538,561,49.0,4,3,38,38,3420,38.0,54,1.42,149,96,66.4,13,6,19,11,28.9,6,4,1,1,20.0
5,5,Atalanta,Serie A,32,27.5,55.0,38,418,3420,38.0,62,48,110,57,5,6,87,2,62.4,58.1,48.5,106.6,796,1858,1.63,1.26,2.89,1.5,2.76,1.64,1.28,2.92,1.53,2.81,5,32,38.0,62,598,167,27.9,15.74,4.39,0.1,0.34,16.5,16,5,6,62.4,58.1,0.1,-0.4,-1.1,5,32,38.0,17108,21261,80.5,290891,103683,8273,9367,88.3,6740,7834,86.0,1583,2760,57.4,48,48.5,47.2,-0.5,479,1384,425,81,1858,5,32,38.0,21261,19317,1876,539,36,192,661,782,229,114,84,1,17108,68,383,5,32,38.0,1078,28.37,776,98,69,87,32,16,110,2.89,88,2,8,8,3,1,5,32,38.0,630,341,252,271,107,299,635,47.1,336,436,96,340,441,1071,483,6,5,32,55.0,38.0,25624,1875,6739,11602,7525,1135,25618,679,372,54.8,307,45.2,14869,76829,38201,796,631,257,696,376,16998,1848,5,32,38,3420,90,100,38.0,418,80,237,180,24,213,1.55,65,48,17,0.45,62.4,45.3,17.2,0.45,5,32,38.0,87,2,1,513,454,68,661,441,341,3,6,3,2292,685,518,56.9,5,3,38,38,3419,38.0,48,1.26,139,94,69.1,16,11,11,10,26.3,6,5,0,1,0.0
6,6,Athletic Club,La Liga,26,26.9,48.1,38,418,3420,38.0,40,34,74,37,3,7,90,4,49.6,44.0,37.5,81.6,653,1572,1.05,0.89,1.95,0.97,1.87,1.31,0.99,2.29,1.16,2.15,6,26,38.0,40,460,150,32.6,12.11,3.95,0.08,0.25,16.8,11,3,7,49.6,44.0,0.1,-9.6,-7.0,6,26,38.0,12947,17283,74.9,229197,91473,5845,6826,85.6,5198,6434,80.8,1437,2830,50.8,34,37.5,36.0,-3.5,351,1056,306,82,1572,6,26,38.0,17283,15195,1999,552,42,184,798,880,224,52,102,0,12947,89,332,6,26,38.0,821,21.61,581,94,46,42,47,11,72,1.89,52,9,1,2,5,3,6,26,38.0,508,292,217,216,75,224,582,38.5,358,411,128,283,339,847,788,8,6,26,48.1,38.0,21254,2066,6214,9532,5722,799,21247,530,297,56.0,232,43.8,10777,57778,30509,653,461,146,569,341,12839,1559,6,26,38,3420,90,100,38.0,418,81,237,180,21,209,1.45,43,36,7,0.18,49.6,38.4,11.3,0.3,6,26,38.0,90,4,3,487,483,89,798,339,292,5,3,1,2098,585,572,50.6,6,2,38,38,3420,38.0,36,0.95,131,96,74.8,14,13,11,13,34.2,3,3,0,0,0.0
7,7,Atletico Madrid,La Liga,26,28.1,50.6,38,418,3420,38.0,63,45,108,59,4,5,111,7,54.4,50.6,40.2,90.8,705,1463,1.66,1.18,2.84,1.55,2.74,1.43,1.06,2.49,1.33,2.39,7,26,38.0,63,458,152,33.2,12.05,4.0,0.13,0.39,17.5,8,4,5,54.4,50.6,0.11,8.6,8.4,7,26,38.0,15076,19098,78.9,253140,88718,7378,8289,89.0,5269,6266,84.1,1640,3060,53.6,45,40.2,39.6,4.8,347,989,325,66,1463,7,26,38.0,19098,17082,1931,534,80,228,703,832,201,72,83,0,15076,85,298,7,26,38.0,828,21.79,593,86,56,41,40,12,111,2.92,86,6,5,8,3,3,7,26,38.0,636,346,290,279,67,293,619,47.3,326,372,98,274,365,1001,649,14,7,26,50.6,38.0,23038,2006,6787,10729,5702,868,23033,600,383,63.8,217,36.2,12629,65613,34800,705,531,164,555,353,14978,1456,7,26,38,3420,90,100,38.0,418,79,244,170,26,159,1.87,65,43,22,0.58,54.4,33.4,21.1,0.56,7,26,38.0,111,7,3,473,503,85,703,365,346,4,8,3,2002,559,539,50.9,7,1,38,38,3420,38.0,43,1.13,106,65,66.0,21,8,9,12,31.6,8,7,1,0,12.5
8,8,Augsburg,Bundesliga,26,26.6,41.5,34,374,3060,34.0,39,26,65,34,5,5,74,0,36.7,32.8,23.9,56.7,441,895,1.15,0.76,1.91,1.0,1.76,1.08,0.7,1.78,0.96,1.67,8,26,34.0,39,362,117,32.3,10.65,3.44,0.09,0.29,17.8,11,5,5,36.7,32.8,0.09,2.3,1.2,8,26,34.0,9181,13035,70.4,181255,75935,3586,4449,80.6,3892,4935,78.9,1455,2827,51.5,26,23.9,25.8,2.1,264,657,218,85,895,8,26,34.0,13035,11240,1722,415,28,159,592,784,145,56,82,1,9181,73,293,8,26,34.0,608,17.88,433,70,24,35,29,17,59,1.74,37,8,2,8,4,0,8,26,34.0,561,335,254,236,71,250,584,42.8,334,397,116,281,363,924,769,12,8,26,41.5,34.0,17060,2244,6480,7037,3743,606,17055,511,262,51.3,249,48.7,8178,45128,21470,441,323,94,597,298,9088,882,8,26,34,3060,90,100,34.0,374,80,205,169,23,136,1.12,39,56,-17,-0.5,36.7,57.9,-21.2,-0.62,8,26,34.0,74,0,0,448,357,73,592,363,335,4,5,2,1927,557,604,48.0,8,1,34,34,3060,34.0,56,1.65,156,102,67.3,10,8,16,9,26.5,5,5,0,0,0.0
9,9,Barcelona,La Liga,38,26.2,64.2,38,418,3420,38.0,68,52,120,62,6,7,97,5,63.4,57.9,47.6,105.5,961,2079,1.79,1.37,3.16,1.63,3.0,1.67,1.25,2.92,1.52,2.78,9,38,38.0,68,511,177,34.6,13.45,4.66,0.12,0.35,17.1,15,6,7,63.4,57.9,0.12,4.6,4.1,9,38,38.0,21489,25006,85.9,359280,114923,10207,11109,91.9,8433,9401,89.7,1949,2912,66.9,52,47.6,54.7,4.4,402,1698,390,99,2079,9,38,38.0,25006,23093,1814,567,90,193,798,712,219,70,82,0,21489,99,309,9,38,38.0,942,24.79,728,62,68,34,41,9,123,3.24,95,5,7,8,6,2,9,38,38.0,587,331,236,270,81,244,493,49.5,249,346,85,261,325,912,467,17,9,38,64.2,38.0,28778,2236,7093,14319,7567,1055,28771,747,474,63.5,273,36.5,18228,93372,52508,961,704,280,623,358,21334,2059,9,38,38,3420,90,100,38.0,418,82,254,159,20,264,1.92,68,38,30,0.79,63.4,34.4,29.0,0.76,9,38,38.0,97,5,3,499,489,99,798,325,331,6,3,0,2066,454,410,52.5,9,2,38,38,3420,38.0,38,1.0,123,84,70.7,21,10,7,11,28.9,3,2,1,0,33.3
10,10,Bayern Munich,Bundesliga,30,26.8,64.5,34,374,3060,34.0,92,70,162,87,5,5,36,2,89.0,85.1,66.7,151.8,833,2164,2.71,2.06,4.76,2.56,4.62,2.62,1.96,4.58,2.5,4.46,10,30,34.0,92,668,255,38.2,19.65,7.5,0.13,0.34,16.7,12,5,5,89.0,85.1,0.13,3.0,1.9,10,30,34.0,20087,23780,84.5,342875,124219,9343,10393,89.9,8473,9518,89.0,1747,2675,65.3,70,66.7,80.3,3.3,516,1677,500,71,2164,10,30,34.0,23780,22043,1661,434,108,149,656,736,215,102,78,5,20087,76,316,10,30,34.0,1170,34.41,874,93,64,84,36,19,161,4.74,122,13,9,10,5,2,10,30,34.0,563,338,231,237,95,259,559,46.3,300,338,68,270,349,912,404,18,10,30,64.5,34.0,27678,2045,7345,13202,7367,1266,27673,832,492,59.1,340,40.9,16502,84467,44476,833,622,241,598,338,19963,2151,10,30,34,3060,90,100,34.0,374,82,224,149,21,153,2.26,97,37,60,1.76,89.0,36.3,52.7,1.55,10,30,34.0,36,2,0,305,354,76,656,349,338,1,2,1,2220,422,394,51.7,10,3,34,34,3060,34.0,37,1.09,112,76,68.8,24,5,5,11,32.4,2,2,0,0,0.0
11,11,Betis,La Liga,31,28.9,53.7,38,418,3420,38.0,60,45,105,54,6,6,87,6,53.5,48.8,37.7,86.5,666,1518,1.58,1.18,2.76,1.42,2.61,1.41,0.99,2.4,1.29,2.28,11,31,38.0,60,509,182,35.8,13.39,4.79,0.11,0.3,18.4,21,6,6,53.5,48.8,0.1,6.5,5.2,11,31,38.0,15702,19444,80.8,273534,99419,7360,8284,88.8,6318,7309,86.4,1583,2873,55.1,45,37.7,35.1,7.3,395,1136,294,51,1518,11,31,38.0,19444,17513,1860,586,66,181,547,749,174,56,78,0,15702,71,310,11,31,38.0,902,23.74,670,75,55,46,41,15,94,2.47,65,5,10,5,8,1,11,31,38.0,662,392,322,261,79,324,695,46.6,371,386,112,274,361,1023,777,11,11,31,53.7,38.0,23691,2299,7311,10969,5603,826,23685,655,372,56.8,283,43.2,13042,66497,33876,666,482,187,588,364,15573,1501,11,31,38,3420,90,100,38.0,418,82,251,161,21,266,1.71,62,40,22,0.58,53.5,43.4,10.1,0.27,11,31,38.0,87,6,1,485,470,71,547,361,392,4,3,2,1908,505,511,49.7,11,2,38,38,3420,38.0,40,1.05,132,94,72.0,19,8,11,13,34.2,3,3,0,0,0.0
12,12,Bochum,Bundesliga,28,28.0,44.7,34,374,3060,34.0,37,22,59,33,4,6,55,2,40.6,35.9,26.7,62.6,467,926,1.09,0.65,1.74,0.97,1.62,1.19,0.78,1.98,1.06,1.84,12,28,34.0,37,409,136,33.3,12.03,4.0,0.08,0.24,18.2,17,4,6,40.6,35.9,0.09,-3.6,-2.9,12,28,34.0,9624,13679,70.4,200296,84521,3445,4288,80.3,4176,5235,79.8,1764,3334,52.9,22,26.7,28.2,-4.7,276,761,179,66,926,12,28,34.0,13679,11928,1678,421,26,124,600,779,122,53,48,0,9624,73,261,12,28,34.0,662,19.47,451,75,27,39,56,14,60,1.76,38,5,4,5,6,2,12,28,34.0,566,353,298,199,69,277,574,48.3,297,420,119,301,429,995,616,13,12,28,44.7,34.0,17579,2362,6682,7348,3759,571,17573,443,226,51.0,216,48.8,8977,48731,23584,467,333,112,588,282,9487,921,12,28,34,3060,90,100,34.0,374,82,232,140,20,155,1.24,38,52,-14,-0.41,40.6,55.8,-15.1,-0.44,12,28,34.0,55,2,0,424,391,75,600,429,353,4,8,4,2088,609,599,50.4,12,2,34,34,3060,34.0,52,1.53,176,126,73.3,12,6,16,7,20.6,8,5,2,1,28.6
13,13,Bologna,Serie A,36,26.6,50.6,38,418,3420,38.0,43,34,77,39,4,5,92,7,44.9,41.0,33.6,74.6,540,1276,1.13,0.89,2.03,1.03,1.92,1.18,0.88,2.06,1.08,1.96,13,36,38.0,43,434,143,32.9,11.42,3.76,0.09,0.27,18.1,14,4,5,44.9,41.0,0.1,-1.9,-2.0,13,36,38.0,14442,18249,79.1,246735,94908,6960,7925,87.8,5408,6437,84.0,1536,2701,56.9,34,33.6,25.9,0.4,343,1024,299,89,1276,13,36,38.0,18249,16283,1910,590,58,109,601,730,183,103,21,1,14442,56,317,13,36,38.0,777,20.45,599,71,26,41,34,6,76,2.0,59,7,2,5,3,0,13,36,38.0,530,298,261,202,67,216,528,40.9,312,384,127,257,370,900,678,5,13,36,50.6,38.0,22181,2573,7497,9928,4964,630,22176,598,326,54.5,272,45.5,11905,63323,30938,540,455,106,563,302,14304,1264,13,36,38,3420,90,100,38.0,418,81,242,171,20,276,1.21,44,55,-11,-0.29,44.9,52.6,-7.7,-0.2,13,36,38.0,92,7,4,443,497,56,601,370,298,3,9,2,1972,492,520,48.6,13,3,38,38,3420,38.0,55,1.45,184,130,74.5,12,10,16,13,34.2,9,8,1,0,11.1
14,14,Bordeaux,Ligue 1,39,25.7,47.4,38,418,3420,38.0,50,39,89,48,2,4,91,5,44.9,41.9,33.9,75.8,609,1271,1.32,1.03,2.34,1.26,2.29,1.18,0.89,2.07,1.1,2.0,14,39,38.0,50,446,145,32.5,11.74,3.82,0.11,0.33,19.2,16,2,4,44.9,41.9,0.1,5.1,6.1,14,39,38.0,13552,17385,78.0,253745,96071,5738,6654,86.2,5627,6682,84.2,1815,3091,58.7,39,33.9,29.0,5.1,326,952,221,59,1271,14,39,38.0,17385,15441,1886,464,52,176,611,815,150,80,47,1,13552,58,315,14,39,38.0,768,20.21,539,73,53,48,32,23,91,2.39,61,12,9,5,3,1,14,39,38.0,642,377,321,243,78,323,741,43.6,418,357,104,253,454,1096,688,19,14,39,47.4,38.0,21609,2364,7619,10032,4195,649,21605,657,355,54.0,302,46.0,13243,71815,35359,609,410,139,676,313,13416,1253,14,39,38,3420,90,100,38.0,418,81,233,182,19,160,0.82,52,91,-39,-1.03,44.9,66.8,-21.9,-0.58,14,39,38.0,91,5,2,460,391,58,611,454,377,2,9,3,2134,488,506,49.1,14,2,38,38,3420,38.0,91,2.39,194,104,56.7,6,13,19,2,5.3,9,7,2,0,22.2
15,15,Brentford,Premier League,29,25.4,44.8,38,418,3420,38.0,46,33,79,40,6,6,65,3,45.8,41.1,33.0,74.1,450,1189,1.21,0.87,2.08,1.05,1.92,1.21,0.87,2.07,1.08,1.95,15,29,38.0,46,436,141,32.3,11.47,3.71,0.09,0.28,16.3,11,6,6,45.8,41.1,0.1,0.2,-1.1,15,29,38.0,11676,16272,71.8,211867,85983,5201,6312,82.4,4797,6120,78.4,1357,2852,47.6,33,33.0,33.8,0.0,311,942,262,81,1189,15,29,38.0,16272,14443,1763,432,50,70,640,778,159,84,47,9,11676,66,333,15,29,38.0,739,19.45,487,96,37,62,43,14,78,2.05,46,11,4,8,9,0,15,29,38.0,607,342,299,228,80,291,616,47.2,325,383,113,270,393,1000,863,7,15,29,44.8,38.0,20462,2793,7862,8201,4566,819,20456,476,262,55.0,214,45.0,10280,49925,26085,450,332,102,563,291,11565,1170,15,29,38,3420,90,100,38.0,418,84,304,114,22,223,1.21,48,56,-8,-0.21,45.8,48.5,-2.7,-0.07,15,29,38.0,65,3,2,371,363,66,640,393,342,6,5,2,2061,717,728,49.6,15,3,38,38,3420,38.0,56,1.47,179,125,71.5,13,7,18,9,23.7,5,5,0,0,0.0
16,16,Brest,Ligue 1,25,25.4,43.9,38,418,3420,38.0,48,32,80,41,7,8,59,2,43.4,37.0,28.7,65.7,666,1349,1.26,0.84,2.11,1.08,1.92,1.14,0.76,1.9,0.97,1.73,16,25,38.0,48,394,138,35.0,10.37,3.63,0.1,0.3,17.4,12,7,8,43.4,37.0,0.1,4.6,4.0,16,25,38.0,12684,16506,76.8,242103,96714,5325,6290,84.7,5126,6166,83.1,1852,3141,59.0,32,28.7,28.4,3.3,305,1087,252,88,1349,16,25,38.0,16506,14535,1924,484,20,156,710,846,171,95,56,0,12684,47,288,16,25,38.0,698,18.37,490,75,40,43,36,14,78,2.05,49,7,7,7,6,2,16,25,38.0,682,400,342,249,91,310,655,47.3,345,369,108,261,469,1151,707,4,16,25,43.9,38.0,20760,2287,6773,9255,4953,692,20752,640,315,49.2,325,50.8,12273,69969,33743,666,490,155,664,312,12570,1335,16,25,38,3420,90,100,38.0,418,83,270,146,19,185,1.26,49,57,-8,-0.21,43.4,56.3,-12.8,-0.34,16,25,38.0,59,2,0,427,417,47,710,469,400,4,4,2,2006,618,540,53.4,16,1,38,38,3420,38.0,57,1.5,170,115,68.8,13,9,16,7,18.4,4,4,0,0,0.0
17,17,Brighton,Premier League,26,26.2,54.4,38,418,3420,38.0,40,30,70,36,4,7,72,2,46.2,40.7,32.3,72.9,676,1547,1.05,0.79,1.84,0.95,1.74,1.21,0.85,2.06,1.07,1.92,17,26,38.0,40,482,141,29.3,12.68,3.71,0.07,0.26,17.7,15,4,7,46.2,40.7,0.09,-6.2,-4.7,17,26,38.0,16410,20588,79.7,288827,95307,7195,8172,88.0,7130,8208,86.9,1579,2953,53.5,30,32.3,31.5,-2.3,356,1187,342,72,1547,17,26,38.0,20588,18838,1697,390,58,152,728,784,200,84,96,0,16410,53,397,17,26,38.0,870,22.89,630,84,49,55,40,12,72,1.89,49,8,4,6,4,1,17,26,38.0,668,403,306,257,105,243,563,43.2,320,480,150,330,358,1026,723,12,17,26,54.4,38.0,24854,2629,8034,10520,6505,876,24847,559,317,56.7,242,43.3,13919,68537,35095,676,519,139,598,349,16278,1529,17,26,38,3420,90,100,38.0,418,84,308,111,22,231,1.34,42,44,-2,-0.05,46.2,42.9,3.3,0.09,17,26,38.0,72,2,0,393,355,53,728,358,403,4,4,0,2154,569,498,53.3,17,2,38,38,3419,38.0,44,1.16,146,102,71.9,12,15,11,11,28.9,4,3,0,1,0.0
18,18,Burnley,Premier League,23,28.5,40.2,38,418,3420,38.0,32,26,58,31,1,2,68,2,39.7,38.1,31.2,69.3,388,972,0.84,0.68,1.53,0.82,1.5,1.05,0.82,1.87,1.0,1.82,18,23,38.0,32,405,119,29.4,10.66,3.13,0.08,0.26,17.2,14,1,2,39.7,38.1,0.1,-7.7,-7.1,18,23,38.0,9454,14107,67.0,178791,80195,4297,5327,80.7,3306,4472,73.9,1457,3216,45.3,26,31.2,28.0,-5.2,286,877,240,84,972,18,23,38.0,14107,12275,1731,370,32,135,747,783,183,152,14,1,9454,101,334,18,23,38.0,674,17.74,455,81,28,50,50,10,60,1.58,39,9,5,3,4,0,18,23,38.0,590,324,273,235,82,250,534,46.8,284,509,211,298,410,1000,887,18,18,23,40.2,38.0,18371,2247,5842,8051,4686,663,18369,479,258,53.9,221,46.1,8229,42272,19061,388,300,84,540,291,9342,958,18,23,38,3420,90,100,38.0,418,86,321,96,19,244,0.92,34,53,-19,-0.5,39.7,57.1,-17.4,-0.46,18,23,38.0,68,2,0,394,332,101,747,410,324,2,5,2,2027,827,733,53.0,18,2,38,38,3420,38.0,53,1.39,178,127,73.0,7,14,17,9,23.7,5,5,0,0,0.0
19,19,Cadiz,La Liga,33,28.5,41.3,38,418,3420,38.0,35,21,56,32,3,6,105,3,39.5,34.8,24.6,59.4,571,1080,0.92,0.55,1.47,0.84,1.39,1.04,0.65,1.69,0.91,1.56,19,33,38.0,35,405,118,29.1,10.66,3.11,0.08,0.27,17.9,14,3,6,39.5,34.8,0.09,-4.5,-2.8,19,33,38.0,10136,14415,70.3,195586,77863,4254,5031,84.6,3979,5054,78.7,1552,3292,47.1,21,24.6,28.9,-3.6,277,829,233,120,1080,19,33,38.0,14415,12460,1886,511,37,183,865,795,181,79,63,1,10136,69,312,19,33,38.0,687,18.08,459,86,38,47,41,16,55,1.45,32,7,3,5,6,2,19,33,38.0,647,380,346,238,63,301,711,42.3,410,390,106,284,413,1060,768,5,19,33,41.3,38.0,18574,2215,6501,7898,4374,646,18568,519,281,54.1,238,45.9,9062,51953,26751,571,382,106,576,291,10039,1063,19,33,38,3420,90,100,38.0,418,81,246,172,22,270,1.03,35,51,-16,-0.42,39.5,48.3,-8.7,-0.23,19,33,38.0,105,3,3,488,449,69,865,413,380,5,13,0,2077,601,693,46.4,19,1,38,38,3420,38.0,51,1.34,170,117,76.5,8,15,15,13,34.2,13,11,2,0,15.4
20,20,Cagliari,Serie A,33,26.5,44.5,38,418,3420,38.0,34,26,60,31,3,4,96,5,39.0,36.4,29.6,66.0,474,1088,0.89,0.68,1.58,0.82,1.5,1.03,0.78,1.81,0.96,1.74,20,33,38.0,34,420,117,27.9,11.05,3.08,0.07,0.26,17.3,17,3,4,39.0,36.4,0.09,-5.0,-5.4,20,33,38.0,11503,15761,73.0,221202,88862,4745,5714,83.0,4799,5957,80.6,1656,3147,52.6,26,29.6,27.6,-3.6,317,853,226,93,1088,20,33,38.0,15761,13729,1962,574,16,119,675,791,143,48,71,2,11503,70,315,20,33,38.0,742,19.53,521,86,25,63,34,13,61,1.61,43,5,2,5,5,1,20,33,38.0,557,303,263,229,65,230,544,42.3,314,406,128,278,397,954,747,5,20,33,44.5,38.0,19878,2390,6906,8724,4452,643,19874,479,252,52.6,227,47.4,10278,51842,25151,474,393,83,572,261,11383,1078,20,33,38,3420,90,100,38.0,418,82,259,157,21,252,0.79,34,68,-34,-0.89,39.0,61.0,-21.9,-0.58,20,33,38.0,96,5,3,549,490,70,675,397,303,3,10,1,1995,696,742,48.4,20,2,38,38,3420,38.0,68,1.79,185,115,67.0,6,12,20,3,7.9,10,7,3,0,30.0
21,21,Celta Vigo,La Liga,25,28.4,55.2,38,418,3420,38.0,43,29,72,40,3,6,87,3,43.1,38.3,28.8,67.2,665,1447,1.13,0.76,1.89,1.05,1.82,1.13,0.76,1.89,1.01,1.77,21,25,38.0,43,405,135,33.3,10.66,3.55,0.1,0.3,18.3,14,3,6,43.1,38.3,0.1,-0.1,1.7,21,25,38.0,16007,20591,77.7,286771,95793,6936,7982,86.9,6579,7795,84.4,1837,3366,54.6,29,28.8,31.6,0.2,286,1105,285,84,1447,21,25,38.0,20591,18578,1930,501,60,169,768,898,167,81,60,1,16007,83,360,21,25,38.0,701,18.45,540,43,25,50,34,9,70,1.84,52,2,3,11,1,1,21,25,38.0,696,409,324,279,93,286,762,37.5,476,423,91,332,376,1072,634,11,21,25,55.2,38.0,24789,2272,7479,11772,5737,719,24783,591,346,58.5,244,41.3,13606,72693,38568,665,544,125,572,310,15869,1434,21,25,38,3420,90,100,38.0,418,82,261,155,21,222,1.21,43,43,0,0.0,43.1,45.7,-2.6,-0.07,21,25,38.0,87,3,1,507,463,83,768,376,409,3,8,2,2144,603,696,46.4,21,1,38,38,3420,38.0,43,1.13,136,91,71.3,12,10,16,14,36.8,8,4,4,0,50.0
22,22,Chelsea,Premier League,26,27.4,61.8,38,418,3420,38.0,75,52,127,67,8,9,63,1,63.4,56.6,44.9,101.5,894,1967,1.97,1.37,3.34,1.76,3.13,1.67,1.18,2.85,1.49,2.67,22,26,38.0,75,583,200,34.3,15.34,5.26,0.11,0.34,17.4,26,8,9,63.4,56.6,0.1,11.6,10.4,22,26,38.0,21190,24888,85.1,342325,113085,10628,11617,91.5,8318,9322,89.2,1524,2514,60.6,52,44.9,42.6,7.1,439,1614,437,66,1967,22,26,38.0,24888,23158,1661,434,77,101,745,713,241,113,100,0,21190,69,364,22,26,38.0,1064,28.0,818,62,48,75,49,12,135,3.55,97,9,8,10,9,2,22,26,38.0,621,348,267,269,85,257,567,45.3,310,408,96,312,347,968,641,15,22,26,61.8,38.0,28975,2279,7926,13385,7881,1066,28966,624,364,58.3,260,41.7,17090,86187,46504,894,729,243,591,383,21040,1956,22,26,38,3420,90,100,38.0,418,84,306,111,22,226,1.95,76,33,43,1.13,63.4,33.2,30.1,0.79,22,26,38.0,63,1,0,409,392,69,745,347,348,8,6,1,2084,538,486,52.5,22,2,38,38,3420,38.0,33,0.87,115,83,76.5,21,11,6,16,42.1,6,6,0,0,0.0
23,23,Clermont Foot,Ligue 1,28,26.9,50.0,38,418,3420,38.0,36,25,61,34,2,3,65,8,44.4,41.9,32.6,74.4,617,1370,0.95,0.66,1.61,0.89,1.55,1.17,0.86,2.03,1.1,1.96,23,28,38.0,36,436,134,30.7,11.47,3.53,0.08,0.25,17.7,10,2,3,44.4,41.9,0.1,-8.4,-7.9,23,28,38.0,15713,19560,80.3,268742,97045,7638,8645,88.4,5961,6974,85.5,1598,2805,57.0,25,32.6,33.1,-7.6,326,1066,263,102,1370,23,28,38.0,19560,17599,1908,526,28,156,713,828,179,76,60,1,15713,53,332,23,28,38.0,771,20.29,553,76,53,49,30,10,64,1.68,43,7,5,6,3,0,23,28,38.0,622,361,285,262,75,291,665,43.8,374,372,99,273,386,1008,527,9,23,28,50.0,38.0,23488,2137,8082,10780,4860,676,23485,599,327,54.6,272,45.4,14941,76251,36491,617,419,142,618,410,15584,1352,23,28,38,3420,90,100,38.0,418,82,253,159,19,183,0.95,38,69,-31,-0.82,44.4,52.4,-8.0,-0.21,23,28,38.0,65,8,3,387,482,53,713,386,361,2,5,3,2137,432,466,48.1,23,2,38,38,3420,38.0,69,1.82,165,99,61.2,9,9,20,8,21.1,5,5,0,0,0.0
24,24,Crystal Palace,Premier League,24,27.1,51.1,38,418,3420,38.0,50,31,81,44,6,8,69,1,46.4,40.1,31.0,71.1,592,1229,1.32,0.82,2.13,1.16,1.97,1.22,0.82,2.04,1.06,1.87,24,24,38.0,50,404,140,34.7,10.63,3.68,0.11,0.31,16.1,13,6,8,46.4,40.1,0.1,3.6,3.9,24,24,38.0,14983,19081,78.5,265538,92523,6553,7495,87.4,6521,7610,85.7,1467,2871,51.1,31,31.0,30.2,0.0,305,990,270,75,1229,24,24,38.0,19081,17115,1903,528,40,120,643,844,175,88,44,8,14983,63,316,24,24,38.0,711,18.71,500,63,43,46,43,16,81,2.13,53,3,7,8,9,1,24,24,38.0,637,374,323,236,78,273,575,47.5,302,452,135,317,333,970,761,5,24,24,51.1,38.0,23466,2753,8764,9989,4943,749,23458,687,382,55.6,305,44.4,13129,65928,33176,592,410,149,671,471,14878,1214,24,24,38,3420,90,100,38.0,418,85,309,108,18,229,1.26,50,46,4,0.11,46.4,40.7,5.7,0.15,24,24,38.0,69,1,1,414,481,63,643,333,374,6,4,2,2103,610,618,49.7,24,2,38,38,3420,38.0,46,1.21,144,99,70.1,11,15,12,12,31.6,4,3,1,0,25.0
25,25,Dortmund,Bundesliga,33,25.9,59.2,34,374,3060,34.0,81,57,138,70,11,11,63,1,64.0,55.9,45.0,100.8,670,1468,2.38,1.68,4.06,2.06,3.74,1.88,1.32,3.21,1.64,2.97,25,33,34.0,81,442,165,37.3,13.0,4.85,0.16,0.42,16.7,20,11,11,64.0,55.9,0.13,17.0,14.1,25,33,34.0,17410,21052,82.7,292378,101967,8010,8996,89.0,7168,8170,87.7,1495,2454,60.9,57,45.0,46.0,12.0,331,1091,301,48,1468,25,33,34.0,21052,19358,1621,447,67,121,491,681,182,74,76,1,17410,73,314,25,33,34.0,796,23.41,570,71,51,51,43,10,141,4.15,96,7,12,12,10,4,25,33,34.0,541,322,232,236,73,255,550,46.4,295,351,82,269,347,888,519,11,25,33,59.2,34.0,24819,2177,7538,12136,5317,835,24808,636,352,55.3,284,44.7,14990,75201,36738,670,481,180,579,310,17301,1454,25,33,34,3060,90,100,34.0,374,83,231,142,19,148,2.03,85,52,33,0.97,64.0,46.3,17.7,0.52,25,33,34.0,63,1,1,362,398,73,491,347,322,6,6,2,2052,419,363,53.6,25,3,34,34,3060,34.0,52,1.53,136,86,66.2,22,3,9,7,20.6,6,6,0,0,0.0
26,26,Eint Frankfurt,Bundesliga,27,26.2,49.6,34,374,3060,34.0,43,33,76,42,1,2,61,1,41.6,40.1,32.0,72.1,609,1255,1.26,0.97,2.24,1.24,2.21,1.22,0.94,2.16,1.18,2.12,26,27,34.0,43,446,136,30.5,13.12,4.0,0.09,0.31,17.8,14,1,2,41.6,40.1,0.09,1.4,1.9,26,27,34.0,12628,17023,74.2,229563,88663,5346,6380,83.8,5660,6861,82.5,1313,2783,47.2,33,32.0,33.1,1.0,331,908,223,78,1255,26,27,34.0,17023,15216,1754,387,44,106,697,825,193,78,91,2,12628,53,357,26,27,34.0,762,22.41,528,88,36,61,38,11,75,2.21,51,8,4,8,4,0,26,27,34.0,595,330,260,252,83,283,673,42.1,390,435,95,340,377,972,592,12,26,27,49.6,34.0,21105,2288,7030,9752,4528,675,21103,544,285,52.4,258,47.4,11595,59438,29061,609,408,153,631,294,12527,1243,26,27,34,3060,90,100,34.0,374,82,232,144,21,160,1.24,45,49,-4,-0.12,41.6,47.0,-5.4,-0.16,26,27,34.0,61,1,1,422,299,53,697,377,330,1,4,1,2251,552,644,46.2,26,3,34,34,3060,34.0,49,1.44,165,117,72.7,10,12,12,5,14.7,4,4,0,0,0.0
27,27,Elche,La Liga,28,29.1,48.4,38,418,3420,38.0,39,29,68,38,1,1,104,6,33.7,32.9,27.6,60.5,531,1102,1.03,0.76,1.79,1.0,1.76,0.89,0.73,1.61,0.86,1.59,27,28,38.0,39,334,106,31.7,8.79,2.79,0.11,0.36,18.0,8,1,1,33.7,32.9,0.1,5.3,5.1,27,28,38.0,12948,16836,76.9,237191,93098,5745,6572,87.4,5080,6020,84.4,1676,3129,53.6,29,27.6,24.8,1.4,261,861,204,78,1102,27,28,38.0,16836,14819,1943,591,34,180,720,763,155,63,70,1,12948,74,335,27,28,38.0,592,15.58,426,60,42,23,28,13,68,1.79,50,4,7,3,2,2,27,28,38.0,589,325,335,191,63,268,622,43.1,354,367,126,241,305,894,769,14,27,28,48.4,38.0,20889,2493,7657,9086,4313,498,20888,597,339,56.8,258,43.2,11059,55476,26247,531,403,89,650,330,12844,1087,27,28,38,3420,90,100,38.0,418,80,236,179,22,255,1.11,40,52,-12,-0.32,33.7,59.1,-25.4,-0.67,27,28,38.0,104,6,1,518,471,74,720,305,325,1,10,0,1982,527,515,50.6,27,2,38,38,3420,38.0,52,1.37,174,121,74.1,11,9,18,8,21.1,9,7,1,1,12.5
28,28,Empoli,Serie A,28,24.5,47.4,38,418,3420,38.0,47,27,74,40,7,7,87,5,44.9,39.3,28.9,68.3,658,1477,1.24,0.71,1.95,1.05,1.76,1.18,0.76,1.94,1.04,1.8,28,28,38.0,47,490,151,30.8,12.89,3.97,0.08,0.26,18.5,16,7,7,44.9,39.3,0.08,2.1,0.7,28,28,38.0,12796,16700,76.6,227799,91038,5530,6362,86.9,5584,6695,83.4,1315,2560,51.4,27,28.9,25.8,-1.9,343,1013,337,72,1477,28,28,38.0,16700,14627,1990,528,36,76,704,827,189,63,87,0,12796,83,347,28,28,38.0,835,21.97,622,67,40,51,42,13,84,2.21,59,6,5,8,6,0,28,28,38.0,568,327,268,208,92,273,606,45.0,333,451,177,274,352,920,772,10,28,28,47.4,38.0,20894,2792,7114,8751,5240,789,20887,547,291,53.2,255,46.6,11739,64693,34764,658,438,129,584,335,12671,1465,28,28,38,3420,90,100,38.0,418,80,236,178,23,271,1.08,50,70,-20,-0.53,44.9,66.0,-21.2,-0.56,28,28,38.0,87,5,3,506,463,83,704,352,327,6,10,6,1998,427,549,43.8,28,1,38,38,3420,38.0,70,1.84,216,150,69.9,10,11,17,7,18.4,10,5,2,3,28.6
29,29,Espanyol,La Liga,34,27.7,46.9,38,418,3420,38.0,39,25,64,34,5,5,99,7,36.7,32.9,25.8,58.7,610,1212,1.03,0.66,1.68,0.89,1.55,0.97,0.68,1.65,0.87,1.55,29,34,38.0,39,403,128,31.8,10.61,3.37,0.08,0.27,19.5,24,5,5,36.7,32.9,0.08,2.3,1.1,29,34,38.0,13360,16919,79.0,237866,88599,6031,6763,89.2,5391,6281,85.8,1475,2817,52.4,25,25.8,24.8,-0.8,300,993,212,59,1212,29,34,38.0,16919,15003,1846,590,29,196,627,659,172,65,67,1,13360,70,287,29,34,38.0,721,18.97,521,59,47,40,41,13,67,1.76,45,5,4,8,3,2,29,34,38.0,557,338,308,196,53,275,646,42.6,371,360,114,246,326,883,892,20,29,34,46.9,38.0,20970,2604,7525,9167,4471,581,20965,616,373,60.6,243,39.4,11191,60124,30222,610,468,119,563,331,13239,1196,29,34,38,3420,90,100,38.0,418,81,234,181,21,269,1.11,40,53,-13,-0.34,36.7,51.2,-14.5,-0.38,29,34,38.0,99,7,3,440,516,70,627,326,338,3,5,2,1736,447,574,43.8,29,3,38,38,3420,38.0,53,1.39,169,118,71.0,10,12,16,10,26.3,5,4,0,1,0.0
30,30,Everton,Premier League,33,26.7,40.0,38,418,3420,38.0,42,29,71,36,6,7,82,6,41.2,35.8,28.5,64.3,512,1100,1.11,0.76,1.87,0.95,1.71,1.09,0.75,1.83,0.94,1.69,30,33,38.0,42,430,130,30.2,11.32,3.42,0.08,0.28,17.7,18,6,7,41.2,35.8,0.08,0.8,0.2,30,33,38.0,10366,14557,71.2,184813,76163,4889,5859,83.4,3844,4901,78.4,1215,2704,44.9,29,28.5,25.1,0.5,323,898,255,77,1100,30,33,38.0,14557,12746,1758,413,30,70,653,783,161,83,60,0,10366,53,345,30,33,38.0,742,19.53,533,69,43,42,45,10,68,1.79,46,4,4,6,8,0,30,33,38.0,705,402,369,252,84,336,735,45.7,399,496,140,356,365,1070,815,15,30,33,40.0,38.0,19075,2289,6394,7899,5013,728,19068,634,337,53.2,295,46.5,9422,53443,25599,512,388,143,640,325,10276,1086,30,33,38,3420,90,100,38.0,418,85,317,97,21,240,1.03,43,66,-23,-0.61,41.2,55.4,-14.2,-0.37,30,33,38.0,82,6,2,368,388,53,653,365,402,7,2,5,2023,634,725,46.7,30,2,38,38,3420,38.0,66,1.74,188,127,66.0,11,6,21,8,21.1,2,2,0,0,0.0
31,31,Fiorentina,Serie A,28,26.4,57.7,38,418,3420,38.0,59,33,92,50,9,12,89,8,60.0,50.8,39.2,90.1,755,1584,1.55,0.87,2.42,1.32,2.18,1.58,1.03,2.61,1.34,2.37,31,28,38.0,59,501,172,34.3,13.18,4.53,0.1,0.29,17.2,25,9,12,60.0,50.8,0.11,-1.0,-0.8,31,28,38.0,17418,20910,83.3,337614,110293,6638,7448,89.1,8158,9133,89.3,2366,3482,67.9,33,39.2,41.6,-6.2,386,1211,346,105,1584,31,28,38.0,20910,19005,1848,664,37,246,776,693,195,23,129,0,17418,57,331,31,28,38.0,908,23.89,655,85,40,60,59,9,99,2.61,67,3,4,13,9,3,31,28,38.0,508,301,232,203,73,268,540,49.6,272,357,91,266,244,752,407,15,31,28,57.7,38.0,24439,2417,8057,10824,5796,923,24427,542,301,55.5,240,44.3,14623,77944,39314,755,546,184,618,275,17288,1567,31,28,38,3420,90,100,38.0,418,81,235,179,21,275,1.63,59,51,8,0.21,60.0,40.6,19.4,0.51,31,28,38.0,89,8,6,464,565,57,776,244,301,8,5,2,1885,469,456,50.7,31,2,38,38,3418,38.0,51,1.34,126,75,61.9,19,5,14,11,28.9,5,3,2,0,40.0
32,32,Freiburg,Bundesliga,26,26.5,49.0,34,374,3060,34.0,55,37,92,50,5,6,34,0,50.4,45.7,34.5,80.2,401,1229,1.62,1.09,2.71,1.47,2.56,1.48,1.01,2.5,1.35,2.36,32,26,34.0,55,457,153,33.5,13.44,4.5,0.11,0.33,16.7,20,5,6,50.4,45.7,0.1,4.6,4.3,32,26,34.0,11641,15652,74.4,219063,88322,4842,5855,82.7,4953,5947,83.3,1504,2875,52.3,37,34.5,39.9,2.5,333,919,293,73,1229,32,26,34.0,15652,13970,1624,421,33,120,633,672,181,116,44,1,11641,58,328,32,26,34.0,775,22.79,526,99,21,65,57,7,90,2.65,57,12,2,8,10,1,32,26,34.0,518,299,246,207,65,215,477,45.1,262,352,130,222,355,873,751,13,32,26,49.0,34.0,19480,2322,6642,8357,4649,750,19474,420,226,53.8,194,46.2,9662,49455,24484,401,331,102,538,219,11501,1223,32,26,34,3060,90,100,34.0,374,83,219,157,17,145,1.62,58,46,12,0.35,50.4,44.0,6.4,0.19,32,26,34.0,34,0,0,392,375,58,633,355,299,4,2,1,1920,675,638,51.4,32,2,34,34,3060,34.0,46,1.35,153,108,71.2,15,10,9,10,29.4,2,2,0,0,0.0
33,33,Genoa,Serie A,40,27.0,43.9,38,418,3420,38.0,26,19,45,20,6,7,92,3,37.2,31.8,26.3,58.1,517,1101,0.68,0.5,1.18,0.53,1.03,0.98,0.69,1.67,0.84,1.53,33,40,38.0,26,397,106,26.7,10.45,2.79,0.05,0.19,18.8,12,6,7,37.2,31.8,0.08,-11.2,-11.8,33,40,38.0,11185,15587,71.8,198763,81665,5123,6155,83.2,4390,5629,78.0,1298,2719,47.7,19,26.3,25.5,-7.3,281,829,211,74,1101,33,40,38.0,15587,13605,1910,559,29,74,661,777,155,57,76,1,11185,72,365,33,40,38.0,684,18.0,462,75,35,40,53,19,48,1.26,33,4,5,0,5,1,33,40,38.0,739,416,324,302,113,349,727,48.0,378,487,134,353,449,1188,751,15,33,40,43.9,38.0,20229,2408,6913,9038,4503,696,20222,581,302,52.0,278,47.8,10185,50318,24651,517,384,133,732,373,11085,1090,33,40,38,3420,90,100,38.0,418,78,241,179,27,268,0.74,27,60,-33,-0.87,37.2,54.1,-16.9,-0.44,33,40,38.0,92,3,2,566,499,72,661,449,416,4,5,2,2228,635,743,46.1,33,2,38,38,3420,38.0,60,1.58,184,125,69.6,4,16,18,10,26.3,5,4,1,0,20.0
34,34,Getafe,La Liga,31,26.6,41.5,38,418,3420,38.0,31,26,57,28,3,5,121,8,29.3,25.3,19.4,44.7,399,917,0.82,0.68,1.5,0.74,1.42,0.77,0.51,1.28,0.67,1.18,34,31,38.0,31,404,111,27.5,10.63,2.92,0.07,0.25,20.6,29,3,5,29.3,25.3,0.06,1.7,2.7,34,31,38.0,10278,14607,70.4,196813,82509,4550,5489,82.9,3938,5092,77.3,1516,3176,47.7,26,19.4,19.7,6.6,288,808,166,73,917,34,31,38.0,14607,12625,1929,579,17,194,621,842,136,65,58,0,10278,53,299,34,31,38.0,700,18.42,464,85,32,40,61,18,53,1.39,38,7,3,2,1,2,34,31,38.0,587,360,266,243,78,248,594,41.8,346,400,96,304,401,988,719,8,34,31,41.5,38.0,18658,2003,5988,8734,4125,551,18653,452,242,53.5,210,46.5,9326,44746,20748,399,328,92,603,301,10197,910,34,31,38,3420,90,100,38.0,418,83,259,153,19,251,1.03,33,41,-8,-0.21,29.3,38.6,-9.3,-0.25,34,31,38.0,121,8,1,559,481,53,621,401,360,1,4,1,1924,721,717,50.1,34,2,38,38,3420,38.0,41,1.08,132,91,70.5,8,15,15,14,36.8,4,2,1,1,33.3
35,35,Granada,La Liga,32,28.1,44.7,38,418,3420,38.0,43,28,71,40,3,5,105,4,39.0,35.1,26.7,61.8,435,1047,1.13,0.74,1.87,1.05,1.79,1.03,0.7,1.73,0.92,1.63,35,32,38.0,43,421,131,31.1,11.08,3.45,0.1,0.31,19.2,12,3,5,39.0,35.1,0.09,4.0,4.9,35,32,38.0,10582,14889,71.1,199289,81817,4550,5400,84.3,4234,5295,80.0,1460,3218,45.4,28,26.7,25.9,1.3,306,840,205,82,1047,35,32,38.0,14889,12856,1971,544,28,142,691,791,159,70,60,1,10582,62,295,35,32,38.0,702,18.47,488,67,43,49,40,15,68,1.79,45,8,3,6,2,4,35,32,38.0,611,343,310,240,61,274,632,43.4,358,437,130,307,326,937,841,8,35,32,44.7,38.0,19055,2401,6704,8239,4287,600,19050,495,270,54.5,225,45.5,9255,49523,24761,435,354,96,588,321,10466,1036,35,32,38,3420,90,100,38.0,418,80,241,175,22,243,1.0,44,61,-17,-0.45,39.0,61.2,-22.2,-0.59,35,32,38.0,105,4,1,477,466,62,691,326,343,2,9,2,1867,602,743,44.8,35,2,38,38,3420,38.0,61,1.61,193,132,72.0,8,14,16,8,21.1,9,7,2,0,22.2
36,36,Greuther Furth,Bundesliga,29,25.9,43.6,34,374,3060,34.0,26,15,41,21,5,5,61,0,30.0,26.2,18.8,44.9,413,976,0.76,0.44,1.21,0.62,1.06,0.88,0.55,1.43,0.77,1.32,36,29,34.0,26,309,96,31.1,9.09,2.82,0.07,0.22,18.2,13,5,5,30.0,26.2,0.09,-4.0,-5.2,36,29,34.0,10180,13971,72.9,187432,77521,4297,5107,84.1,4428,5407,81.9,1187,2565,46.3,15,18.8,19.8,-3.8,208,737,150,43,976,36,29,34.0,13971,12140,1762,482,24,54,478,738,138,92,37,4,10180,69,325,36,29,34.0,525,15.44,357,48,37,30,35,18,43,1.26,27,3,4,4,5,0,36,29,34.0,568,336,258,252,58,270,567,47.6,297,416,124,292,374,942,712,8,36,29,43.6,34.0,17946,2396,6666,7952,3509,505,17941,536,266,49.6,270,50.4,9290,47683,22121,413,281,107,621,308,10087,967,36,29,34,3060,90,100,34.0,374,83,236,139,19,151,0.53,28,82,-54,-1.59,30.0,60.2,-30.2,-0.89,36,29,34.0,61,0,0,437,434,69,478,374,336,3,6,5,1878,468,602,43.7,36,3,34,34,3060,34.0,82,2.41,188,111,59.6,3,9,22,6,17.6,6,6,0,0,0.0
37,37,Hellas Verona,Serie A,31,26.8,50.6,38,418,3420,38.0,63,44,107,56,7,8,100,7,50.4,44.2,34.1,78.4,677,1587,1.66,1.16,2.82,1.47,2.63,1.33,0.9,2.23,1.16,2.06,37,31,38.0,63,455,152,33.4,11.97,4.0,0.12,0.37,16.9,15,7,8,50.4,44.2,0.1,12.6,11.8,37,31,38.0,13047,17398,75.0,226861,89360,6087,7199,84.6,5057,6178,81.9,1410,2728,51.7,44,34.1,32.0,9.9,333,1046,350,71,1587,37,31,38.0,17398,15513,1788,467,36,101,593,777,166,75,43,0,13047,97,347,37,31,38.0,796,20.95,607,65,34,42,32,16,106,2.79,89,3,5,4,5,0,37,31,38.0,534,308,248,214,72,238,557,42.7,319,414,107,307,392,926,779,9,37,31,50.6,38.0,21791,2173,6491,10061,5483,883,21783,590,313,53.1,276,46.8,11502,60870,30016,677,468,175,683,383,12927,1572,37,31,38,3420,90,100,38.0,418,81,250,165,23,244,1.39,65,59,6,0.16,50.4,49.0,1.4,0.04,37,31,38.0,100,7,5,560,429,97,593,392,308,6,4,2,2413,689,733,48.5,37,3,38,38,3420,38.0,59,1.55,159,101,64.8,14,11,13,4,10.5,4,3,1,0,25.0
38,38,Hertha BSC,Bundesliga,36,26.7,43.7,34,374,3060,34.0,35,23,58,32,3,3,62,2,33.3,30.9,25.0,55.9,462,975,1.03,0.68,1.71,0.94,1.62,0.98,0.73,1.71,0.91,1.64,38,36,34.0,35,365,119,32.6,10.74,3.5,0.09,0.27,17.5,15,3,3,33.3,30.9,0.09,1.7,1.1,38,36,34.0,10314,14077,73.3,185733,76968,4615,5523,83.6,4151,5105,81.3,1226,2478,49.5,23,25.0,26.4,-2.0,271,650,181,56,975,38,36,34.0,14077,12218,1786,516,30,94,505,746,141,64,66,0,10314,73,321,38,36,34.0,639,18.79,432,77,31,41,42,16,58,1.71,35,8,1,4,8,2,38,36,34.0,546,321,294,197,55,252,544,46.3,292,377,105,272,406,952,816,15,38,36,43.7,34.0,18046,2255,6954,7844,3430,547,18043,526,281,53.4,245,46.6,8883,47745,22989,462,296,92,537,316,10214,959,38,36,34,3060,90,100,34.0,374,80,222,152,24,151,0.97,37,71,-34,-1.0,33.3,54.3,-21.0,-0.62,38,36,34.0,62,2,0,421,430,73,505,406,321,3,8,0,1830,556,575,49.2,38,2,34,34,3060,34.0,71,2.09,172,101,63.4,9,6,19,6,17.6,8,8,0,0,0.0
39,39,Hoffenheim,Bundesliga,32,26.1,53.2,34,374,3060,34.0,55,42,97,55,0,0,75,0,58.3,58.3,46.8,105.1,588,1474,1.62,1.24,2.85,1.62,2.85,1.71,1.38,3.09,1.71,3.09,39,32,34.0,55,452,150,33.2,13.29,4.41,0.12,0.37,15.1,13,0,0,58.3,58.3,0.13,-3.3,-3.3,39,32,34.0,14323,18141,79.0,256560,98199,6165,7101,86.8,6198,7189,86.2,1564,2758,56.7,42,46.8,53.2,-4.8,336,1046,343,112,1474,39,32,34.0,18141,16308,1763,445,36,91,703,798,190,90,52,0,14323,70,350,39,32,34.0,785,23.09,583,71,39,52,27,13,100,2.94,81,3,5,8,1,2,39,32,34.0,483,291,191,216,76,223,484,46.1,261,390,88,302,285,768,520,17,39,32,53.2,34.0,21823,2385,7462,9467,5067,866,21823,525,249,47.4,275,52.4,12635,63453,31714,588,350,151,551,241,14184,1462,39,32,34,3060,90,100,34.0,374,81,219,155,22,141,1.35,58,60,-2,-0.06,58.3,54.6,3.7,0.11,39,32,34.0,75,0,0,429,348,70,703,285,291,0,4,1,1905,485,574,45.8,39,2,34,34,3060,34.0,60,1.76,162,102,64.2,13,7,14,8,23.5,4,2,1,1,33.3
40,40,Inter,Serie A,27,28.9,56.5,38,418,3420,38.0,83,57,140,76,7,11,71,0,81.6,73.6,57.3,130.9,782,1778,2.18,1.5,3.68,2.0,3.5,2.15,1.51,3.66,1.94,3.45,40,27,38.0,83,667,239,35.8,17.55,6.29,0.11,0.32,15.9,13,7,11,81.6,73.6,0.11,1.4,2.4,40,27,38.0,18367,21832,84.1,329949,112120,8090,8994,89.9,7784,8750,89.0,2046,3033,67.5,57,57.3,53.4,-0.3,503,1453,451,128,1778,40,27,38.0,21832,20151,1624,448,54,207,809,630,252,73,141,2,18367,57,339,40,27,38.0,1184,31.16,885,104,44,93,37,21,149,3.92,114,12,4,14,5,0,40,27,38.0,588,332,265,240,83,247,545,45.3,298,360,110,250,332,920,485,11,40,27,56.5,38.0,25692,2568,8099,11248,6574,1193,25680,471,255,54.1,216,45.9,15187,75463,39052,782,500,205,544,245,18155,1768,40,27,38,3420,90,100,38.0,418,81,232,186,19,264,2.21,84,32,52,1.37,81.6,39.1,42.5,1.12,40,27,38.0,71,0,0,466,412,57,809,332,332,7,4,1,2004,549,476,53.6,40,2,38,38,3420,38.0,32,0.84,127,96,78.0,25,9,4,15,39.5,4,4,0,0,0.0
41,41,Juventus,Serie A,32,27.4,51.5,38,418,3420,38.0,56,37,93,51,5,6,77,2,51.4,46.7,36.3,83.0,701,1464,1.47,0.97,2.45,1.34,2.32,1.35,0.96,2.31,1.23,2.18,41,32,38.0,56,517,166,32.1,13.61,4.37,0.1,0.31,17.5,18,5,6,51.4,46.7,0.09,4.6,4.3,41,32,38.0,16459,19835,83.0,307159,106118,6680,7513,88.9,7417,8335,89.0,2015,3048,66.1,37,36.3,33.7,0.7,388,1266,305,79,1464,41,32,38.0,19835,18065,1696,533,41,193,550,662,169,72,66,2,16459,74,297,41,32,38.0,917,24.13,677,60,62,57,49,12,99,2.61,73,5,9,7,5,0,41,32,38.0,555,316,260,217,78,236,529,44.6,293,392,134,258,332,887,677,9,41,32,51.5,38.0,23918,2492,7794,11044,5316,885,23911,637,367,57.6,271,42.5,13534,68320,34106,701,483,184,607,312,16334,1456,41,32,38,3420,90,100,38.0,418,81,257,161,23,223,1.84,57,37,20,0.53,51.4,38.1,13.4,0.35,41,32,38.0,77,2,1,508,503,74,550,332,316,5,7,1,2008,550,440,55.6,41,3,38,38,3420,38.0,37,0.97,123,84,73.2,20,10,8,13,34.2,7,4,3,0,42.9
42,42,Koln,Bundesliga,26,27.0,54.8,34,374,3060,34.0,52,40,92,51,1,1,67,1,50.1,49.3,38.6,87.9,550,1406,1.53,1.18,2.71,1.5,2.68,1.47,1.14,2.61,1.45,2.59,42,26,34.0,52,467,149,31.9,13.74,4.38,0.11,0.34,16.3,9,1,1,50.1,49.3,0.11,1.9,1.7,42,26,34.0,12636,16910,74.7,245192,96608,4661,5646,82.6,5989,7240,82.7,1722,3053,56.4,40,38.6,42.3,1.4,355,921,319,125,1406,42,26,34.0,16910,14957,1886,536,26,124,829,833,181,99,57,0,12636,67,374,42,26,34.0,796,23.41,590,88,26,43,37,12,91,2.68,67,8,5,8,2,1,42,26,34.0,598,361,264,246,88,288,665,43.3,377,442,99,343,426,1024,628,10,42,26,54.8,34.0,20891,2450,7559,8852,4687,781,20890,509,252,49.5,256,50.3,11262,57192,28130,550,391,105,584,258,12515,1398,42,26,34,3060,90,100,34.0,374,82,216,158,19,148,1.53,52,49,3,0.09,50.1,50.6,-0.6,-0.02,42,26,34.0,67,1,1,419,459,67,829,426,361,1,1,2,2137,597,590,50.3,42,2,34,34,3060,34.0,49,1.44,154,106,68.2,14,10,10,4,11.8,1,0,1,0,100.0
43,43,Lazio,Serie A,27,29.0,55.4,38,418,3420,38.0,74,48,122,67,7,9,88,5,55.3,48.2,38.8,87.0,788,1527,1.95,1.26,3.21,1.76,3.03,1.46,1.02,2.48,1.27,2.29,43,27,38.0,74,445,185,41.6,11.71,4.87,0.15,0.36,17.4,14,7,9,55.3,48.2,0.11,18.7,18.8,43,27,38.0,19632,23041,85.2,320293,109239,9872,10871,90.8,7249,8150,88.9,1711,2620,65.3,48,38.8,34.4,9.2,346,1398,309,53,1527,43,27,38.0,23041,21310,1687,520,54,137,574,663,176,74,71,0,19632,44,296,43,27,38.0,798,21.0,610,55,40,42,41,10,128,3.37,82,11,12,12,9,2,43,27,38.0,578,339,246,255,77,238,621,38.3,383,416,144,272,315,893,565,10,43,27,55.4,38.0,26867,2495,8040,13314,5750,804,26858,610,334,54.8,274,44.9,15747,79463,41085,788,564,183,555,273,19495,1516,43,27,38,3420,90,100,38.0,418,82,258,155,21,288,1.68,77,58,19,0.5,55.3,47.7,7.6,0.2,43,27,38.0,88,5,3,441,450,44,574,315,339,6,6,1,1941,411,427,49.0,43,2,38,38,3420,38.0,58,1.53,146,89,63.7,18,10,10,9,23.7,6,5,0,1,0.0
44,44,Leeds United,Premier League,29,26.1,52.3,38,418,3420,38.0,42,26,68,37,5,5,101,3,44.4,40.4,31.3,71.8,671,1483,1.11,0.68,1.79,0.97,1.66,1.17,0.82,1.99,1.06,1.89,44,29,38.0,42,480,142,29.6,12.63,3.74,0.08,0.26,18.3,13,5,5,44.4,40.4,0.09,-2.4,-3.4,44,29,38.0,13989,18288,76.5,242664,89161,6271,7285,86.1,5921,7050,84.0,1325,2754,48.1,26,31.3,25.1,-5.3,347,995,272,53,1483,44,29,38.0,18288,16432,1793,417,66,140,648,798,170,100,38,3,13989,63,368,44,29,38.0,825,21.71,589,68,52,60,42,14,66,1.74,36,2,10,10,5,3,44,29,38.0,787,437,396,298,93,408,886,46.0,478,473,143,330,395,1182,621,15,44,29,52.3,38.0,22705,2608,8521,9502,4919,789,22700,655,339,51.8,316,48.2,12260,67099,36354,671,412,170,676,298,13865,1467,44,29,38,3420,90,100,38.0,418,82,312,106,29,234,1.0,42,79,-37,-0.97,44.4,67.8,-23.5,-0.62,44,29,38.0,101,3,0,469,368,63,648,395,437,4,5,1,2260,470,626,42.9,44,2,38,38,3420,38.0,79,2.08,224,146,67.0,9,11,18,5,13.2,5,5,0,0,0.0
45,45,Leicester City,Premier League,28,26.5,52.0,38,418,3420,38.0,62,46,108,60,2,2,55,1,47.8,46.2,34.2,80.4,622,1356,1.63,1.21,2.84,1.58,2.79,1.26,0.9,2.16,1.22,2.12,45,28,38.0,62,433,164,37.9,11.39,4.32,0.14,0.37,17.8,14,2,2,47.8,46.2,0.11,14.2,13.8,45,28,38.0,16129,20137,80.1,269547,94214,7751,8789,88.2,6573,7579,86.7,1329,2581,51.5,46,34.2,26.9,11.8,312,1025,254,57,1356,45,28,38.0,20137,18268,1809,457,65,105,556,769,185,113,42,2,16129,60,379,45,28,38.0,745,19.61,566,41,48,42,33,15,105,2.76,81,3,4,8,5,4,45,28,38.0,690,384,336,270,84,306,720,42.5,414,469,146,323,367,1057,777,15,45,28,52.0,38.0,24409,2771,8575,11067,4962,746,24407,547,297,54.3,250,45.7,13897,68708,34763,622,467,157,601,368,16036,1351,45,28,38,3420,90,100,38.0,418,84,308,109,23,232,1.37,62,59,3,0.08,47.8,59.3,-11.5,-0.3,45,28,38.0,55,1,0,356,396,60,556,367,384,1,9,1,2015,530,553,48.9,45,2,38,38,3420,38.0,59,1.55,192,132,72.9,14,10,14,7,18.4,9,7,2,0,22.2
46,46,Lens,Ligue 1,28,26.1,50.7,38,418,3420,38.0,60,39,99,55,5,5,73,7,50.2,46.4,34.9,81.3,763,1692,1.58,1.03,2.61,1.45,2.47,1.32,0.92,2.24,1.22,2.14,46,28,38.0,60,511,183,35.8,13.45,4.82,0.11,0.3,18.6,14,5,5,50.2,46.4,0.09,9.8,8.6,46,28,38.0,16573,20178,82.1,283832,99071,7613,8583,88.7,6900,7932,87.0,1477,2498,59.1,39,34.9,32.7,4.1,383,1263,281,70,1692,46,28,38.0,20178,18428,1692,388,51,172,699,718,213,70,106,0,16573,58,295,46,28,38.0,900,23.68,680,60,53,56,30,21,106,2.79,75,4,6,11,7,3,46,28,38.0,591,359,273,243,75,266,602,44.2,336,360,99,261,455,1046,616,7,46,28,50.7,38.0,24163,2058,6639,12383,5399,748,24158,594,345,58.1,250,42.1,15515,88191,47289,763,564,142,617,336,16448,1680,46,28,38,3420,90,100,38.0,418,83,246,170,16,168,1.63,62,48,14,0.37,50.2,42.7,7.5,0.2,46,28,38.0,73,7,1,421,357,58,699,455,359,3,5,0,2051,427,366,53.8,46,2,38,38,3418,38.0,48,1.26,145,96,69.7,17,11,10,8,21.1,5,4,1,0,20.0
47,47,Levante,La Liga,31,28.0,47.2,38,418,3420,38.0,51,34,85,43,8,13,109,6,55.1,45.1,31.7,76.9,569,1343,1.34,0.89,2.24,1.13,2.03,1.45,0.84,2.28,1.19,2.02,47,31,38.0,51,430,146,34.0,11.32,3.84,0.1,0.29,17.7,14,8,13,55.1,45.1,0.11,-4.1,-2.1,47,31,38.0,12584,16422,76.6,226757,88940,5742,6544,87.7,4982,5929,84.0,1501,2917,51.5,34,31.7,25.8,2.3,318,968,254,63,1343,47,31,38.0,16422,14508,1837,477,50,183,624,769,168,58,76,3,12584,77,311,47,31,38.0,720,18.95,486,80,48,65,28,13,79,2.08,55,3,5,9,6,1,47,31,38.0,558,305,268,212,78,237,611,38.8,374,326,110,216,377,935,735,12,47,31,47.2,38.0,20500,2377,7382,8840,4535,719,20487,683,348,51.0,335,49.0,10842,56754,29187,569,405,154,614,302,12487,1334,47,31,38,3420,90,100,38.0,418,81,237,180,21,261,0.92,51,76,-25,-0.66,55.1,55.0,0.1,0.0,47,31,38.0,109,6,2,550,403,77,624,377,305,6,6,0,2054,441,492,47.3,47,4,38,38,3420,38.0,76,2.0,203,126,65.0,8,11,19,7,18.4,6,5,1,0,16.7
48,48,Leverkusen,Bundesliga,29,24.4,53.7,34,374,3060,34.0,76,58,134,74,2,6,66,2,62.6,57.8,46.2,104.0,709,1341,2.24,1.71,3.94,2.18,3.88,1.84,1.36,3.2,1.7,3.06,48,29,34.0,76,453,184,40.6,13.32,5.41,0.16,0.4,16.4,11,2,6,62.6,57.8,0.13,13.4,16.2,48,29,34.0,14735,18338,80.4,258289,94652,6448,7325,88.0,6309,7258,86.9,1474,2579,57.2,58,46.2,47.1,11.8,351,991,296,60,1341,48,29,34.0,18338,16593,1681,380,80,89,537,726,194,96,71,1,14735,64,328,48,29,34.0,804,23.65,596,63,55,52,30,8,134,3.94,100,5,14,10,5,0,48,29,34.0,484,281,235,199,50,225,493,45.6,268,350,101,249,360,844,620,12,48,29,53.7,34.0,22247,2353,7516,10602,4364,806,22241,706,401,56.8,305,43.2,13043,70540,37410,709,494,177,608,296,14605,1334,48,29,34,3060,90,100,34.0,374,83,219,154,17,136,1.88,80,47,33,0.97,62.6,44.0,18.6,0.55,48,29,34.0,66,2,1,364,329,64,537,360,281,5,4,1,2009,442,415,51.6,48,3,34,34,3060,34.0,47,1.38,162,115,72.2,19,7,8,8,23.5,4,2,1,1,33.3
49,49,Lille,Ligue 1,26,26.1,50.8,38,418,3420,38.0,45,29,74,41,4,5,98,6,50.5,46.6,33.7,80.4,725,1487,1.18,0.76,1.95,1.08,1.84,1.33,0.89,2.22,1.23,2.11,49,26,38.0,45,461,150,32.5,12.13,3.95,0.09,0.27,17.4,15,4,5,50.5,46.6,0.1,-5.5,-5.6,49,26,38.0,15086,18926,79.7,265491,93760,6923,7842,88.3,5970,6972,85.6,1658,2862,57.9,29,33.7,35.3,-4.7,344,1124,266,61,1487,49,26,38.0,18926,16958,1879,471,47,186,621,828,201,79,90,0,15086,89,354,49,26,38.0,811,21.34,592,73,53,45,35,13,81,2.13,50,7,7,9,8,0,49,26,38.0,653,359,310,274,69,305,619,49.3,314,351,111,240,377,1030,672,6,49,26,50.8,38.0,23068,2112,6990,11083,5263,793,23063,620,313,50.5,306,49.4,14302,79012,40425,725,540,183,655,347,14980,1472,49,26,38,3420,90,100,38.0,418,83,269,145,18,181,1.45,48,48,0,0.0,50.5,39.9,10.6,0.28,49,26,38.0,98,6,3,446,441,89,621,377,359,5,6,2,2145,525,492,51.6,49,2,38,38,3420,38.0,48,1.26,151,105,72.2,14,13,11,10,26.3,6,6,0,0,0.0
50,50,Liverpool,Premier League,27,27.7,62.7,38,418,3420,38.0,94,71,165,87,7,8,50,1,88.7,82.7,63.5,146.2,885,2243,2.47,1.87,4.34,2.29,4.16,2.33,1.67,4.0,2.18,3.85,50,27,38.0,94,721,237,32.9,18.97,6.24,0.12,0.37,16.7,13,7,8,88.7,82.7,0.12,5.3,4.3,50,27,38.0,21163,25552,82.8,370621,127087,9420,10506,89.7,9245,10569,87.5,2000,3211,62.3,71,63.5,56.2,7.5,527,1878,511,92,2243,50,27,38.0,25552,23742,1747,436,112,167,897,780,282,47,207,0,21163,63,374,50,27,38.0,1249,32.87,912,105,63,104,49,16,163,4.29,121,9,9,19,5,0,50,27,38.0,554,320,207,240,107,233,576,40.5,343,359,74,285,340,894,523,8,50,27,62.7,38.0,29575,2130,7195,14176,8419,1377,29567,635,343,54.0,291,45.8,17262,84190,45325,885,672,290,590,366,21042,2227,50,27,38,3420,90,100,38.0,418,85,306,111,19,231,2.42,94,26,68,1.79,88.7,33.8,54.9,1.45,50,27,38.0,50,1,0,363,286,63,897,340,320,5,0,1,2265,571,467,55.0,50,2,38,38,3420,38.0,26,0.68,107,82,75.7,28,8,2,21,55.3,0,0,0,0,
51,51,Lorient,Ligue 1,29,26.2,44.4,38,418,3420,38.0,35,20,55,32,3,3,69,4,41.3,39.0,29.7,68.7,569,1258,0.92,0.53,1.45,0.84,1.37,1.09,0.78,1.87,1.03,1.81,51,29,38.0,35,442,146,33.0,11.63,3.84,0.07,0.22,19.3,32,3,3,41.3,39.0,0.09,-6.3,-7.0,51,29,38.0,13156,16818,78.2,241458,86977,5597,6471,86.5,5492,6467,84.9,1630,2876,56.7,20,29.7,27.5,-9.7,321,998,218,76,1258,51,29,38.0,16818,14950,1813,441,40,163,588,803,162,63,55,2,13156,55,291,51,29,38.0,758,19.95,531,62,45,50,48,22,60,1.58,39,2,8,4,7,0,51,29,38.0,696,412,337,292,67,383,811,47.2,428,405,115,290,412,1108,776,9,51,29,44.4,38.0,21037,2054,6869,10009,4373,597,21034,597,307,51.4,290,48.6,12358,64255,31731,569,446,126,644,332,13060,1251,51,29,38,3420,90,100,38.0,418,83,263,153,17,190,0.95,35,63,-28,-0.74,41.3,50.5,-9.2,-0.24,51,29,38.0,69,4,3,475,423,55,588,412,412,3,6,3,2044,433,524,45.2,51,2,38,38,3420,38.0,63,1.66,148,88,60.8,8,12,18,11,28.9,6,5,0,1,0.0
52,52,Lyon,Ligue 1,30,25.6,58.4,38,418,3420,38.0,64,45,109,56,8,8,65,6,66.9,60.7,48.3,109.0,781,1756,1.68,1.18,2.87,1.47,2.66,1.76,1.27,3.03,1.6,2.87,52,30,38.0,64,546,192,35.2,14.37,5.05,0.1,0.29,17.1,18,8,8,66.9,60.7,0.11,-2.9,-4.7,52,30,38.0,19787,23388,84.6,340268,116719,8987,9961,90.2,8403,9364,89.7,1780,2835,62.8,45,48.3,50.8,-3.3,422,1486,346,66,1756,52,30,38.0,23388,21522,1804,491,95,139,571,782,188,85,60,2,19787,62,313,52,30,38.0,986,25.95,745,65,61,61,40,14,111,2.92,83,4,5,12,7,0,52,30,38.0,632,367,264,270,98,279,614,45.4,335,385,91,294,396,1028,621,17,52,30,58.4,38.0,27712,2276,7862,13801,6302,913,27704,814,489,60.1,325,39.9,18559,92512,45471,781,625,207,704,408,19671,1739,52,30,38,3420,90,100,38.0,418,82,275,139,22,184,1.63,66,51,15,0.39,66.9,54.6,12.4,0.33,52,30,38.0,65,6,2,436,424,62,571,396,367,6,8,3,2129,470,409,53.5,52,2,38,38,3418,38.0,51,1.34,173,124,74.6,17,11,10,9,23.7,8,7,1,0,12.5
53,53,M'Gladbach,Bundesliga,26,26.0,54.0,34,374,3060,34.0,54,38,92,49,5,7,67,1,56.2,50.6,37.8,88.4,527,1291,1.59,1.12,2.71,1.44,2.56,1.65,1.11,2.76,1.49,2.6,53,26,34.0,54,489,174,35.6,14.38,5.12,0.1,0.28,16.8,13,5,7,56.2,50.6,0.11,-2.2,-1.6,53,26,34.0,14537,17978,80.9,251602,93864,6542,7467,87.6,6272,7138,87.9,1318,2354,56.0,38,37.8,39.2,0.2,357,920,250,46,1291,53,26,34.0,17978,16210,1697,535,74,89,440,681,152,60,66,3,14537,71,315,53,26,34.0,870,25.59,642,80,34,46,52,16,89,2.62,66,3,4,10,5,1,53,26,34.0,572,345,260,252,60,285,615,46.3,330,402,91,311,326,898,553,13,53,26,54.0,34.0,21886,2151,7493,10390,4173,745,21879,610,359,58.9,251,41.1,12219,58910,30071,527,348,163,573,309,14453,1287,53,26,34,3060,90,100,34.0,374,84,256,118,20,181,1.32,54,61,-7,-0.21,56.2,55.0,1.2,0.04,53,26,34.0,67,1,0,359,472,73,440,326,345,6,5,0,1850,464,419,52.5,53,2,34,34,3060,34.0,61,1.79,185,122,68.6,12,9,13,5,14.7,5,3,2,0,40.0
54,54,Mainz 05,Bundesliga,28,26.2,46.5,34,374,3060,34.0,49,36,85,45,4,4,62,4,50.4,47.2,36.4,83.6,445,1178,1.44,1.06,2.5,1.32,2.38,1.48,1.07,2.55,1.39,2.46,54,28,34.0,49,465,151,32.5,13.68,4.44,0.1,0.3,17.6,22,4,4,50.4,47.2,0.1,-1.4,-2.2,54,28,34.0,10773,15000,71.8,190321,80921,4904,5893,83.2,4358,5557,78.4,1175,2534,46.4,36,36.4,35.9,-0.4,317,878,255,72,1178,54,28,34.0,15000,13190,1747,415,23,60,598,818,178,101,64,0,10773,63,306,54,28,34.0,760,22.35,526,82,32,59,48,13,81,2.38,63,4,3,6,4,1,54,28,34.0,579,305,291,220,68,282,595,47.4,313,404,94,310,439,1018,584,9,54,28,46.5,34.0,19090,1958,6503,8458,4323,753,19086,506,269,53.2,237,46.8,9359,44413,21380,445,312,114,670,295,10664,1169,54,28,34,3060,90,100,34.0,374,82,221,150,18,148,1.35,50,45,5,0.15,50.4,43.9,6.5,0.19,54,28,34.0,62,4,2,495,386,63,598,439,305,3,6,1,2097,606,580,51.1,54,2,34,34,3060,34.0,45,1.32,125,80,68.0,13,7,14,10,29.4,6,5,1,0,16.7
55,55,Mallorca,La Liga,33,27.9,45.3,38,418,3420,38.0,33,23,56,27,6,7,114,7,38.8,33.3,25.7,59.0,575,1129,0.87,0.61,1.47,0.71,1.32,1.02,0.68,1.7,0.88,1.55,55,33,38.0,33,440,131,29.8,11.58,3.45,0.06,0.21,19.5,23,6,7,38.8,33.3,0.08,-5.8,-6.3,55,33,38.0,11046,15023,73.5,194935,82006,5149,6054,85.1,4101,5153,79.6,1312,2691,48.8,23,25.7,28.3,-2.7,303,806,235,64,1129,55,33,38.0,15023,13022,1934,575,44,113,597,788,159,64,34,5,11046,67,311,55,33,38.0,761,20.03,495,90,47,55,55,19,59,1.55,32,6,4,7,8,2,55,33,38.0,607,332,301,235,71,248,551,45.0,303,374,119,255,344,951,826,9,55,33,45.3,38.0,19305,2231,6593,8320,4619,647,19298,612,368,60.1,244,39.9,10034,55423,27611,575,449,112,613,404,10923,1110,55,33,38,3420,90,100,38.0,418,82,237,178,20,273,1.03,36,63,-27,-0.71,38.8,49.3,-10.5,-0.28,55,33,38.0,114,7,4,554,535,67,597,344,332,6,8,4,2007,651,703,48.1,55,4,38,38,3420,38.0,63,1.66,152,91,62.5,10,9,19,9,23.7,8,6,2,0,25.0
56,56,Manchester City,Premier League,26,27.0,67.9,38,418,3420,38.0,96,63,159,89,7,9,42,1,88.7,81.4,65.5,146.9,1145,2421,2.53,1.66,4.18,2.34,4.0,2.33,1.72,4.06,2.14,3.87,56,26,38.0,96,704,237,33.7,18.53,6.24,0.13,0.38,16.3,17,7,9,88.7,81.4,0.12,7.3,7.6,56,26,38.0,24406,27902,87.5,412596,117964,11713,12605,92.9,10158,11162,91.0,1972,2895,68.1,63,65.5,57.1,-2.5,536,2110,535,74,2421,56,26,38.0,27902,26239,1597,406,102,192,869,664,316,154,50,4,24406,66,355,56,26,38.0,1286,33.84,997,78,70,88,42,11,158,4.16,112,10,6,19,8,3,56,26,38.0,498,284,183,214,101,227,509,44.6,282,267,55,212,279,777,403,7,56,26,67.9,38.0,31381,1837,6566,15281,9729,1499,31372,741,425,57.4,316,42.6,21064,110018,61200,1145,840,386,497,316,24212,2402,56,26,38,3420,90,100,38.0,418,86,338,79,20,261,2.45,99,26,73,1.92,88.7,24.6,64.0,1.68,56,26,38.0,42,1,0,321,330,66,869,279,284,7,1,0,1967,482,397,54.8,56,2,38,38,3420,38.0,26,0.68,85,59,70.6,29,6,3,21,55.3,1,1,0,0,0.0
57,57,Manchester Utd,Premier League,29,27.2,52.7,38,418,3420,38.0,56,46,102,53,3,5,77,2,55.8,51.9,42.5,94.3,784,1568,1.47,1.21,2.68,1.39,2.61,1.47,1.12,2.59,1.36,2.48,57,29,38.0,56,503,179,35.6,13.24,4.71,0.11,0.3,17.7,19,3,5,55.8,51.9,0.11,0.2,1.1,57,29,38.0,16690,20641,80.9,280259,93084,8162,9234,88.4,6398,7436,86.0,1548,2626,58.9,46,42.5,37.1,3.5,407,1315,312,65,1568,57,29,38.0,20641,18862,1691,376,80,187,659,725,197,74,88,0,16690,88,369,57,29,38.0,917,24.13,706,65,56,38,39,13,104,2.74,77,6,6,7,5,3,57,29,38.0,585,358,320,197,68,265,608,43.6,343,404,133,271,340,925,704,20,57,29,52.7,38.0,24652,2256,7391,11141,6331,883,24647,631,368,58.3,263,41.7,13954,76394,41495,784,587,213,538,333,16590,1562,57,29,38,3420,90,100,38.0,418,85,303,114,20,227,1.53,57,57,0,0.0,55.8,53.0,2.8,0.07,57,29,38.0,77,2,1,396,320,88,659,340,358,3,5,3,2071,555,443,55.6,57,1,38,38,3420,38.0,57,1.5,180,124,70.0,16,10,12,8,21.1,5,3,2,0,40.0
58,58,Marseille,Ligue 1,27,25.0,61.7,38,418,3420,38.0,61,40,101,51,10,10,61,3,58.2,50.5,41.1,91.6,762,1866,1.61,1.05,2.66,1.34,2.39,1.53,1.08,2.61,1.33,2.41,58,27,38.0,61,489,157,32.1,12.87,4.13,0.1,0.32,17.8,28,10,10,58.2,50.5,0.1,2.8,0.5,58,27,38.0,21253,24524,86.7,361998,109449,9918,10745,92.3,8776,9635,91.1,1878,2900,64.8,40,41.1,41.7,-1.1,384,1547,336,59,1866,58,27,38.0,24524,22709,1755,538,57,176,619,692,217,100,81,0,21253,60,306,58,27,38.0,904,23.79,662,78,43,53,54,14,110,2.89,75,7,5,8,12,3,58,27,38.0,556,319,252,238,66,232,501,46.3,269,263,65,198,327,883,437,10,58,27,61.7,38.0,27998,1932,7517,14192,6507,861,27988,573,307,53.6,266,46.4,19841,101736,52302,762,630,200,569,328,21071,1854,58,27,38,3420,90,100,38.0,418,84,273,144,17,196,1.87,63,38,25,0.66,58.2,39.0,19.2,0.51,58,27,38.0,61,3,1,347,459,60,619,327,319,10,4,1,1862,368,323,53.3,58,2,38,38,3420,38.0,38,1.0,112,75,69.6,21,8,9,15,39.5,4,4,0,0,0.0
59,59,Metz,Ligue 1,36,25.9,42.9,38,418,3420,38.0,33,24,57,32,1,1,94,9,29.2,28.4,21.5,49.9,572,1015,0.87,0.63,1.5,0.84,1.47,0.77,0.57,1.33,0.75,1.31,59,36,38.0,33,370,112,30.3,9.74,2.95,0.09,0.29,20.5,16,1,1,29.2,28.4,0.08,3.8,3.6,59,36,38.0,12069,15688,76.9,222449,84751,5120,6014,85.1,5157,6079,84.8,1430,2715,52.7,24,21.5,21.1,2.5,275,818,126,49,1015,59,36,38.0,15688,13854,1786,476,34,137,581,729,142,43,76,0,12069,48,299,59,36,38.0,634,16.68,449,62,33,36,41,13,55,1.45,39,3,3,5,5,0,59,36,38.0,711,442,395,275,41,300,649,46.2,349,452,139,313,507,1218,782,11,59,36,42.9,38.0,20273,2201,7342,9598,3595,412,20272,609,334,54.8,275,45.2,12090,68592,32106,572,464,90,710,364,11964,1004,59,36,38,3420,90,100,38.0,418,81,269,146,25,191,0.82,35,69,-34,-0.89,29.2,62.5,-33.4,-0.88,59,36,38.0,94,9,2,514,417,48,581,507,442,1,5,2,2092,527,529,49.9,59,2,38,38,3417,38.0,69,1.82,178,111,64.0,6,13,19,8,21.1,5,5,0,0,0.0
60,60,Milan,Serie A,28,25.6,54.0,38,418,3420,38.0,66,39,105,61,5,8,76,3,59.7,54.1,42.8,96.9,806,1486,1.74,1.03,2.76,1.61,2.63,1.57,1.13,2.7,1.42,2.55,60,28,38.0,66,592,187,31.6,15.58,4.92,0.1,0.33,18.4,23,5,8,59.7,54.1,0.09,6.3,6.9,60,28,38.0,15719,19320,81.4,283818,100443,6814,7777,87.6,6719,7647,87.9,1787,2874,62.2,39,42.8,40.4,-3.8,436,1202,371,95,1486,60,28,38.0,19320,17512,1728,564,45,122,672,653,195,61,86,0,15719,80,297,60,28,38.0,1026,27.0,717,75,71,85,59,19,105,2.76,75,2,7,14,5,2,60,28,38.0,697,421,304,288,105,281,583,48.2,302,371,110,261,355,1052,477,12,60,28,54.0,38.0,23507,2057,6813,10934,6067,987,23499,779,456,58.5,323,41.5,13142,77523,41919,806,583,198,627,312,15548,1468,60,28,38,3420,90,100,38.0,418,80,244,173,23,251,2.26,69,31,38,1.0,59.7,35.9,23.8,0.63,60,28,38.0,76,3,1,465,513,80,672,355,421,5,5,2,2167,521,517,50.2,60,2,38,38,3420,38.0,31,0.82,125,95,78.4,26,8,4,18,47.4,5,4,1,0,20.0
61,61,Monaco,Ligue 1,27,24.4,54.1,38,418,3420,38.0,62,45,107,53,9,9,85,4,59.3,52.3,44.1,96.3,750,1871,1.63,1.18,2.82,1.39,2.58,1.56,1.16,2.72,1.38,2.54,61,27,38.0,62,445,153,34.4,11.71,4.03,0.12,0.35,17.3,17,9,9,59.3,52.3,0.12,2.7,0.7,61,27,38.0,16300,20559,79.3,293016,105290,6964,8022,86.8,7227,8418,85.9,1702,3045,55.9,45,44.1,49.0,0.9,348,1387,393,82,1871,61,27,38.0,20559,18632,1833,448,77,150,705,805,220,99,78,0,16300,94,331,61,27,38.0,779,20.5,572,74,39,40,41,13,107,2.82,87,3,4,5,8,0,61,27,38.0,745,435,292,368,85,324,701,46.2,377,378,103,275,424,1169,487,10,61,27,54.1,38.0,24599,2002,6595,12120,6112,936,24590,652,366,56.1,286,43.9,15043,79820,40906,750,546,189,654,321,16188,1855,61,27,38,3420,90,100,38.0,418,81,246,168,21,173,1.82,65,40,25,0.66,59.3,40.3,19.0,0.5,61,27,38.0,85,4,3,496,408,94,705,424,435,5,9,3,2287,546,498,52.3,61,1,38,38,3420,38.0,40,1.05,141,104,77.3,20,9,9,11,28.9,9,8,0,1,0.0
62,62,Montpellier,Ligue 1,26,25.8,48.2,38,418,3420,38.0,48,31,79,45,3,4,77,8,42.7,39.6,28.6,68.2,604,1282,1.26,0.82,2.08,1.18,2.0,1.12,0.75,1.88,1.04,1.79,62,26,38.0,48,433,151,34.9,11.39,3.97,0.1,0.3,19.6,38,3,4,42.7,39.6,0.09,5.3,5.4,62,26,38.0,13951,17804,78.4,246694,95721,6234,7133,87.4,5560,6581,84.5,1585,2917,54.3,31,28.6,28.5,2.4,290,957,239,70,1282,62,26,38.0,17804,15757,1994,484,36,155,697,868,178,62,74,2,13951,53,313,62,26,38.0,736,19.37,516,60,41,41,61,17,85,2.24,59,7,6,6,6,1,62,26,38.0,625,380,340,210,75,309,723,42.7,414,363,134,229,356,981,675,13,62,26,48.2,38.0,21921,2665,7961,9658,4518,574,21917,590,316,53.6,274,46.4,13539,71134,35564,604,424,95,648,340,13818,1269,62,26,38,3420,90,100,38.0,418,83,248,162,16,168,1.13,49,61,-12,-0.32,42.7,57.1,-14.4,-0.38,62,26,38.0,77,8,4,411,465,53,697,356,380,3,6,1,2018,437,560,43.8,62,2,38,38,3420,38.0,61,1.61,215,154,74.0,12,7,19,10,26.3,6,5,1,0,16.7
63,63,Nantes,Ligue 1,26,26.1,43.9,38,418,3420,38.0,53,37,90,48,5,5,80,4,45.5,41.6,34.7,76.3,607,1330,1.39,0.97,2.37,1.26,2.24,1.2,0.91,2.11,1.1,2.01,63,26,38.0,53,420,145,34.5,11.05,3.82,0.11,0.33,17.2,13,5,5,45.5,41.6,0.1,7.5,6.4,63,26,38.0,12580,16481,76.3,232016,88021,5386,6257,86.1,5234,6315,82.9,1572,2976,52.8,37,34.7,30.4,2.3,327,1086,204,76,1330,63,26,38.0,16481,14568,1858,422,20,140,731,864,198,75,97,1,12580,55,280,63,26,38.0,723,19.03,498,81,45,48,38,13,89,2.34,62,6,7,6,7,1,63,26,38.0,685,405,331,262,92,353,774,45.6,421,419,136,283,415,1100,680,9,63,26,43.9,38.0,20769,1992,6238,9782,4964,703,20764,676,333,49.3,343,50.7,11889,64267,30486,607,467,173,587,352,12477,1319,63,26,38,3420,90,100,38.0,418,83,256,159,17,170,1.45,55,48,7,0.18,45.5,52.7,-7.2,-0.19,63,26,38.0,80,4,2,500,372,55,731,415,405,2,7,1,2057,598,566,51.4,63,1,38,38,3420,38.0,48,1.26,155,105,71.6,15,10,13,8,21.1,7,4,3,0,42.9
64,64,Napoli,Serie A,27,27.9,58.3,38,418,3420,38.0,74,46,120,64,10,14,63,2,57.8,46.6,37.1,83.7,827,1665,1.95,1.21,3.16,1.68,2.89,1.52,0.98,2.5,1.23,2.2,64,27,38.0,74,565,186,32.9,14.87,4.89,0.11,0.34,18.2,25,10,14,57.8,46.6,0.08,16.2,17.4,64,27,38.0,19572,22921,85.4,313472,105507,10332,11215,92.1,6928,7820,88.6,1611,2509,64.2,46,37.1,37.0,8.9,450,1389,366,57,1665,64,27,38.0,22921,21114,1740,536,45,199,553,693,197,85,51,0,19572,67,337,64,27,38.0,1021,26.87,778,63,57,53,48,22,126,3.32,89,9,3,11,10,4,64,27,38.0,550,327,246,227,77,268,617,43.4,349,371,108,263,296,846,510,8,64,27,58.3,38.0,26604,2258,7411,13013,6400,969,26590,595,357,60.0,238,40.0,16522,80220,42230,827,571,243,525,294,19439,1658,64,27,38,3420,90,100,38.0,418,82,247,172,18,220,2.08,74,31,43,1.13,57.8,32.5,25.3,0.67,64,27,38.0,63,2,0,460,482,67,553,296,327,9,1,1,1981,393,403,49.4,64,3,38,38,3420,38.0,31,0.82,136,106,77.9,24,7,7,16,42.1,1,1,0,0,0.0
65,65,Newcastle Utd,Premier League,29,27.5,40.4,38,418,3420,38.0,41,23,64,38,3,3,81,2,38.1,35.9,25.8,61.7,544,923,1.08,0.61,1.68,1.0,1.61,1.0,0.68,1.68,0.94,1.62,65,29,38.0,41,446,142,31.8,11.74,3.74,0.09,0.27,18.1,15,3,3,38.1,35.9,0.08,2.9,2.1,65,29,38.0,10201,14036,72.7,188373,77685,4545,5432,83.7,3917,4880,80.3,1343,2746,48.9,23,25.8,23.3,-2.8,308,791,193,55,923,65,29,38.0,14036,12203,1762,415,31,114,592,743,160,90,46,14,10201,71,281,65,29,38.0,758,19.95,504,81,61,57,44,11,70,1.84,46,4,5,9,6,0,65,29,38.0,659,383,334,266,59,304,641,47.4,337,420,162,258,360,1019,776,14,65,29,40.4,38.0,18281,2310,6731,7483,4314,727,18278,632,359,56.8,273,43.2,9243,50896,23964,544,397,163,622,359,10113,911,65,29,38,3420,90,100,38.0,418,85,309,108,18,233,1.29,44,62,-18,-0.47,38.1,57.1,-19.0,-0.5,65,29,38.0,81,2,1,392,366,71,592,360,383,1,6,2,1835,677,619,52.2,65,3,38,38,3420,38.0,62,1.63,165,104,65.5,13,10,15,8,21.1,6,5,1,0,16.7
66,66,Nice,Ligue 1,27,25.0,51.5,38,418,3420,38.0,52,35,87,44,8,10,77,6,55.6,48.0,39.0,86.9,732,1474,1.37,0.92,2.29,1.16,2.08,1.46,1.03,2.49,1.26,2.29,66,27,38.0,52,442,144,32.6,11.63,3.79,0.1,0.31,16.9,12,8,10,55.6,48.0,0.11,-3.6,-4.0,66,27,38.0,16159,19832,81.5,281750,98166,7356,8328,88.3,6858,7835,87.5,1515,2645,57.3,35,39.0,39.8,-4.0,334,1151,261,102,1474,66,27,38.0,19832,18037,1742,440,37,101,742,766,196,94,75,1,16159,53,305,66,27,38.0,789,20.76,575,69,52,41,39,13,94,2.47,70,4,5,6,9,0,66,27,38.0,610,369,291,253,66,314,590,53.2,276,392,119,273,441,1051,595,7,66,27,51.5,38.0,23930,2031,6830,12258,5096,752,23920,699,387,55.4,310,44.3,15574,85662,42891,732,580,150,635,349,16009,1458,66,27,38,3420,90,100,38.0,418,81,245,169,20,171,1.76,52,36,16,0.42,55.6,42.5,13.1,0.35,66,27,38.0,77,6,2,456,371,53,742,441,369,6,5,0,2064,526,471,52.8,66,2,38,38,3420,38.0,36,0.95,146,109,78.1,20,7,11,14,36.8,5,4,1,0,20.0
67,67,Norwich City,Premier League,28,26.2,42.9,38,418,3420,38.0,21,16,37,18,3,3,57,1,32.3,30.0,24.3,54.3,566,1031,0.55,0.42,0.97,0.47,0.89,0.85,0.64,1.49,0.79,1.43,67,28,38.0,21,370,104,28.1,9.74,2.74,0.05,0.17,19.0,18,3,3,32.3,30.0,0.08,-11.3,-12.0,67,28,38.0,12164,16070,75.7,217007,80065,5578,6484,86.0,4912,5949,82.6,1369,2757,49.7,16,24.3,23.7,-8.3,264,739,226,46,1031,67,28,38.0,16070,14176,1839,474,50,153,568,766,165,90,60,2,12164,55,306,67,28,38.0,637,16.76,435,67,41,33,50,11,35,0.92,27,2,1,1,3,1,67,28,38.0,614,368,322,242,50,297,714,41.6,417,450,180,270,381,995,860,14,67,28,42.9,38.0,20234,2911,8245,8047,4167,601,20231,581,298,51.3,283,48.7,11136,60854,30074,566,356,126,548,313,12047,1018,67,28,38,3420,90,100,38.0,418,84,304,114,21,227,0.58,23,84,-61,-1.61,32.3,75.5,-43.2,-1.14,67,28,38.0,57,1,1,356,431,55,568,381,368,2,12,2,1887,493,598,45.2,67,2,38,38,3420,38.0,84,2.21,222,139,66.2,5,7,26,6,15.8,12,9,1,2,10.0
68,68,Osasuna,La Liga,29,27.7,46.9,38,418,3420,38.0,37,23,60,31,6,8,84,2,36.7,30.7,22.9,53.6,417,1328,0.97,0.61,1.58,0.82,1.42,0.96,0.6,1.57,0.81,1.41,68,29,38.0,37,425,114,26.8,11.18,3.0,0.07,0.27,19.6,11,6,8,36.7,30.7,0.07,0.3,0.3,68,29,38.0,11904,16522,72.0,228055,96276,5076,6144,82.6,4756,6063,78.4,1702,3278,51.9,23,22.9,27.6,0.1,297,1099,298,124,1328,68,29,38.0,16522,14470,1986,473,16,195,864,932,179,61,99,4,11904,66,309,68,29,38.0,721,18.97,502,85,28,49,44,13,62,1.63,42,7,0,7,4,2,68,29,38.0,577,331,270,236,71,251,598,42.0,347,340,115,225,368,945,758,5,68,29,46.9,38.0,20565,2013,6066,9272,5397,697,20557,467,261,55.9,206,44.1,10211,50361,23279,417,358,76,597,309,11775,1313,68,29,38,3420,90,100,38.0,418,83,242,175,17,269,1.24,37,51,-14,-0.37,36.7,46.3,-9.6,-0.25,68,29,38.0,84,2,1,498,391,66,864,368,331,3,7,2,2118,808,743,52.1,68,2,38,38,3420,38.0,51,1.34,151,99,68.9,12,11,15,12,31.6,7,4,3,0,42.9
69,69,Paris S-G,Ligue 1,36,27.8,63.0,38,418,3420,38.0,88,65,153,81,7,8,79,4,76.7,70.6,55.9,126.6,877,2055,2.32,1.71,4.03,2.13,3.84,2.02,1.47,3.49,1.86,3.33,69,36,38.0,88,555,202,36.4,14.61,5.32,0.15,0.4,17.3,29,7,8,76.7,70.6,0.13,11.3,10.4,69,36,38.0,23831,26660,89.4,379833,120661,12093,12973,93.2,9125,9855,92.6,1662,2239,74.2,65,55.9,56.0,9.1,433,1844,403,51,2055,69,36,38.0,26660,24940,1627,488,94,170,459,623,201,80,34,2,23831,93,278,69,36,38.0,1018,26.79,767,56,83,54,44,14,159,4.18,119,6,18,9,6,1,69,36,38.0,607,360,229,276,102,290,599,48.4,309,330,106,224,303,910,437,14,69,36,63.0,38.0,30477,2211,7261,15653,7791,1017,30469,872,490,56.2,381,43.7,21529,108747,56045,877,815,236,554,348,23683,2032,69,36,38,3420,90,100,38.0,418,85,276,140,15,201,2.26,90,36,54,1.42,76.7,39.8,36.9,0.97,69,36,38.0,79,4,1,357,416,93,459,303,360,6,3,1,1824,262,221,54.2,69,4,38,38,3417,38.0,36,0.95,142,107,76.8,26,8,4,13,34.2,3,3,0,0,0.0
70,70,Rayo Vallecano,La Liga,28,27.5,49.9,38,418,3420,38.0,38,28,66,34,4,4,101,3,42.8,39.7,30.7,70.3,697,1312,1.0,0.74,1.74,0.89,1.63,1.13,0.81,1.93,1.04,1.85,70,28,38.0,38,500,133,26.6,13.16,3.5,0.07,0.26,18.5,27,4,4,42.8,39.7,0.08,-4.8,-5.7,70,28,38.0,12747,16933,75.3,237761,93060,5524,6408,86.2,5119,6188,82.7,1719,3277,52.5,28,30.7,35.8,-2.7,359,1012,267,109,1312,70,28,38.0,16933,14830,2020,553,38,161,862,906,190,76,76,4,12747,83,321,70,28,38.0,862,22.68,603,98,37,54,52,18,63,1.66,36,5,7,8,5,2,70,28,38.0,621,359,320,237,64,280,688,40.7,408,410,95,315,365,986,686,9,70,28,49.9,38.0,21279,2161,6591,9702,5241,734,21275,639,357,55.9,282,44.1,10829,61444,32089,697,497,151,696,371,12632,1299,70,28,38,3420,90,100,38.0,418,81,238,178,20,224,1.11,39,50,-11,-0.29,42.8,48.4,-5.6,-0.15,70,28,38.0,101,3,1,537,511,83,862,365,359,4,9,1,2110,652,655,49.9,70,2,38,38,3417,38.0,50,1.32,163,112,73.6,11,9,18,9,23.7,9,7,2,0,22.2
71,71,RB Leipzig,Bundesliga,29,25.3,56.1,34,374,3060,34.0,72,53,125,64,8,9,49,0,64.5,58.4,49.2,107.6,542,1467,2.12,1.56,3.68,1.88,3.44,1.9,1.45,3.34,1.72,3.16,71,29,34.0,72,429,169,39.4,12.62,4.97,0.15,0.38,16.3,18,8,9,64.5,58.4,0.14,7.5,5.6,71,29,34.0,16163,19771,81.8,265026,97087,7780,8702,89.4,6442,7384,87.2,1269,2311,54.9,53,49.2,56.9,3.8,329,1144,376,75,1467,71,29,34.0,19771,18099,1606,504,70,63,523,644,162,72,54,0,16163,66,315,71,29,34.0,762,22.41,551,75,44,45,42,5,129,3.79,88,10,10,7,13,1,71,29,34.0,499,289,218,222,59,219,512,42.8,293,399,81,318,349,848,523,12,71,29,56.1,34.0,23539,2043,6990,11522,5238,926,23530,561,347,61.9,213,38.0,13246,62485,31289,542,412,161,647,356,16072,1454,71,29,34,3060,90,100,34.0,374,81,220,154,22,148,1.71,72,37,35,1.03,64.5,40.1,24.5,0.72,71,29,34.0,49,0,0,360,426,66,523,349,289,5,3,1,1994,504,420,54.5,71,3,34,34,3060,34.0,37,1.09,115,79,70.4,17,7,10,10,29.4,3,3,0,0,0.0
72,72,Real Madrid,La Liga,31,27.7,59.9,38,418,3420,38.0,80,59,139,72,8,12,76,0,71.7,62.2,50.7,112.9,1029,2078,2.11,1.55,3.66,1.89,3.45,1.89,1.33,3.22,1.64,2.97,72,31,38.0,80,645,243,37.7,16.97,6.39,0.11,0.3,18.8,21,8,12,71.7,62.2,0.1,8.3,9.8,72,31,38.0,21373,24517,87.2,355560,112655,10630,11395,93.3,7948,8751,90.8,1987,2902,68.5,59,50.7,55.1,8.3,526,1694,455,57,2078,72,31,38.0,24517,22705,1706,491,71,309,611,639,218,81,50,0,21373,106,313,72,31,38.0,1195,31.45,922,68,83,56,49,17,139,3.66,102,2,13,11,8,3,72,31,38.0,560,345,281,195,84,211,502,42.0,291,379,114,265,334,894,526,17,72,31,59.9,38.0,28389,2399,8154,12038,8430,1198,28377,780,456,58.5,324,41.5,18562,96303,51714,1029,757,330,495,277,21234,2061,72,31,38,3420,90,100,38.0,418,83,256,163,19,248,2.26,80,31,49,1.29,71.7,43.9,27.8,0.73,72,31,38.0,76,0,0,394,474,106,611,334,345,10,5,0,1941,397,319,55.4,72,2,38,38,3420,38.0,31,0.82,129,97,78.3,26,8,4,16,42.1,5,3,2,0,40.0
73,73,Real Sociedad,La Liga,32,25.7,54.3,38,418,3420,38.0,40,22,62,31,9,10,77,4,51.5,43.8,32.9,76.7,667,1462,1.05,0.58,1.63,0.82,1.39,1.36,0.87,2.22,1.15,2.02,73,32,38.0,40,430,143,33.3,11.32,3.76,0.07,0.22,17.1,18,9,10,51.5,43.8,0.1,-11.5,-12.8,73,32,38.0,15403,19304,79.8,269268,98185,6964,7887,88.3,6383,7429,85.9,1569,2800,56.0,22,32.9,35.0,-10.9,313,1067,315,69,1462,73,32,38.0,19304,17333,1895,537,45,96,638,829,186,79,79,1,15403,76,352,73,32,38.0,773,20.34,530,70,56,57,46,14,69,1.82,38,3,6,12,10,0,73,32,38.0,586,339,271,234,81,260,546,47.6,286,382,105,277,348,934,703,6,73,32,54.3,38.0,23452,2574,7504,10671,5504,851,23442,670,360,53.7,310,46.3,13289,69380,36038,667,546,178,626,391,15188,1447,73,32,38,3420,90,100,38.0,418,81,235,179,19,237,1.63,40,37,3,0.08,51.5,38.7,12.8,0.34,73,32,38.0,77,4,1,491,465,76,638,348,339,8,6,0,2012,678,597,53.2,73,2,38,38,3420,38.0,37,0.97,127,89,74.8,17,11,10,20,52.6,6,5,1,0,16.7
74,74,Reims,Ligue 1,35,24.0,42.2,38,418,3420,38.0,42,27,69,38,4,6,68,7,37.7,32.8,26.0,58.8,614,1185,1.11,0.71,1.82,1.0,1.71,0.99,0.68,1.68,0.86,1.55,74,35,38.0,42,389,137,35.2,10.24,3.61,0.1,0.28,18.5,5,4,6,37.7,32.8,0.09,4.3,5.2,74,35,38.0,12097,15811,76.5,222517,84221,5187,6061,85.6,5070,6048,83.8,1511,2767,54.6,27,26.0,24.3,1.0,307,878,233,76,1185,74,35,38.0,15811,13914,1821,498,14,181,629,780,166,63,77,1,12097,76,315,74,35,38.0,692,18.21,498,59,52,32,38,13,71,1.87,46,7,4,6,8,0,74,35,38.0,615,365,328,221,66,286,629,45.5,343,460,154,306,493,1108,753,7,74,35,42.2,38.0,20184,2495,7676,8540,4230,585,20178,594,329,55.4,265,44.6,11812,67583,34288,614,455,127,701,324,11991,1174,74,35,38,3420,90,100,38.0,418,79,247,168,27,174,1.21,43,44,-1,-0.03,37.7,46.4,-8.7,-0.23,74,35,38.0,68,7,4,449,451,76,629,493,365,5,7,0,2074,453,495,47.8,74,1,38,38,3420,38.0,44,1.16,161,116,75.8,11,13,14,11,28.9,7,5,1,1,16.7
75,75,Rennes,Ligue 1,28,25.3,55.9,38,418,3420,38.0,81,61,142,77,4,4,56,2,62.8,59.6,47.1,106.7,676,1737,2.13,1.61,3.74,2.03,3.63,1.65,1.24,2.89,1.57,2.81,75,28,38.0,81,548,194,35.4,14.42,5.11,0.14,0.4,16.1,14,4,4,62.8,59.6,0.11,18.2,17.4,75,28,38.0,17605,21263,82.8,330949,109096,7052,8029,87.8,7902,8886,88.9,2224,3332,66.7,61,47.1,45.8,13.9,426,1287,367,89,1737,75,28,38.0,21263,19478,1726,436,41,199,698,766,222,61,132,0,17605,59,308,75,28,38.0,971,25.55,712,103,32,74,37,13,151,3.97,120,7,6,10,6,2,75,28,38.0,546,318,234,215,97,261,550,47.5,289,347,92,255,315,861,646,12,75,28,55.9,38.0,25210,2049,7040,12435,5946,900,25206,530,287,54.2,243,45.8,15801,85120,42452,676,536,141,587,269,17502,1723,75,28,38,3420,90,100,38.0,418,84,249,168,15,173,1.74,82,40,42,1.11,62.8,42.9,19.8,0.52,75,28,38.0,56,2,1,434,377,59,698,315,318,4,6,1,1904,547,534,50.6,75,3,38,38,3420,38.0,40,1.05,106,66,67.0,20,6,12,14,36.8,6,5,1,0,16.7
76,76,Roma,Serie A,29,26.4,51.4,38,418,3420,38.0,58,31,89,51,7,9,111,8,65.1,58.1,46.3,104.4,733,1587,1.53,0.82,2.34,1.34,2.16,1.71,1.22,2.93,1.53,2.75,76,29,38.0,58,592,184,31.1,15.58,4.84,0.09,0.28,17.3,21,7,9,65.1,58.1,0.1,-7.1,-7.1,76,29,38.0,15221,18828,80.8,286185,100442,6118,7018,87.2,6937,7898,87.8,1874,3044,61.6,31,46.3,38.3,-15.3,434,1200,332,70,1587,76,29,38.0,18828,16921,1847,548,45,136,735,748,238,130,95,0,15221,60,292,76,29,38.0,1031,27.13,695,110,60,93,56,17,94,2.47,54,9,9,13,9,0,76,29,38.0,613,362,282,253,78,283,622,45.5,339,383,82,301,385,998,552,9,76,29,51.4,38.0,22920,2037,7038,10754,5378,950,22911,631,331,52.5,299,47.4,12532,69249,35320,733,538,178,615,287,15103,1572,76,29,38,3420,90,100,38.0,418,83,262,151,19,298,1.66,59,43,16,0.42,65.1,38.4,26.8,0.7,76,29,38.0,111,8,6,500,474,60,735,385,362,5,6,2,1980,524,441,54.3,76,1,38,38,3420,38.0,43,1.13,146,104,74.0,18,9,11,15,39.5,6,5,1,0,16.7
77,77,Saint-Etienne,Ligue 1,39,25.1,48.5,38,418,3420,38.0,41,25,66,36,5,5,81,5,38.3,34.5,26.2,60.7,685,1400,1.08,0.66,1.74,0.95,1.61,1.01,0.69,1.7,0.91,1.6,77,39,38.0,41,434,141,32.5,11.42,3.71,0.08,0.26,20.0,23,5,5,38.3,34.5,0.08,2.7,1.5,77,39,38.0,13880,17876,77.6,248220,88275,6137,7086,86.6,5607,6671,84.1,1593,2972,53.6,25,26.2,26.2,-1.2,312,1058,200,62,1400,77,39,38.0,17876,15857,1968,520,39,214,697,868,178,82,65,3,13880,51,329,77,39,38.0,749,19.71,517,69,59,42,48,14,65,1.71,37,9,5,7,5,2,77,39,38.0,695,397,341,265,89,295,638,46.2,343,398,93,305,452,1147,563,10,77,39,48.5,38.0,22334,2054,7008,10845,4749,605,22329,736,397,53.9,339,46.1,12777,72054,36381,685,516,156,725,398,13788,1391,77,39,38,3420,90,100,38.0,418,79,229,185,23,155,0.84,42,77,-35,-0.92,38.3,58.2,-19.9,-0.52,77,39,38.0,81,5,1,464,441,51,697,452,397,4,8,4,2152,463,611,43.1,77,3,38,38,3417,38.0,77,2.03,189,116,63.5,7,11,20,4,10.5,8,8,0,0,0.0
78,78,Salernitana,Serie A,42,27.7,41.2,38,418,3420,38.0,32,19,51,28,4,5,94,5,36.5,32.9,24.8,57.7,528,1031,0.84,0.5,1.34,0.74,1.24,0.96,0.65,1.61,0.87,1.52,78,42,38.0,32,426,130,30.5,11.21,3.42,0.07,0.22,18.1,20,4,5,36.5,32.9,0.08,-4.5,-4.9,78,42,38.0,10680,14461,73.9,195791,85345,4826,5745,84.0,4093,5155,79.4,1387,2552,54.3,19,24.8,25.1,-5.8,305,841,222,99,1031,78,42,38.0,14461,12521,1899,576,12,90,698,695,185,56,111,1,10680,41,320,78,42,38.0,739,19.45,500,85,35,55,54,10,58,1.53,33,7,3,8,7,0,78,42,38.0,541,321,274,208,59,277,579,47.8,302,394,146,248,353,894,777,3,78,42,41.2,38.0,18655,2352,6217,8257,4416,685,18650,586,314,53.6,272,46.4,9642,51208,25814,528,429,95,616,330,10598,1021,78,42,38,3420,90,100,38.0,418,80,235,179,23,246,0.82,33,78,-45,-1.18,36.5,65.2,-28.7,-0.76,78,42,38.0,94,5,3,494,522,41,698,353,321,4,8,2,1849,657,506,56.5,78,3,38,38,3420,38.0,78,2.05,221,144,67.4,7,10,21,2,5.3,8,6,1,1,14.3
79,79,Sampdoria,Serie A,34,29.0,46.1,38,418,3420,38.0,42,29,71,40,2,4,94,4,36.7,33.4,26.2,59.6,467,1187,1.11,0.76,1.87,1.05,1.82,0.97,0.69,1.66,0.88,1.57,79,34,38.0,42,386,118,30.6,10.16,3.11,0.1,0.34,18.1,12,2,4,36.7,33.4,0.09,5.3,6.6,79,34,38.0,12901,17022,75.8,235384,91587,5582,6565,85.0,5317,6436,82.6,1566,2904,53.9,29,26.2,27.6,2.8,295,921,266,89,1187,79,34,38.0,17022,15064,1876,582,35,151,645,726,143,33,73,0,12901,82,339,79,34,38.0,680,17.89,496,65,33,41,35,10,69,1.82,47,6,3,7,5,1,79,34,38.0,562,327,277,217,68,288,629,45.8,341,383,134,249,443,1005,723,11,79,34,46.1,38.0,20985,2663,7609,9149,4408,639,20981,422,228,54.0,194,46.0,11438,53480,25783,467,358,79,543,270,12778,1175,79,34,38,3420,90,100,38.0,418,82,249,167,20,264,0.95,46,63,-17,-0.45,36.7,56.1,-19.3,-0.51,79,34,38.0,94,4,1,495,513,82,645,443,327,3,4,2,2044,609,506,54.6,79,3,38,38,3420,38.0,63,1.66,185,123,67.6,10,6,22,7,18.4,4,3,1,0,25.0
80,80,Sassuolo,Serie A,29,26.1,54.9,38,418,3420,38.0,60,39,99,53,7,7,92,4,55.7,50.2,39.0,89.2,815,1507,1.58,1.03,2.61,1.39,2.42,1.46,1.03,2.49,1.32,2.35,80,29,38.0,60,569,204,35.9,14.97,5.37,0.09,0.26,18.8,14,7,7,55.7,50.2,0.09,4.3,2.8,80,29,38.0,17027,20327,83.8,290090,104090,8123,8959,90.7,6598,7443,88.6,1724,2681,64.3,39,39.0,33.8,0.0,431,1178,316,55,1507,80,29,38.0,20327,18421,1863,629,59,179,541,612,198,96,62,1,17027,43,315,80,29,38.0,1010,26.58,795,56,72,37,38,12,104,2.74,80,4,10,2,8,0,80,29,38.0,482,271,252,163,67,236,574,41.1,338,422,127,295,314,796,664,19,80,29,54.9,38.0,24369,2657,8125,11171,5330,792,24362,678,403,59.4,275,40.6,14716,79816,42134,815,598,207,601,386,16865,1499,80,29,38,3420,90,100,38.0,418,83,251,165,17,264,1.32,64,66,-2,-0.05,55.7,66.4,-10.7,-0.28,80,29,38.0,92,4,2,461,479,43,541,314,271,6,9,1,1926,343,404,45.9,80,3,38,38,3420,38.0,66,1.74,177,111,67.2,13,11,14,3,7.9,9,8,1,0,11.1
81,81,Sevilla,La Liga,33,28.6,59.4,38,418,3420,38.0,51,40,91,49,2,3,97,4,42.4,40.0,32.5,72.5,625,1596,1.34,1.05,2.39,1.29,2.34,1.12,0.86,1.97,1.05,1.91,81,33,38.0,51,430,139,32.3,11.32,3.66,0.11,0.35,17.0,10,2,3,42.4,40.0,0.09,8.6,9.0,81,33,38.0,18327,22234,82.4,341688,109518,7686,8529,90.1,7941,8940,88.8,2275,3745,60.7,40,32.5,34.6,7.5,342,1207,305,112,1596,81,33,38.0,22234,20265,1889,526,37,312,787,844,175,11,124,2,18327,80,305,81,33,38.0,784,20.63,578,78,35,35,43,15,95,2.5,63,9,8,7,5,3,81,33,38.0,534,302,252,211,71,236,542,43.5,306,367,124,243,270,804,603,18,81,33,59.4,38.0,25980,2692,8904,11372,5872,742,25977,588,305,51.9,283,48.1,15097,68309,34977,625,517,139,589,326,18197,1580,81,33,38,3420,90,100,38.0,418,79,238,179,25,262,1.84,53,30,23,0.61,42.4,36.9,5.4,0.14,81,33,38.0,97,4,2,462,462,80,787,270,302,3,4,0,2064,595,561,51.5,81,3,38,38,3420,38.0,30,0.79,121,90,76.9,18,16,4,17,44.7,4,2,1,1,33.3
82,82,Southampton,Premier League,25,25.7,47.7,38,418,3420,38.0,41,26,67,37,4,4,65,2,44.8,41.6,32.5,74.1,728,1326,1.08,0.68,1.76,0.97,1.66,1.18,0.85,2.03,1.1,1.95,82,25,38.0,41,478,161,33.7,12.58,4.24,0.08,0.23,17.7,24,4,4,44.8,41.6,0.09,-3.8,-4.6,82,25,38.0,12505,16941,73.8,211003,80089,6089,7173,84.9,4893,6093,80.3,1112,2591,42.9,26,32.5,28.7,-6.5,353,1016,249,58,1326,82,25,38.0,16941,15115,1784,411,43,81,711,750,233,106,105,4,12505,42,343,82,25,38.0,814,21.42,585,68,43,51,49,18,71,1.87,44,5,6,4,9,3,82,25,38.0,602,340,285,243,74,248,581,42.7,333,430,132,298,446,1048,795,13,82,25,47.7,38.0,21418,2216,6541,9409,5713,830,21414,624,350,56.1,274,43.9,11085,62327,31425,728,561,197,626,366,12388,1314,82,25,38,3420,90,100,38.0,418,85,307,110,19,232,1.05,43,67,-24,-0.63,44.8,60.0,-15.2,-0.4,82,25,38.0,65,2,1,402,363,42,711,446,340,4,2,2,2224,672,726,48.1,82,3,38,38,3420,38.0,67,1.76,183,118,64.5,9,13,16,8,21.1,2,2,0,0,0.0
83,83,Spezia,Serie A,30,24.4,42.7,38,418,3420,38.0,38,25,63,35,3,5,88,4,40.1,36.2,27.9,64.1,511,999,1.0,0.66,1.66,0.92,1.58,1.05,0.73,1.79,0.95,1.69,83,30,38.0,38,381,127,33.3,10.03,3.34,0.09,0.28,18.7,17,3,5,40.1,36.2,0.1,-2.1,-1.2,83,30,38.0,11650,15503,75.1,210448,83575,5218,6112,85.4,4666,5591,83.5,1421,2833,50.2,25,27.9,22.7,-2.9,280,827,209,60,999,83,30,38.0,15503,13609,1817,509,32,92,534,731,152,76,58,2,11650,77,318,83,30,38.0,663,17.45,469,59,45,40,38,12,61,1.61,39,4,3,9,3,3,83,30,38.0,580,343,301,205,74,266,585,45.5,319,465,176,289,372,952,736,8,83,30,42.7,38.0,19686,2657,7663,8066,4175,585,19681,546,292,53.5,254,46.5,10353,53481,25772,511,390,129,649,353,11519,992,83,30,38,3420,90,100,38.0,418,82,278,137,23,268,0.95,41,71,-30,-0.79,40.1,64.4,-24.3,-0.64,83,30,38.0,88,4,1,508,439,77,534,372,343,4,13,3,1994,530,589,47.4,83,3,38,38,3420,38.0,71,1.87,208,139,70.7,10,6,22,7,18.4,13,10,1,2,9.1
84,84,Strasbourg,Ligue 1,26,27.0,49.5,38,418,3420,38.0,56,40,96,50,6,8,72,3,55.6,49.4,39.6,89.0,573,1589,1.47,1.05,2.53,1.32,2.37,1.46,1.04,2.51,1.3,2.34,84,26,38.0,56,470,150,31.9,12.37,3.95,0.11,0.33,16.8,10,6,8,55.6,49.4,0.11,0.4,0.6,84,26,38.0,14576,18653,78.1,269517,97463,6112,7060,86.6,6190,7296,84.8,1856,3259,56.9,40,39.6,41.9,0.4,348,1184,334,108,1589,84,26,38.0,18653,16798,1794,449,47,212,797,807,180,37,121,2,14576,61,296,84,26,38.0,810,21.32,588,82,30,55,43,12,98,2.58,70,5,5,10,8,0,84,26,38.0,660,392,302,257,101,293,626,46.8,333,380,93,287,433,1093,563,6,84,26,49.5,38.0,22693,2019,6434,10911,5563,830,22685,498,272,54.6,226,45.4,13461,70285,35497,573,474,117,589,300,14474,1579,84,26,38,3420,90,100,38.0,418,84,270,145,18,180,1.66,60,43,17,0.45,55.6,43.5,12.1,0.32,84,26,38.0,72,3,1,497,400,61,797,433,392,6,4,1,2092,654,521,55.7,84,2,38,38,3420,38.0,43,1.13,131,89,70.2,17,12,9,14,36.8,4,4,0,0,0.0
85,85,Stuttgart,Bundesliga,34,23.0,50.7,34,374,3060,34.0,40,31,71,39,1,3,64,2,43.7,41.4,33.1,74.5,571,1269,1.18,0.91,2.09,1.15,2.06,1.29,0.97,2.26,1.22,2.19,85,34,34.0,40,449,153,34.1,13.21,4.5,0.09,0.25,17.5,10,1,3,43.7,41.4,0.09,-3.7,-2.4,85,34,34.0,13753,17353,79.3,244827,91553,6094,7015,86.9,5735,6674,85.9,1484,2611,56.8,31,33.1,37.8,-2.1,337,976,239,60,1269,85,34,34.0,17353,15564,1736,452,42,192,549,762,148,29,98,1,13753,53,305,85,34,34.0,794,23.35,552,77,52,57,42,14,70,2.06,43,8,5,10,4,0,85,34,34.0,532,307,231,236,65,241,530,45.5,289,386,124,262,345,877,708,8,85,34,50.7,34.0,21548,2343,7263,10064,4479,666,21545,693,372,53.7,321,46.3,12162,62523,31412,571,420,137,707,302,13666,1262,85,34,34,3060,90,100,34.0,374,83,240,135,20,170,0.97,41,59,-18,-0.53,43.7,54.0,-10.2,-0.3,85,34,34.0,64,2,1,369,418,53,549,345,307,1,4,1,2021,586,451,56.5,85,2,34,34,3060,34.0,59,1.74,163,105,66.3,7,12,15,4,11.8,4,4,0,0,0.0
86,86,Torino,Serie A,31,25.2,53.3,38,418,3420,38.0,43,27,70,37,6,6,89,3,48.7,44.1,36.3,80.4,628,1320,1.13,0.71,1.84,0.97,1.68,1.28,0.96,2.24,1.16,2.12,86,31,38.0,43,470,142,30.2,12.37,3.74,0.08,0.26,17.3,16,6,6,48.7,44.1,0.1,-5.7,-7.1,86,31,38.0,13943,18082,77.1,249442,87682,6255,7220,86.6,5904,6933,85.2,1434,2885,49.7,27,36.3,31.3,-9.3,364,1153,271,95,1320,86,31,38.0,18082,16280,1718,519,28,118,663,699,168,80,55,0,13943,84,331,86,31,38.0,827,21.76,589,92,35,61,41,9,74,1.95,50,3,6,9,5,1,86,31,38.0,531,314,223,234,74,228,440,51.8,212,375,108,267,423,954,651,4,86,31,53.3,38.0,22240,1992,6337,10386,5725,744,22234,512,295,57.6,216,42.2,12481,64081,31432,628,538,156,643,286,13797,1302,86,31,38,3420,90,100,38.0,418,81,253,163,22,284,1.32,46,41,5,0.13,48.7,38.9,9.8,0.26,86,31,38.0,89,3,2,636,460,84,663,423,314,4,11,0,2113,781,891,46.7,86,3,38,38,3420,38.0,41,1.08,124,81,74.2,13,11,14,9,23.7,11,9,2,0,18.2
87,87,Tottenham,Premier League,25,26.5,51.8,38,418,3420,38.0,63,50,113,58,5,5,69,1,61.2,57.3,47.0,104.4,791,1459,1.66,1.32,2.97,1.53,2.84,1.61,1.24,2.85,1.51,2.75,87,25,38.0,63,486,185,38.1,12.79,4.87,0.12,0.31,16.7,16,5,5,61.2,57.3,0.12,1.8,0.7,87,25,38.0,17204,20696,83.1,283871,93464,8270,9143,90.5,6856,7812,87.8,1376,2371,58.0,50,47.0,41.3,3.0,379,1172,338,81,1459,87,25,38.0,20696,18976,1658,430,88,133,632,676,193,78,62,0,17204,62,332,87,25,38.0,882,23.21,678,51,46,61,37,9,117,3.08,95,3,4,8,6,1,87,25,38.0,598,349,286,244,68,262,584,44.9,322,470,161,309,355,953,793,15,87,25,51.8,38.0,24853,2515,8010,11453,5627,864,24848,667,375,56.2,291,43.6,15122,82037,42338,791,596,195,588,341,17097,1450,87,25,38,3420,90,100,38.0,418,85,311,106,18,236,1.87,69,40,29,0.76,61.2,39.3,21.9,0.58,87,25,38.0,69,1,1,386,406,62,632,355,349,3,2,1,1893,560,500,52.8,87,1,38,38,3420,38.0,40,1.05,137,98,72.3,22,5,11,16,42.1,2,2,0,0,0.0
88,88,Troyes,Ligue 1,35,27.1,44.4,38,418,3420,38.0,35,23,58,29,6,7,75,6,39.2,33.8,27.0,60.8,598,1216,0.92,0.61,1.53,0.76,1.37,1.03,0.71,1.74,0.89,1.6,88,35,38.0,35,379,120,31.7,9.97,3.16,0.08,0.24,18.7,9,6,7,39.2,33.8,0.09,-4.2,-4.8,88,35,38.0,13093,16828,77.8,232760,90537,6026,6920,87.1,5156,6130,84.1,1466,2726,53.8,23,27.0,27.0,-4.0,285,937,216,85,1216,88,35,38.0,16828,14916,1859,534,26,163,708,750,161,113,35,0,13093,53,313,88,35,38.0,668,17.58,472,60,44,43,38,11,54,1.42,33,4,2,9,6,0,88,35,38.0,636,351,351,221,64,285,625,45.6,340,375,107,268,430,1066,656,8,88,35,44.4,38.0,20860,2469,7825,9020,4253,534,20853,586,318,54.3,268,45.7,13005,68621,33290,598,455,96,588,322,12988,1209,88,35,38,3420,90,100,38.0,418,82,253,164,20,170,1.0,37,53,-16,-0.42,39.2,50.8,-11.5,-0.3,88,35,38.0,75,6,3,442,473,53,708,430,351,7,10,2,1987,417,460,47.5,88,2,38,38,3420,38.0,53,1.39,159,108,73.0,9,11,18,9,23.7,10,10,0,0,0.0
89,89,Udinese,Serie A,29,26.2,42.7,38,418,3420,38.0,58,36,94,55,3,4,95,6,51.3,48.2,36.6,84.8,669,1226,1.53,0.95,2.47,1.45,2.39,1.35,0.96,2.31,1.27,2.23,89,29,38.0,58,505,181,35.8,13.29,4.76,0.11,0.3,17.8,19,3,4,51.3,48.2,0.1,6.7,6.8,89,29,38.0,11650,15251,76.4,201058,80592,5511,6357,86.7,4617,5570,82.9,1128,2322,48.6,36,36.6,29.9,-0.6,375,905,280,54,1226,89,29,38.0,15251,13384,1789,523,37,80,519,688,187,64,75,1,11650,78,297,89,29,38.0,860,22.63,582,88,58,68,51,13,92,2.42,54,8,8,13,8,1,89,29,38.0,622,350,282,271,69,284,643,44.2,359,432,122,310,351,973,671,12,89,29,42.7,38.0,19617,2307,6580,8424,4863,847,19613,680,363,53.4,316,46.5,10325,57488,30348,669,464,205,653,334,11548,1219,89,29,38,3420,90,100,38.0,418,82,259,155,21,269,1.24,61,58,3,0.08,51.3,52.4,-1.0,-0.03,89,29,38.0,95,6,3,564,461,78,519,351,350,4,7,1,2027,453,534,45.9,89,2,38,38,3420,38.0,58,1.53,162,105,67.3,11,14,13,8,21.1,7,5,0,2,0.0
90,90,Union Berlin,Bundesliga,28,28.3,43.7,34,374,3060,34.0,50,33,83,45,5,5,62,1,47.0,43.3,31.5,74.8,429,1123,1.47,0.97,2.44,1.32,2.29,1.38,0.93,2.31,1.27,2.2,90,28,34.0,50,408,149,36.5,12.0,4.38,0.11,0.3,16.2,7,5,5,47.0,43.3,0.11,3.0,1.7,90,28,34.0,10673,14818,72.0,204003,82846,4154,5080,81.8,4744,5871,80.8,1458,2914,50.0,33,31.5,31.7,1.5,299,815,248,111,1123,90,28,34.0,14818,13166,1588,366,31,59,663,742,138,49,71,2,10673,64,325,90,28,34.0,688,20.24,496,61,30,58,36,7,70,2.06,49,2,6,11,2,0,90,28,34.0,538,296,266,223,49,268,568,47.2,300,322,90,232,376,914,657,7,90,28,43.7,34.0,18570,2048,6538,8339,3889,646,18565,413,244,59.1,168,40.7,9551,48478,22821,429,282,105,572,231,10576,1114,90,28,34,3060,90,100,34.0,374,83,220,154,18,151,1.68,50,44,6,0.18,47.0,38.5,8.5,0.25,90,28,34.0,62,1,1,423,333,64,663,376,296,2,2,4,1975,584,681,46.2,90,2,34,34,3060,34.0,44,1.29,122,82,65.6,16,9,9,8,23.5,2,2,0,0,0.0
91,91,Valencia,La Liga,34,24.8,43.6,38,418,3420,38.0,45,30,75,37,8,9,134,8,39.0,32.2,25.4,57.6,554,1202,1.18,0.79,1.97,0.97,1.76,1.03,0.67,1.69,0.85,1.52,91,34,38.0,45,394,129,32.7,10.37,3.39,0.09,0.29,18.9,18,8,9,39.0,32.2,0.08,6.0,4.8,91,34,38.0,9627,13777,69.9,187440,77723,3923,4782,82.0,3835,4951,77.5,1506,3098,48.6,30,25.4,27.4,4.6,288,900,256,75,1202,91,34,38.0,13777,11686,2039,664,32,227,766,811,175,73,63,3,9627,52,289,91,34,38.0,718,18.89,479,93,45,26,64,11,83,2.18,53,8,7,3,11,1,91,34,38.0,591,363,289,217,85,266,623,42.7,357,373,93,280,338,929,746,8,91,34,43.6,38.0,17905,1994,5790,7525,4822,630,17896,642,360,56.1,282,43.9,9186,52453,27482,554,449,109,656,294,9503,1187,91,34,38,3420,90,100,38.0,418,81,235,179,20,246,1.26,48,53,-5,-0.13,39.0,47.7,-8.7,-0.23,91,34,38.0,134,8,6,641,586,52,766,338,363,8,8,3,2079,564,599,48.5,91,3,38,38,3420,38.0,53,1.39,163,112,71.8,11,15,12,12,31.6,8,7,1,0,12.5
92,92,Venezia,Serie A,39,26.1,42.3,38,418,3420,38.0,34,23,57,31,3,5,110,9,36.5,32.4,26.4,58.8,540,1088,0.89,0.61,1.5,0.82,1.42,0.96,0.69,1.66,0.85,1.55,92,39,38.0,34,349,113,32.4,9.18,2.97,0.09,0.27,18.2,22,3,5,36.5,32.4,0.09,-2.5,-1.4,92,39,38.0,11575,15320,75.6,214514,84877,4947,5783,85.5,4826,5800,83.2,1487,2780,53.5,23,26.4,23.4,-3.4,250,802,215,77,1088,92,39,38.0,15320,13487,1772,493,27,113,585,714,123,57,54,0,11575,61,335,92,39,38.0,617,16.24,440,56,30,31,46,14,57,1.5,41,4,1,5,6,0,92,39,38.0,613,352,325,217,71,273,626,43.6,353,495,202,293,388,1001,865,13,92,39,42.3,38.0,19705,2975,8135,7823,3969,548,19701,577,300,52.0,276,47.8,10506,57625,29460,540,378,103,609,313,11485,1075,92,39,38,3420,90,100,38.0,418,79,229,183,24,264,0.71,34,69,-35,-0.92,36.5,71.8,-35.3,-0.93,92,39,38.0,110,9,2,522,457,61,585,388,352,5,12,2,1942,564,583,49.2,92,3,38,38,3420,38.0,69,1.82,228,161,74.6,6,9,23,4,10.5,12,11,0,1,0.0
93,93,Villarreal,La Liga,29,28.0,56.8,38,418,3420,38.0,62,51,113,57,5,6,81,1,64.2,60.0,50.9,110.9,790,1698,1.63,1.34,2.97,1.5,2.84,1.69,1.34,3.03,1.58,2.92,93,29,38.0,62,449,164,36.5,11.82,4.32,0.13,0.35,15.3,8,5,6,64.2,60.0,0.14,-2.2,-3.0,93,29,38.0,16679,20401,81.8,294002,103203,7388,8290,89.1,7135,8109,88.0,1669,2743,60.8,51,50.9,49.9,0.1,363,1278,349,66,1698,93,29,38.0,20401,18435,1875,582,90,166,574,737,200,92,44,2,16679,91,396,93,29,38.0,800,21.05,593,73,57,38,28,11,112,2.95,73,12,11,10,5,1,93,29,38.0,538,312,250,197,91,229,476,48.1,247,330,109,221,329,867,644,16,93,29,56.8,38.0,24258,2439,7743,10778,5950,974,24252,746,450,60.3,296,39.7,14622,78519,42169,790,483,240,570,332,16415,1683,93,29,38,3420,90,100,38.0,418,81,235,183,21,234,1.55,63,37,26,0.68,64.2,44.8,19.4,0.51,93,29,38.0,81,1,1,472,459,91,574,329,312,3,5,1,1946,491,437,52.9,93,2,38,38,3420,38.0,37,0.97,128,91,74.2,16,11,11,14,36.8,5,4,1,0,20.0
94,94,Watford,Premier League,30,28.4,40.7,38,418,3420,38.0,33,26,59,32,1,2,63,3,40.0,38.4,32.5,70.9,557,1070,0.87,0.68,1.55,0.84,1.53,1.05,0.86,1.91,1.01,1.87,94,30,38.0,33,397,123,31.0,10.45,3.24,0.08,0.26,18.1,24,1,2,40.0,38.4,0.1,-7.0,-6.4,94,30,38.0,10423,14640,71.2,193942,80054,4505,5496,82.0,4270,5325,80.2,1330,2903,45.8,26,32.5,22.4,-6.5,298,834,213,70,1070,94,30,38.0,14640,12800,1787,394,35,101,610,808,161,90,50,4,10423,53,317,94,30,38.0,693,18.24,475,59,48,43,52,16,57,1.5,36,5,4,7,3,2,94,30,38.0,614,356,341,213,60,278,626,44.4,348,440,148,292,444,1058,899,19,94,30,40.7,38.0,19161,2469,7245,7827,4328,625,19159,751,395,52.6,356,47.4,9428,51370,24863,557,380,148,639,389,10320,1057,94,30,38,3420,90,100,38.0,418,84,309,106,23,234,0.61,34,77,-43,-1.13,40.0,64.5,-24.5,-0.64,94,30,38.0,63,3,3,442,352,53,610,444,356,2,7,3,2154,711,749,48.7,94,2,38,38,3420,38.0,77,2.03,188,113,62.2,6,5,27,4,10.5,7,6,1,0,14.3
95,95,West Ham,Premier League,25,28.2,47.9,38,418,3420,38.0,58,46,104,54,4,6,52,3,51.4,46.8,37.4,84.2,646,1449,1.53,1.21,2.74,1.42,2.63,1.35,0.99,2.34,1.23,2.22,95,25,38.0,58,443,142,32.1,11.66,3.74,0.12,0.38,16.6,13,4,6,51.4,46.8,0.11,6.6,7.2,95,25,38.0,14326,18378,78.0,251152,89191,6627,7493,88.4,5789,6856,84.4,1479,2906,50.9,46,37.4,32.4,8.6,320,1106,271,87,1449,95,25,38.0,18378,16647,1672,309,29,146,802,770,200,135,43,1,14326,59,353,95,25,38.0,770,20.26,569,68,47,50,28,8,102,2.68,72,10,5,9,5,1,95,25,38.0,534,301,273,199,62,240,557,43.1,317,420,175,245,374,908,781,5,95,25,47.9,38.0,22331,2444,7012,9992,5543,810,22325,545,306,56.1,239,43.9,12622,68100,32664,646,479,171,520,294,14229,1437,95,25,38,3420,90,100,38.0,418,86,320,95,17,247,1.47,60,51,9,0.24,51.4,53.5,-2.1,-0.06,95,25,38.0,52,3,2,323,276,59,802,374,301,3,6,2,1970,639,628,50.4,95,2,38,38,3420,38.0,51,1.34,165,113,70.3,16,8,14,8,21.1,6,2,3,1,60.0
96,96,Wolfsburg,Bundesliga,30,26.0,50.5,34,374,3060,34.0,42,25,67,39,3,4,61,3,47.7,44.9,33.8,78.7,502,1220,1.24,0.74,1.97,1.15,1.88,1.4,1.0,2.4,1.32,2.31,96,30,34.0,42,416,137,32.9,12.24,4.03,0.09,0.28,17.9,19,3,4,47.7,44.9,0.11,-5.7,-5.9,96,30,34.0,12596,16439,76.6,238876,90051,4894,5882,83.2,5811,6785,85.6,1568,2774,56.5,25,33.8,38.8,-8.8,295,862,253,69,1220,96,30,34.0,16439,14701,1664,455,44,153,619,721,147,100,34,1,12596,74,289,96,30,34.0,723,21.26,502,70,43,51,51,6,68,2.0,47,3,3,8,7,0,96,30,34.0,539,298,278,201,60,257,540,47.6,283,388,103,285,388,927,740,9,96,30,50.5,34.0,20456,2349,7267,9364,4020,633,20452,541,319,59.0,222,41.0,11258,55405,26778,502,364,99,603,284,12511,1212,96,30,34,3060,90,100,34.0,374,82,232,139,21,161,1.24,43,54,-11,-0.32,47.7,47.3,0.4,0.01,96,30,34.0,61,3,1,411,415,74,619,388,298,3,7,1,1984,621,522,54.3,96,2,34,34,3060,34.0,54,1.59,156,101,67.9,12,6,16,11,32.4,7,4,2,1,33.3
97,97,Wolves,Premier League,26,27.3,49.5,38,418,3420,38.0,35,22,57,34,1,1,62,2,37.5,36.8,26.4,63.2,723,1283,0.92,0.58,1.5,0.89,1.47,0.99,0.69,1.68,0.97,1.66,97,26,38.0,35,401,133,33.2,10.55,3.5,0.08,0.26,18.6,13,1,1,37.5,36.8,0.09,-2.5,-2.8,97,26,38.0,15253,19103,79.8,275607,92814,6533,7415,88.1,6610,7664,86.2,1718,3005,57.2,22,26.4,23.4,-4.4,294,1096,212,57,1283,97,26,38.0,19103,17380,1662,420,58,151,587,718,168,41,86,6,15253,61,329,97,26,38.0,692,18.21,496,44,65,37,31,19,58,1.53,37,4,5,8,2,2,97,26,38.0,673,377,377,242,54,273,671,40.7,398,437,135,302,389,1062,820,20,97,26,49.5,38.0,23334,2657,8472,10204,4887,703,23333,771,450,58.4,321,41.6,12837,69338,36188,723,522,190,598,341,15117,1262,97,26,38,3420,90,100,38.0,418,86,310,107,16,230,1.34,38,43,-5,-0.13,37.5,56.9,-19.4,-0.51,97,26,38.0,62,2,2,366,335,61,587,389,377,1,10,1,2104,461,490,48.5,97,2,38,38,3420,38.0,43,1.13,167,125,79.6,15,6,17,11,28.9,10,9,0,1,0.0
